week_num,Pools_Tested,Positive_Pools,Total_Tested,MIR,Avg_TMAX,Total_PRCP,week_num.y.y,Hrs_Above_80_lag,Hrs_Above_75_lag,Hrs_Below_50_lag,Hrs_Between_50_86_lag,Avg_HourlyDryBulbTemp_lag,Avg_HourlyWetBulbTemp_lag,Hrs_Below_50_current,Avg_HourlyRelativeHumidity_current,Avg_HourlyWetBulbTemperature_current,Avg_HourlyWindSpeed_current,None.x,D0.x,D1.x,D2.x,D3.x,D4.x,DSCI_fema,None.y,D0.y,D1.y,D2.y,D3.y,D4.y,DSCI_ma,average_daylight_hours,Average_MEL,Total_MEL,Total_All,MEL_Prop
2007-22,10,0,301,0,80.57142857142857,0,2007-21,30,42,61,155,60.8590308370044,53.11453744493391,14,72.5450980392157,59.20000000000001,4.136986301369865,100,0,0,0,0,0,0,100,0,0,0,0,0,0,-9.01055555555556,NA,281,349,0.8051575931232091
2007-23,74,0,2963,0,80.71428571428571,0.8300000000000001,2007-22,24,47,14,237,65.24705882352941,59.20000000000001,6,78.43959731543626,59.56375838926174,5.344202898550728,100,0,0,0,0,0,0,100,0,0,0,0,0,0,-8.88257936507937,112.16666666666669,1652,3331,0.4959471630141099
2007-24,21,0,600,0,73.57142857142857,1.17,2007-23,0,11,6,292,63.741610738255034,59.56375838926174,20,73.1094890510949,57.02919708029198,5.865168539325841,100,0,0,0,0,0,0,100,0,0,0,0,0,0,-8.80325396825397,NA,500,659,0.7587253414264037
2007-25,74,0,2336,0,74,0.3,2007-24,11,28,20,252,62.416058394160586,57.02919708029198,5,65.74883720930231,60.10697674418604,4.990566037735851,100,0,0,0,0,0,0,100,0,0,0,0,0,0,-8.77535714285714,165.66666666666666,998,2500,0.3992
2007-26,65,0,2309,0,79.57142857142857,0.33999999999999997,2007-25,16,43,5,210,67.79069767441861,60.10697674418604,0,64.2673796791444,65.91978609625667,5.950276243093922,100,0,0,0,0,0,0,100,0,0,0,0,0,0,-8.80031746031746,11.166666666666668,410,4246,0.09656146961846444
2007-27,62,1,1894,0.5279831045406547,86.14285714285714,0.27,2007-26,54,81,0,167,74.45989304812835,65.91978609625667,16,70.35999999999999,62.25200000000001,5.465587044534413,90.55,9.45,0,0,0,0,9.45,100,0,0,0,0,0,0,-8.8765873015873,15.857142857142858,302,2336,0.1292808219178082
2007-28,94,0,2860,0,83.85714285714286,1.41,2007-27,32,63,16,224,69.06400000000002,62.25200000000001,0,73.47014925373134,67.77611940298507,5.015503875968994,86.87,13.13,0,0,0,0,13.13,100,0,0,0,0,0,0,-9.00126984126984,27.333333333333336,928,3190,0.2909090909090909
2007-29,108,0,3967,0,88.28571428571429,0.17,2007-28,71,134,0,256,74.05597014925374,67.77611940298507,0,75.21472392638036,66.73926380368098,3.083076923076921,90.87,9.13,0,0,0,0,9.13,100,0,0,0,0,0,0,-9.16916666666667,61.900000000000006,1507,4598,0.3277511961722488
2007-30,80,1,2642,0.3785011355034065,83.42857142857143,1.09,2007-29,35,115,0,322,72.33435582822086,66.73926380368098,0,73.77935943060498,68.29893238434164,3.8327402135231305,90.87,9.13,0,0,0,0,9.13,100,0,0,0,0,0,0,-9.37440476190476,27.75,638,3087,0.20667314544865564
2007-31,93,1,2693,0.3713330857779428,86.57142857142857,0.51,2007-30,67,131,0,261,74.4982206405694,68.29893238434164,0,72.5543071161049,69.09737827715355,3.1908396946564883,86.45,13.55,0,0,0,0,13.55,100,0,0,0,0,0,0,-6.18234126984127,70.25,1170,2692,0.4346210995542348
2007-32,101,3,2590,1.1583011583011582,90.14285714285714,1.6300000000000001,2007-31,81,121,0,233,75.9625468164794,69.09737827715355,0,74.1146953405018,64.3763440860215,3.3906810035842256,80.69,19.31,0,0,0,0,19.31,100,0,0,0,0,0,0,14.127380952381,21.09090909090909,843,2226,0.3787061994609165
2007-33,102,5,2263,2.209456473707468,83,0.52,2007-32,44,115,0,270,70.24731182795699,64.3763440860215,20,74.05535055350553,62.06666666666666,3.44943820224719,100,0,0,0,0,0,0,100,0,0,0,0,0,0,13.8461507936508,15.09090909090909,730,2307,0.3164282618118769
2007-34,94,1,1527,0.6548788474132285,82.85714285714286,0.37000000000000005,2007-33,30,84,20,249,67.76014760147602,62.06666666666666,3,75.11846689895471,61.67482517482517,2.993006993006998,100,0,0,0,0,0,0,100,0,0,0,0,0,0,13.5496825396825,9.666666666666668,391,1633,0.23943661971830985
2007-35,79,3,1363,2.201027146001467,81.85714285714286,0.04,2007-34,33,68,3,276,67.01393728222993,61.67482517482517,36,73.92168674698794,57.97289156626507,1.7710843373493987,87.93,12.07,0,0,0,0,12.07,100,0,0,0,0,0,0,13.2421428571429,15,552,1474,0.3744911804613298
2007-36,45,1,725,1.379310344827586,85.57142857142857,0.04,2007-35,45,71,36,289,63.74698795180723,57.97289156626507,27,70.9531914893617,59.94042553191488,4.329059829059832,80.11,19.89,3.37,0,0,0,23.26,0,100,0,0,0,0,100,12.9265873015873,12.666666666666668,181,622,0.2909967845659164
2007-37,55,2,1125,1.777777777777778,82.85714285714286,0.01,2007-36,31,58,27,201,66.32765957446809,59.94042553191488,109,78.0183486238532,54.31901840490798,2.9388379204892945,82.13,17.87,3.37,0,0,0,21.24,0,100,0,0,0,0,100,12.6056746031746,19.88888888888889,286,717,0.398884239888424
2007-38,32,0,373,0,73.85714285714286,1.73,2007-37,0,24,109,218,58.333333333333314,54.31901840490798,166,78.99061032863851,51.725352112676035,2.0635294117647067,83,17,0,0,0,0,17,0,100,0,0,0,0,100,12.2813888888889,7.857142857142857,196,373,0.5254691689008043
2007-39,34,1,378,2.6455026455026456,76.57142857142857,0.01,2007-38,13,32,166,260,55.55399061032868,51.725352112676035,37,69.2699115044248,59.85840707964603,4.464601769911506,73.32,26.68,5.93,0,0,0,32.61,0,100,0,0,0,0,100,11.9556746031746,10.75,160,335,0.47761194029850745
2007-40,17,1,179,5.58659217877095,81.42857142857143,0.19,2007-39,23,59,37,186,66.55752212389379,59.85840707964603,87,77.9055374592834,57.47231270358304,2.242622950819671,47.13,52.87,5.93,0,0,0,58.8,0,100,0,0,0,0,100,11.6304761904762,8.5,128,160,0.8
2007-41,5,0,189,0,79.42857142857143,0.03,2007-40,19,40,87,220,61.78827361563516,57.47231270358304,30,77.50508474576273,54.95932203389832,3.8440677966101666,41.41,58.59,16.11,0,0,0,74.7,0,100,100,0,0,0,200,11.3077777777778,79,189,189,1
2008-23,3,0,112,0,75.14285714285714,0.13,2008-22,2,16,28,165,60.98445595854922,54.07253886010362,10,80.33779264214047,57.56856187290971,4.214046822742474,100,0,0,0,0,0,0,100,0,0,0,0,0,0,-8.90222222222222,10.133333333333333,217,1620,0.1339506172839506
2008-24,22,0,733,0,76,0.5199999999999999,2008-23,28,45,10,277,61.8361204013378,57.56856187290971,4,68.85964912280701,62.75,3.486842105263158,59.32,40.68,0,0,0,0,40.68,0,100,0,0,0,0,100,-8.81369047619048,26.22222222222222,392,2594,0.15111796453353893
2008-25,5,0,128,0,86.14285714285714,0.33,2008-24,55,76,4,201,70.47807017543862,62.75,2,77.69964664310955,59.90106007067137,3.9010600706713787,70.22,29.78,0,0,0,0,29.78,0,100,0,0,0,0,100,-8.77642857142857,21.2,205,1449,0.1414768806073154
2008-26,17,0,627,0,78.14285714285714,1.28,2008-25,8,33,2,281,64.60424028268551,59.90106007067137,0,80.23569023569024,66.33670033670033,3.31615120274914,74.06,25.94,0,0,0,0,25.94,0,100,0,0,0,0,100,-8.79194444444444,13.22222222222222,383,2987,0.12822229661868095
2008-27,39,0,1798,0,83,0.31000000000000005,2008-26,25,84,0,292,70.74074074074073,66.33670033670033,0,80.14878892733563,66.42906574394463,3.445993031358884,94.35,5.65,0,0,0,0,5.65,99.98,0.02,0,0,0,0,0.02,-8.85920634920635,22.875,601,3662,0.1641179683233206
2008-28,31,0,1295,0,81.42857142857143,0.29000000000000004,2008-27,45,68,0,289,70.91003460207614,66.42906574394463,0,69.65238095238095,67.42380952380952,6.090476190476191,94.35,5.65,0,0,0,0,5.65,99.98,0.02,0,0,0,0,0.02,-8.97547619047619,11.454545454545457,253,4245,0.05959952885747938
2008-29,36,0,1576,0,85.57142857142857,0,2008-28,73,103,0,207,74.80952380952381,67.42380952380952,0,75.84848484848484,65.76094276094277,2.983108108108112,94.35,5.65,0,0,0,0,5.65,99.98,0.02,0,0,0,0,0.02,-9.13607142857143,2.9,81,2551,0.03175225401803214
2008-30,35,1,1508,0.6631299734748011,91.42857142857143,0,2008-29,82,117,0,260,71.85185185185185,65.76094276094277,0,81.31104651162791,67.41860465116278,5.17732558139535,93.64,6.36,0,0,0,0,6.36,99.98,0.02,0,0,0,0,0.02,-9.33507936507936,5.5555555555555545,133,1438,0.09248956884561892
2008-31,26,2,1034,1.9342359767891684,84,4.12,2008-30,36,95,0,337,71.61337209302326,67.41860465116278,0,79.27392739273927,65.81848184818482,2.481848184818481,100,0,0,0,0,0,0,100,0,0,0,0,0,0,-9.56623015873016,10.875,124,1055,0.11753554502369667
2008-32,43,1,1569,0.6373486297004461,86,0.22,2008-31,54,83,0,299,70.71617161716172,65.81848184818482,0,82.7469512195122,61.77743902439025,2.4907975460122733,100,0,0,0,0,0,0,100,0,0,0,0,0,0,10.7475793650794,12.333333333333334,157,2599,0.06040784917275875
2008-33,72,6,2639,2.2735884804850324,78.28571428571429,0.5399999999999999,2008-32,7,37,0,328,65.28658536585367,61.77743902439025,0,81.05329153605014,61.655172413793096,2.711598746081503,100,0,0,0,0,0,0,100,0,0,0,0,0,0,13.8979761904762,6.111111111111111,224,2566,0.08729540140296181
2008-34,61,3,1914,1.567398119122257,79.71428571428571,0.8200000000000001,2008-33,11,48,0,319,65.67398119122258,61.655172413793096,20,77.38078291814949,57.53024911032029,2.7829181494661954,100,0,0,0,0,0,0,100,0,0,0,0,0,0,13.6040079365079,14.75,176,2128,0.08270676691729323
2008-35,44,2,1305,1.5325670498084292,81.42857142857143,0.39,2008-34,18,49,20,261,62.41637010676157,57.53024911032029,20,76.4131274131274,59.99227799227799,3.1274131274131283,100,0,0,0,0,0,0,100,0,0,0,0,0,0,13.2982142857143,6.7,202,1909,0.10581456259821896
2008-36,46,2,1299,1.539645881447267,78.85714285714286,0.08999999999999998,2008-35,14,45,20,239,65.05019305019304,59.99227799227799,0,79.92926045016077,64.9549839228296,4.7749196141479135,100,0,0,0,0,0,0,100,0,0,0,0,0,0,12.9838492063492,12.125,273,1410,0.19361702127659575
2008-37,35,3,945,3.1746031746031744,82.14285714285714,3.3,2008-36,26,110,0,310,69.40836012861737,64.9549839228296,60,84.39457831325302,58.84036144578312,3.225903614457834,100,0,0,0,0,0,0,100,0,0,0,0,0,0,12.6636904761905,12.375,313,1079,0.29008341056533826
2008-38,53,6,1591,3.771213073538655,74,1.48,2008-37,0,12,60,272,61.83734939759036,58.84036144578312,112,81.15548780487805,51.13109756097562,1.9786585365853686,100,0,0,0,0,0,0,100,0,0,0,0,0,0,12.339880952381,32.857142857142854,317,1671,0.18970676241771395
2008-39,12,0,348,0,72.28571428571429,0.01,2008-38,7,16,112,216,54.6737804878049,51.13109756097562,141,86.92289156626505,54.783132530120525,2.561445783132529,100,0,0,0,0,0,0,100,0,0,0,0,0,0,12.0143650793651,12.166666666666668,202,334,0.6047904191616766
2008-40,20,3,602,4.983388704318936,68.28571428571429,4.42,2008-39,0,0,141,274,57.043373493975906,54.783132530120525,72,81.90064102564104,53.676282051282044,3.192307692307695,100,0,0,0,0,0,0,100,0,0,0,0,0,0,11.6888888888889,8.5,167,662,0.25226586102719034
2008-41,7,2,173,11.560693641618496,66.14285714285714,0.27,2008-40,0,0,72,240,56.830128205128226,53.676282051282044,155,77.56043956043955,45,2.34798534798535,100,0,0,0,0,0,0,100,0,0,0,0,0,0,11.3655555555556,26,49,141,0.3475177304964539
2009-26,17,0,592,0,70.42857142857143,1.2,2009-25,0,1,60,301,59.44875346260387,57.00831024930749,0,88.91002570694089,60.84318766066838,6.188144329896915,100,0,0,0,0,0,0,100,0,0,0,0,0,0,-8.78519841269841,29.666666666666664,251,870,0.2885057471264368
2009-27,7,0,285,0,71.42857142857143,0.99,2009-26,2,17,0,389,62.90488431876608,60.84318766066838,0,86.57617728531854,62.78393351800554,3.5657142857142907,100,0,0,0,0,0,0,100,0,0,0,0,0,0,-8.84333333333333,13.8,219,2740,0.07992700729927008
2009-28,4,0,99,0,78.14285714285714,3.01,2009-27,1,33,0,361,65.57063711911357,62.78393351800554,53,83.84900284900286,57.484330484330485,3.5828571428571454,100,0,0,0,0,0,0,100,0,0,0,0,0,0,-8.95119047619048,19,173,1391,0.12437095614665708
2009-29,28,1,1021,0.9794319294809012,76,1.53,2009-28,4,25,53,298,60.720797720797734,57.484330484330485,4,76.19444444444443,62.95238095238094,4.290836653386455,100,0,0,0,0,0,0,100,0,0,0,0,0,0,-9.10416666666667,23.166666666666668,606,2786,0.21751615218951903
2009-30,66,0,2997,0,81.42857142857143,0.87,2009-29,23,57,4,247,68.35317460317462,62.95238095238094,0,87.38719512195122,65.08841463414633,4.896341463414635,100,0,0,0,0,0,0,100,0,0,0,0,0,0,-9.29662698412698,49.125,1392,5099,0.27299470484408705
2009-31,47,0,2189,0,78.57142857142857,2.77,2009-30,16,49,0,328,67.6920731707317,65.08841463414633,0,85.63809523809525,69.26984126984127,4.707006369426752,100,0,0,0,0,0,0,100,0,0,0,0,0,0,-9.52261904761905,26.2,590,2382,0.24769101595298068
2009-32,54,1,2398,0.4170141784820684,83.71428571428571,0.49,2009-31,36,118,0,314,72.44761904761904,69.26984126984127,4,80.19622641509434,63.58490566037737,2.9132075471698133,100,0,0,0,0,0,0,100,0,0,0,0,0,0,7.36702380952381,46.857142857142854,915,4669,0.19597344185050333
2009-33,75,0,3552,0,80.85714285714286,0.32,2009-32,28,62,4,261,67.98867924528301,63.58490566037737,0,85.22794117647058,66.67279411764706,2.867647058823528,100,0,0,0,0,0,0,100,0,0,0,0,0,0,13.9493650793651,80.16666666666666,1555,4427,0.35125367065733004
2009-34,67,4,3164,1.2642225031605565,83,0.37000000000000005,2009-33,43,60,0,257,70.06985294117646,66.67279411764706,0,82.42481203007519,71.83082706766916,4.812030075187965,100,0,0,0,0,0,0,100,0,0,0,0,0,0,13.6578174603175,137.33333333333334,1587,9014,0.17605946305746617
2009-35,69,4,3229,1.2387736141220191,89.28571428571429,1.02,2009-34,80,153,0,247,76.09022556390977,71.83082706766916,0,83.37010676156585,63.98932384341636,3.288256227758004,100,0,0,0,0,0,0,100,0,0,0,0,0,0,13.3538888888889,178.66666666666669,1856,3871,0.4794626711444071
2009-36,54,6,2396,2.5041736227045073,78.85714285714286,2.4299999999999997,2009-35,20,48,0,280,67.62277580071175,63.98932384341636,157,84.58119658119658,51.75213675213676,1.0826210826210818,100,0,0,0,0,0,0,100,0,0,0,0,0,0,13.040873015873,75.625,1341,2850,0.4705263157894737
2009-37,38,1,1600,0.625,76.14285714285714,0.02,2009-36,5,20,157,194,54.73219373219372,51.75213675213676,80,88.30494505494505,56.70604395604398,2.925824175824176,100,0,0,0,0,0,0,100,0,0,0,0,0,0,12.721626984127,61.5,776,1438,0.5396383866481224
2009-38,49,8,2051,3.9005363237445145,71.42857142857143,1.5100000000000002,2009-37,0,7,80,284,58.83791208791211,56.70604395604398,88,81.36933797909407,50.101045296167236,2.860627177700348,100,0,0,0,0,0,0,100,0,0,0,0,0,0,12.3983333333333,117.85714285714285,1284,2580,0.4976744186046512
2009-39,38,2,1525,1.3114754098360657,70.85714285714286,0.04,2009-38,0,10,88,199,53.64111498257839,50.101045296167236,105,86.04620462046205,53.304635761589395,3.491749174917494,100,0,0,0,0,0,0,100,0,0,0,0,0,0,12.0729365079365,68.44444444444444,1252,2165,0.5782909930715935
2009-40,44,4,2139,1.8700327255726976,73,0.51,2009-39,2,17,105,198,55.93069306930693,53.304635761589395,31,82.4937238493724,55.322175732217566,4.30962343096234,100,0,0,0,0,0,0,100,0,0,0,0,0,0,11.7473412698413,102.375,1398,2501,0.5589764094362255
2009-41,13,1,562,1.779359430604982,65.42857142857143,1.77,2009-40,0,0,31,208,58.45606694560669,55.322175732217566,50,77.93534482758619,51.40948275862068,5.198275862068967,100,0,0,0,0,0,0,100,0,0,0,0,0,0,11.4234523809524,34.2,223,530,0.4207547169811321
2010-18,2,0,48,0,66.28571428571429,0.23,2010-17,4,16,111,101,52.603773584905674,46.31132075471698,18,66.30803571428571,53.455357142857125,7.7892376681614355,100,0,0,0,0,0,0,100,0,0,0,0,0,0,14.2266666666667,NA,67,91,0.7362637362637363
2010-20,3,0,116,0,64.85714285714286,0.02,2010-19,0,0,97,124,49.33936651583709,43.5294117647059,49,83.32188841201716,51.87553648068669,3.746212121212119,88.1,11.9,0,0,0,0,11.9,100,0,0,0,0,0,0,-9.29083333333333,19,222,362,0.6132596685082873
2010-21,2,0,84,0,70.71428571428571,0.9700000000000001,2010-20,0,8,49,215,56.35227272727272,51.87553648068669,3,75.5870646766169,61.19900497512438,4.589861751152075,90.52,9.48,0,0,0,0,9.48,100,0,0,0,0,0,0,-9.09809523809524,NA,204,241,0.8464730290456431
2010-22,2,0,102,0,81.28571428571429,0.28,2010-21,22,46,3,202,66.60648148148148,61.19900497512438,0,87.78749999999998,64.0375,4.537500000000001,35.11,64.89,0,0,0,0,64.89,100,0,0,0,0,0,0,-8.94595238095238,77.42857142857143,1226,4623,0.26519576032879083
2010-24,2,0,95,0,68.57142857142857,1.16,2010-23,0,1,26,221,58.97975708502024,55.95546558704452,1,83.88014981273409,61.5131086142322,3.7752808988764044,100,0,0,0,0,0,0,100,0,0,0,0,0,0,-8.78376984126984,107.5,617,1037,0.5949855351976856
2010-26,8,0,376,0,86.28571428571429,0.15000000000000002,2010-25,53,87,0,241,70.60887096774192,66.10887096774194,4,66.41304347826087,62.505434782608695,5.033519553072629,100,0,0,0,0,0,0,100,0,0,0,0,0,0,-8.82920634920635,21.4,497,2936,0.16927792915531334
2010-27,29,0,1260,0,84.71428571428571,0.25,2010-26,39,70,4,165,70.65760869565217,62.505434782608695,0,84.309375,70.271875,3.2156250000000006,99.56,0.44,0,0,0,0,0.44,100,0,0,0,0,0,0,-8.92825396825397,37,440,2299,0.19138755980861244
2010-28,35,0,1269,0,91.42857142857143,0.05,2010-27,80,130,0,290,74.290625,70.271875,0,87.22408026755853,71.14715719063545,4.200668896321069,95.27,4.73,0,0,0,0,4.73,100,0,0,0,0,0,0,-9.07353174603175,33,680,1493,0.4554588077695914
2010-29,28,1,1077,0.9285051067780872,86.28571428571429,2.01,2010-28,59,149,0,277,74.3076923076923,71.14715719063545,0,86.96138996138995,69.98841698841699,3.416988416988417,81.77,18.23,0,0,0,0,18.23,100,0,0,0,0,0,0,-9.25936507936508,22.454545454545453,410,1340,0.30597014925373134
2010-30,28,3,812,3.694581280788177,86.14285714285714,1.83,2010-29,46,92,0,253,73.15444015444015,69.98841698841699,1,74.12077294685989,61.77777777777778,4.265700483091785,68.59,31.41,0,0,0,0,31.41,100,0,0,0,0,0,0,-9.4797619047619,14.214285714285714,237,992,0.23891129032258063
2010-31,64,3,1732,1.7321016166281755,83.42857142857143,0.02,2010-30,37,82,1,202,68.06763285024154,61.77777777777778,0,79.08219178082192,68.28310502283105,6.013698630136986,55.79,44.21,0,0,0,0,44.21,100,0,0,0,0,0,0,3.9856746031746,18.714285714285715,552,2518,0.2192216044479746
2010-32,31,0,1164,0,83.71428571428571,0.3,2010-31,46,111,0,219,73.23287671232876,68.28310502283105,36,83.15530303030303,61.23954372623574,2.478764478764481,55.79,44.21,4.13,0,0,0,48.34,100,0,0,0,0,0,0,14.0001587301587,22.5,463,1588,0.29156171284634763
2010-33,26,3,770,3.896103896103896,83.14285714285714,0.29,2010-32,30,70,36,224,65.21212121212119,61.23954372623574,14,84.12109375,64.07421875,3.1171875,47.07,52.93,11.65,0,0,0,64.58,0,100,0,0,0,0,100,13.7112301587302,30,402,1081,0.3718778908418131
2010-34,20,0,552,0,82.85714285714286,0.7000000000000001,2010-33,36,78,14,238,67.87109375,64.07421875,18,89.21333333333331,61.40666666666667,5.929999999999994,28.26,71.74,5.21,0,0,0,76.95,0,100,0,0,0,0,100,13.4093253968254,21.88888888888889,452,756,0.5978835978835979
2010-35,34,6,1018,5.893909626719057,76.57142857142857,2.54,2010-34,18,32,18,276,63.95,61.40666666666667,0,81.88803088803088,66.75289575289574,3.5249042145593794,37.43,62.57,13.45,0,0,0,76.02,100,0,0,0,0,0,0,13.0977380952381,22.1,357,1188,0.3005050505050505
2010-36,18,1,316,3.1645569620253164,87.28571428571429,1.51,2010-35,49,89,0,231,71.35907335907336,66.75289575289574,65,79.44144144144144,56.243243243243256,4.135135135135138,58.73,41.27,7.89,0,0,0,49.16,100,0,0,0,0,0,0,12.7793650793651,7.111111111111111,163,433,0.3764434180138568
2010-37,14,1,314,3.1847133757961785,74.71428571428571,0,2010-36,8,23,65,157,60.55855855855856,56.243243243243256,92,86.81205673758868,53.83687943262411,2.7801418439716326,54.96,45.04,14.03,0,0,0,59.07,100,0,0,0,0,0,0,12.456626984127,13.166666666666666,121,385,0.3142857142857143
2010-38,22,4,607,6.589785831960461,71.71428571428571,0.75,2010-37,0,6,92,190,56.43971631205674,53.83687943262411,8,81.03493449781658,60.248908296943235,5.205240174672491,53.26,46.74,19.57,0,0,0,66.31,100,0,0,0,0,0,0,12.1315873015873,19,153,678,0.22566371681415928
2010-39,14,0,336,0,75.57142857142857,0,2010-38,8,21,8,221,64.1528384279476,60.248908296943235,13,88.51449275362316,63.706521739130416,7.072727272727274,53.26,46.74,19.57,0,0,0,66.31,100,0,0,0,0,0,0,11.805873015873,9.166666666666666,63,399,0.15789473684210523
2010-40,1,0,5,0,73,1.06,2010-39,8,65,13,263,65.95289855072465,63.706521739130416,36,84.10000000000001,51.854545454545445,5.780821917808215,60.85,39.15,6.67,0,0,0,45.82,100,0,0,0,0,0,0,11.4815476190476,2.4,23,29,0.7931034482758621
2011-25,37,0,1602,0,73.71428571428571,0.37000000000000005,2011-24,10,25,6,255,61.839080459770116,58.15325670498085,14,89.66229508196723,61.58032786885245,3.03934426229508,100,0,0,0,0,0,0,100,0,0,0,0,0,0,-8.77694444444444,12.666666666666666,1414,3772,0.3748674443266172
2011-26,21,0,813,0,74.85714285714286,0.9900000000000001,2011-25,5,27,14,291,63.86885245901639,61.58032786885245,0,82.89024390243904,64.17886178861788,3.2154471544715424,100,0,0,0,0,0,0,100,0,0,0,0,0,0,-8.8165873015873,34,994,2938,0.33832539142273654
2011-27,34,0,1451,0,81.85714285714286,0.05,2011-26,22,70,0,246,68.14634146341464,64.17886178861788,0,83.4043321299639,66.96750902527076,3.2637362637362646,100,0,0,0,0,0,0,100,0,0,0,0,0,0,-8.90694444444444,14,305,2669,0.11427500936680404
2011-28,29,0,1117,0,85.85714285714286,1.18,2011-27,49,79,0,265,71.17689530685921,66.96750902527076,0,77.6858407079646,64.79203539823008,4.9867256637168165,100,0,0,0,0,0,0,100,0,0,0,0,0,0,-9.04420634920635,26.166666666666668,318,1583,0.20088439671509792
2011-29,32,0,1318,0,85,1.8,2011-28,52,79,0,212,70.28318584070796,64.79203539823008,0,81.59825327510916,69.99563318777292,3.8689956331877706,100,0,0,0,0,0,0,100,0,0,0,0,0,0,-9.2231746031746,27.11111111111111,1009,2429,0.4153972828324413
2011-30,45,2,1730,1.1560693641618498,88.42857142857143,0.30000000000000004,2011-29,64,113,0,211,74.71615720524018,69.99563318777292,0,83.67175572519083,65.03053435114504,3.1839080459770135,80.22,19.78,0,0,0,0,19.78,100,0,0,0,0,0,0,-9.43789682539682,29.3,493,1682,0.29310344827586204
2011-31,47,3,1711,1.7533606078316777,83,0.23,2011-30,30,81,0,255,68.93511450381679,65.03053435114504,0,83.43032786885243,67.32377049180329,4.279835390946496,85.75,14.25,0,0,0,0,14.25,100,0,0,0,0,0,0,0.603690476190475,36.54545454545455,789,2090,0.377511961722488
2011-32,67,13,2676,4.857997010463378,82.57142857142857,1.42,2011-31,25,62,0,235,71.25,67.32377049180329,0,87.89527027027027,65.54391891891892,2.9391891891891877,77.41,22.59,0,0,0,0,22.59,100,0,0,0,0,0,0,14.0504365079365,88,1385,2847,0.4864769933263084
2011-33,39,6,1136,5.28169014084507,82.42857142857143,1.94,2011-32,32,64,0,296,68.42567567567568,65.54391891891892,0,88.64726027397259,65.7123287671233,4.010273972602744,94.92,5.08,0,0,0,0,5.08,100,0,0,0,0,0,0,13.7644047619048,31.416666666666664,559,1182,0.47292724196277497
2011-34,50,15,1446,10.37344398340249,80.71428571428571,1.69,2011-33,34,62,0,292,68.34589041095892,65.7123287671233,0,84.51698113207549,67.70188679245284,7.5358490566037775,94.92,5.08,0,0,0,0,5.08,100,0,0,0,0,0,0,13.4645634920635,31.77777777777778,553,2050,0.2697560975609756
2011-35,64,2,1492,1.3404825737265416,80,2.25,2011-34,15,102,0,262,71.2,67.70188679245284,0,83.40293040293041,58.52573529411766,2.479853479853477,100,0,0,0,0,0,0,100,0,0,0,0,0,0,13.1544047619048,22.363636363636363,519,2002,0.25924075924075923
2011-36,65,2,2149,0.9306654257794325,80.57142857142857,0.01,2011-35,18,47,0,273,62.3040293040293,58.52573529411766,55,92.74530831099196,58.23324396782839,3.6997319034852514,100,0,0,0,0,0,0,100,0,0,0,0,0,0,12.8370634920635,64.84615384615384,1194,2741,0.4356074425392192
2011-37,53,11,1610,6.832298136645963,73,4.42,2011-36,4,23,55,318,59.756032171581786,58.23324396782839,65,85.26545454545456,56.71636363636362,3.3636363636363624,100,0,0,0,0,0,0,100,0,0,0,0,0,0,12.5150396825397,48.77777777777778,698,1891,0.36911686938127974
2011-38,34,1,848,1.1792452830188678,75,0.92,2011-37,15,31,65,210,59.669090909090905,56.71636363636362,45,93.06077348066299,63.10773480662981,2.375690607734805,100,0,0,0,0,0,0,100,0,0,0,0,0,0,12.190119047619,24.333333333333336,351,1011,0.34718100890207715
2011-39,37,1,1220,0.819672131147541,74.71428571428571,1.4000000000000001,2011-38,5,28,45,317,64.52209944751384,63.10773480662981,0,90.95597484276729,63.76100628930818,2.9125000000000023,100,0,0,0,0,0,0,100,0,0,0,0,0,0,11.8644841269841,44.81818181818182,867,2365,0.36659619450317127
2011-40,7,0,60,0,76.71428571428571,1.19,2011-39,5,25,0,318,65.68553459119497,63.76100628930818,60,83.09055118110237,51.10629921259843,2.7637795275590573,100,0,0,0,0,0,0,100,0,0,0,0,0,0,11.5396825396825,10.5,60,60,1
2011-42,12,0,117,0,69.42857142857143,2.35,2011-41,6,7,54,269,58.96284829721362,56.30959752321981,104,82.16287878787881,47.541666666666686,4.132575757575764,100,0,0,0,0,0,0,100,0,0,0,0,0,0,10.9021031746032,6.25,39,154,0.2532467532467532
2012-21,1,0,45,0,74.42857142857143,1.15,2012-20,3,8,56,188,59.38114754098361,54.68852459016393,4,88.95987654320987,61.481481481481495,3.790123456790121,57.6,42.4,7.75,0,0,0,50.15,0,100,0,0,0,0,100,-9.16313492063492,182.66666666666669,1096,1440,0.7611111111111111
2012-23,16,0,676,0,76.28571428571429,0.72,2012-22,14,41,0,271,64.95220588235296,61.13970588235295,42,85.32258064516127,51.87118644067797,3.8941176470588266,92.47,7.53,0,0,0,0,7.53,100,0,0,0,0,0,0,-8.87238095238095,75.8,423,2348,0.18015332197614992
2012-24,46,0,1403,0,70.14285714285714,0.72,2012-23,2,21,42,299,55.1642228739003,51.87118644067797,102,84.02654867256638,54.97050147492626,3.53392330383481,92.47,7.53,0,0,0,0,7.53,100,0,0,0,0,0,0,-8.79801587301587,31.875,306,3192,0.09586466165413532
2012-25,75,0,3143,0,71,0.56,2012-24,0,0,102,237,58.005899705014755,54.97050147492626,42,77.93307086614172,61.89370078740156,3.409448818897637,92.47,7.53,0,0,0,0,7.53,100,0,0,0,0,0,0,-8.77539682539683,66.42857142857142,1070,7568,0.14138477801268498
2012-26,71,0,2859,0,86.14285714285714,0.42000000000000004,2012-25,52,70,42,183,67.255905511811,61.89370078740156,0,76.51538461538462,64.15769230769232,4.676923076923074,88.11,11.89,0,0,0,0,11.89,100,0,0,0,0,0,0,-8.80563492063492,30.923076923076923,733,4812,0.15232751454696591
2012-27,30,0,928,0,83.57142857142857,1.1800000000000002,2012-26,37,58,0,249,69.6,64.15769230769232,0,78.66666666666666,65.36015325670499,2.618677042801557,88.11,11.89,0,0,0,0,11.89,100,0,0,0,0,0,0,-8.88710317460317,15.75,218,1421,0.1534130893736805
2012-28,132,4,5349,0.7478033277248084,87.14285714285714,0.15,2012-27,68,93,0,251,70.67432950191571,65.36015325670499,0,70.86363636363636,63.172727272727265,3.243119266055048,85.49,14.51,0,0,0,0,14.51,100,0,0,0,0,0,0,-9.01623015873016,59.352941176470594,1302,6481,0.2008949236228977
2012-29,147,35,5492,6.372906045156592,87.85714285714286,0,2012-28,64,93,0,202,70.63181818181818,63.172727272727265,0,77.69135802469137,64.59259259259258,3.1316872427983538,68.08,31.92,3.56,0,0,0,35.48,0,100,0,0,0,0,100,-9.18825396825397,39.77777777777778,1959,12525,0.1564071856287425
2012-30,56,10,2297,4.3535045711797995,85.71428571428571,0.41000000000000003,2012-29,54,84,0,218,70.01646090534983,64.59259259259258,0,80.56877323420073,67.28996282527882,5.315985130111523,64.02,35.98,7.43,0,0,0,43.41,0,100,0,0,0,0,100,-9.3968253968254,25.814814814814817,699,4089,0.17094644167278064
2012-31,101,26,3846,6.760270410816433,82.71428571428571,0.53,2012-30,37,87,0,264,71.64312267657992,67.28996282527882,0,83.20253164556962,68.24367088607593,4.136075949367084,37.25,62.75,7.43,0,0,0,70.18,0,100,0,0,0,0,100,-6.20757936507936,57.33333333333333,1220,4992,0.24439102564102563
2012-32,104,12,2608,4.601226993865031,85.85714285714286,0.76,2012-31,63,139,0,302,72.06012658227849,68.24367088607593,0,84.32085561497327,69.06149732620324,4.568364611260056,37.25,62.75,7.43,0,0,0,70.18,0,100,0,0,0,0,100,14.1000396825397,49.208333333333336,1678,3884,0.43202883625128735
2012-33,177,25,4142,6.035731530661517,85.71428571428571,2.9000000000000004,2012-32,75,190,0,370,72.69518716577538,69.06149732620324,0,84,65.35958904109589,2.7620689655172406,38.46,61.54,7.43,0,0,0,68.97,0,100,0,0,0,0,100,13.8170238095238,54.22857142857143,2614,5256,0.4973363774733638
2012-34,84,19,2042,9.30460333006856,82.28571428571429,2.23,2012-33,39,61,0,292,68.9417808219178,65.35958904109589,0,81.8280701754386,61.329824561403505,1.3204225352112675,67.68,32.32,2.5,0,0,0,34.82,0,100,0,0,0,0,100,13.5193253968254,28.941176470588236,605,2388,0.2533500837520938
2012-35,119,5,3771,1.3259082471492971,83.57142857142857,0,2012-34,39,62,0,284,65.5298245614035,61.329824561403505,16,76.63984674329501,60.636015325670506,3.6743295019157096,60.92,39.08,2.5,0,0,0,41.58,0,100,0,0,0,0,100,13.2108333333333,44.625,871,5984,0.1455548128342246
2012-36,95,2,3393,0.5894488653109342,82.42857142857143,0.33,2012-35,23,94,16,241,65.95402298850574,60.636015325670506,1,87.34501347708894,65.58760107816713,3.908355795148245,62.31,37.69,0,0,0,0,37.69,0,100,0,0,0,0,100,12.8946428571429,59.666666666666664,1115,4115,0.2709599027946537
2012-37,53,6,1634,3.6719706242350063,78.14285714285714,3.9599999999999995,2012-36,14,113,1,370,68.21832884097034,65.58760107816713,107,83.21921921921921,51.96696696696696,1.9365558912386718,79.35,20.65,0,0,0,0,20.65,0,100,0,0,0,0,100,12.573253968254,23.636363636363637,295,2941,0.10030601836110166
2012-38,27,1,859,1.1641443538998837,75.42857142857143,0,2012-37,1,18,107,226,55.21021021021021,51.96696696696696,104,83.03571428571429,53.90909090909092,3.9640522875817017,79.37,20.63,0,0,0,0,20.63,0,100,0,0,0,0,100,12.2486904761905,11.285714285714286,87,1059,0.0821529745042493
2012-39,27,1,678,1.4749262536873156,72.14285714285714,0.8,2012-38,0,4,104,204,57.12987012987012,53.90909090909092,89,85.31347962382445,51.78056426332289,3.586206896551725,100,0,0,0,0,0,0,100,0,0,0,0,0,0,11.9230555555556,11.25,111,796,0.13944723618090452
2012-40,17,0,352,0,67,1.44,2012-39,0,1,89,230,54.3949843260188,51.78056426332289,21,86.16423357664233,57.463503649635044,3.335766423357663,100,0,0,0,0,0,0,100,0,0,0,0,0,0,11.5979761904762,44,270,389,0.6940874035989717
2012-41,14,0,91,0,70,0.5,2012-40,0,8,21,253,60.05474452554745,57.463503649635044,85,78.85106382978725,48.0468085106383,4.029914529914531,100,0,0,0,0,0,0,100,0,0,0,0,0,0,11.2755158730159,8.8,57,131,0.4351145038167939
2013-24,15,0,606,0,74.14285714285714,5.640000000000001,2013-23,2,13,40,313,60.51841359773372,57.20113314447592,6,82.28178694158075,57.38831615120275,5.0766550522648055,97.21,2.79,0,0,0,0,2.79,100,0,0,0,0,0,0,-8.80761904761905,32,285,1200,0.2375
2013-25,16,0,789,0,74.28571428571429,3.5,2013-24,0,15,6,285,61.020618556701024,57.38831615120275,16,75.41350210970465,59.696202531645575,4.578059071729958,97.21,2.79,0,0,0,0,2.79,100,0,0,0,0,0,0,-8.77563492063492,24,146,2474,0.05901374292643492
2013-26,52,0,2095,0,82.57142857142857,0.17,2013-25,28,50,16,221,65.13080168776371,59.696202531645575,0,85.64102564102564,69.6698717948718,5.977491961414794,97.21,2.79,0,0,0,0,2.79,100,0,0,0,0,0,0,-8.79630952380952,53.54545454545455,720,14755,0.04879701796001355
2013-27,43,0,1718,0,84.14285714285714,1.76,2013-26,32,80,0,294,72.98397435897436,69.6698717948718,0,82.70292887029288,73.3347280334728,6.083003952569173,100,0,0,0,0,0,0,100,0,0,0,0,0,0,-8.86869047619048,39.57142857142857,466,3595,0.12962447844228095
2013-28,59,0,2258,0,88.16666666666667,0.47000000000000003,2013-27,69,140,0,209,77.5481171548117,73.3347280334728,0,87.4619718309859,70.7909604519774,3.640226628895183,100,0,0,0,0,0,0,100,0,0,0,0,0,0,-8.98964285714286,42,816,13409,0.06085464986203296
2013-29,64,2,2702,0.7401924500370096,82.85714285714286,2.0100000000000002,2013-28,40,126,0,343,73.58873239436619,70.7909604519774,0,81.16988416988416,72.53281853281854,3.2945736434108572,100,0,0,0,0,0,0,100,0,0,0,0,0,0,-9.15436507936508,51.41666666666667,1123,8921,0.12588274857078802
2013-30,52,3,1900,1.5789473684210529,92.28571428571429,0.51,2013-29,86,139,0,210,77.34749034749035,72.53281853281854,0,84.74736842105264,67.77543859649123,4.926315789473682,100,0,0,0,0,0,0,100,0,0,0,0,0,0,-9.35690476190476,16.818181818181817,504,7602,0.06629834254143646
2013-31,69,12,2868,4.184100418410042,80.28571428571429,1.15,2013-30,40,85,0,285,71.10877192982456,67.77543859649123,0,81.28076923076924,64.49615384615385,2.9768339768339764,100,0,0,0,0,0,0,100,0,0,0,0,0,0,-9.59107142857143,38,935,7042,0.13277477989207612
2013-32,67,14,2352,5.952380952380952,82.14285714285714,0.28,2013-31,28,73,0,260,68.84615384615385,64.49615384615385,27,79.80442804428046,62.1455223880597,4.970479704797047,100,0,0,0,0,0,0,100,0,0,0,0,0,0,14.149126984127,44.16666666666667,878,2562,0.34270101483216237
2013-33,64,16,2538,6.304176516942475,79.71428571428571,1.39,2013-32,16,63,27,244,66.72324723247233,62.1455223880597,5,81.84306569343065,58.551094890510946,2.164233576642337,100,0,0,0,0,0,0,100,0,0,0,0,0,0,13.869126984127,51.36363636363636,716,3212,0.22291407222914073
2013-34,64,8,2110,3.791469194312796,79,0.04,2013-33,11,36,5,269,62.62408759124087,58.551094890510946,29,78.77366255144032,60.78189300411523,2.7901234567901216,100,0,0,0,0,0,0,100,0,0,0,0,0,0,13.5737698412698,43.833333333333336,665,3118,0.21327774214239895
2013-35,69,20,2567,7.791195948578107,83.14285714285714,0.11,2013-34,31,60,29,210,65.7119341563786,60.78189300411523,0,87.20125786163523,67.62578616352202,4.345911949685537,100,0,0,0,0,0,0,100,0,0,0,0,0,0,13.2669047619048,62.45454545454545,1178,3335,0.3532233883058471
2013-36,58,16,2242,7.136485280999108,79.42857142857143,1.0899999999999999,2013-35,16,65,0,318,70.34591194968554,67.62578616352202,68,83.54545454545458,60.659090909090885,3.7654723127035816,100,0,0,0,0,0,0,100,0,0,0,0,0,0,12.9519841269841,53.33333333333333,1007,1826,0.5514786418400877
2013-37,30,9,711,12.658227848101266,77.71428571428571,0.5800000000000001,2013-36,12,62,68,240,64.01298701298704,60.659090909090885,52,80.56398104265402,58.33175355450237,3.9066147859922173,98.22,1.78,0,0,0,0,1.78,100,0,0,0,0,0,0,12.6313492063492,13.75,180,564,0.3191489361702128
2013-38,10,2,298,6.7114093959731544,76.4,0.34,2013-37,13,30,52,153,62.24644549763032,58.33175355450237,124,81.4673202614379,50.66339869281046,3.1147540983606534,97.43,2.57,0,0,0,0,2.57,100,0,0,0,0,0,0,12.3072619047619,16.18181818181818,248,311,0.797427652733119
2013-39,7,0,90,0,74.14285714285714,0.53,2013-38,2,14,124,182,54.26143790849672,50.66339869281046,126,80.42,48.22,2.1532258064516108,97.43,2.57,0,0,0,0,2.57,100,0,0,0,0,0,0,11.981626984127,14.333333333333334,92,115,0.8
2013-40,11,0,218,0,69.14285714285714,0,2013-39,0,0,126,124,51.739999999999995,48.22,148,87.02784810126582,52.1772151898734,1.4796954314720816,92.71,7.29,0,0,0,0,7.29,0,100,0,0,0,0,100,11.6563888888889,29.8,191,222,0.8603603603603603
2013-41,12,1,304,3.289473684210526,73.42857142857143,0.44,2013-40,8,19,148,247,54.68860759493672,52.1772151898734,170,84.75149700598803,49.53592814371258,3.222891566265068,92.71,7.29,0,0,0,0,7.29,0,100,0,0,0,0,100,11.3333333333333,38.2,298,323,0.9226006191950464
2014-24,15,0,586,0,78.28571428571429,0.7000000000000001,2014-23,23,41,17,262,61.43772241992882,56.879003558718864,0,80.27598566308242,62.86021505376344,4.590579710144928,97.36,2.64,0,0,0,0,2.64,6.27,93.73,0,0,0,0,93.73,-8.81896825396825,14.285714285714286,100,784,0.12755102040816327
2014-25,33,0,1184,0,76.71428571428571,0.7000000000000001,2014-24,5,28,0,279,66.92114695340501,62.86021505376344,34,66.61904761904762,58.55714285714286,3.9856459330143545,97.36,2.64,0,0,0,0,2.64,6.27,93.73,0,0,0,0,93.73,-8.77753968253968,22.416666666666668,271,2362,0.1147332768839966
2014-26,36,0,1228,0,82.57142857142857,0.060000000000000005,2014-25,22,68,34,172,66.15238095238094,58.55714285714286,17,71.50769230769231,59.3923076923077,4.042307692307691,94.95,5.05,0,0,0,0,5.05,6.27,93.73,0,0,0,0,93.73,-8.78880952380952,23.833333333333332,292,1856,0.15732758620689655
2014-27,50,0,1812,0,84.85714285714286,0.3,2014-26,39,96,17,238,65.8923076923077,59.3923076923077,0,75.5436507936508,67.75396825396825,7.685258964143425,89.7,10.3,0,0,0,0,10.3,0,100,0,0,0,0,100,-8.85202380952381,22.916666666666664,276,5284,0.05223315669947009
2014-28,54,0,2230,0,85.57142857142857,3,2014-27,53,115,0,241,73.53174603174604,67.75396825396825,0,75.73303167420814,65.80090497737555,5.1176470588235246,91.43,8.57,0,0,0,0,8.57,39.23,60.77,0,0,0,0,60.77,-8.96452380952381,22.615384615384617,315,6362,0.04951273184533165
2014-29,50,0,1736,0,85.14285714285714,0.02,2014-28,48,81,0,217,71.51131221719456,65.80090497737555,0,86.84813753581663,66.58166189111746,4.186781609195399,89.94,10.06,0,0,0,0,10.06,39.23,60.77,0,0,0,0,60.77,-9.12174603174603,16.642857142857142,276,2509,0.11000398565165403
2014-30,71,0,2742,0,79.85714285714286,2.51,2014-29,13,93,0,349,69.404011461318035,66.58166189111746,0,79.63404255319149,65.13191489361702,4.4127659574468066,89.08,10.92,0,0,0,0,10.92,39.23,60.77,0,0,0,0,60.77,-9.31793650793651,28.307692307692307,371,4029,0.09208240258128568
2014-31,58,2,2103,0.951022349025202,82.28571428571429,0.16,2014-30,25,63,0,232,69.67659574468085,65.13191489361702,0,83.02867383512545,62.318996415770606,3.4336917562724043,89.77,10.23,0,0,0,0,10.23,39.23,60.77,0,0,0,0,60.77,-9.54686507936508,16.78571428571429,248,2825,0.08778761061946902
2014-32,68,5,2335,2.1413276231263385,79,0.47000000000000003,2014-31,27,60,0,279,66.03584229390681,62.318996415770606,0,83.728125,61.07187500000001,1.7062500000000014,87.39,12.61,0,0,0,0,12.61,39.23,60.77,0,0,0,0,60.77,10.7688888888889,37.30769230769231,517,2244,0.23039215686274508
2014-33,60,4,1853,2.1586616297895307,84.42857142857143,0.16,2014-32,38,67,0,320,64.98125,61.07187500000001,0,80.57142857142858,60.51587301587302,4.298804780876496,87.39,12.61,0,0,0,0,12.61,39.23,60.77,0,0,0,0,60.77,13.9207936507937,30.363636363636367,404,2230,0.1811659192825112
2014-34,50,0,1369,0,78.57142857142857,0.38,2014-33,11,41,0,252,64.86904761904762,60.51587301587302,42,81.96126760563381,56.31690140845071,2.0706713780918724,90.76,9.24,0,0,0,0,9.24,86.69,13.31,0,0,0,0,13.31,13.6279365079365,24.583333333333336,403,1833,0.2198581560283688
2014-35,45,5,1288,3.881987577639752,79.28571428571429,0.11,2014-34,8,36,42,242,60.260563380281695,56.31690140845071,28,77.2456896551724,60.1853448275862,3.774891774891773,90.62,9.38,0,0,0,0,9.38,86.69,13.31,0,0,0,0,13.31,13.3228571428571,29.90909090909091,670,1531,0.4376224689745265
2014-36,41,6,1242,4.830917874396135,83.85714285714286,0.14,2014-35,35,62,28,198,65.4396551724138,60.1853448275862,0,80.83754512635379,66.01083032490973,4.1985559566787,90.62,9.38,0,0,0,0,9.38,86.69,13.31,0,0,0,0,13.31,13.009126984127,45.63636363636364,610,1228,0.496742671009772
2014-37,27,0,450,0,87.28571428571429,0.66,2014-36,58,126,0,262,70.74368231046932,66.01083032490973,79,84.12779552715655,55.067092651757186,2.637820512820514,90.12,9.88,0,0,0,0,9.88,82.88,17.12,0,0,0,0,17.12,12.6893253968254,8.8,135,563,0.23978685612788633
2014-38,13,1,189,5.291005291005291,74.28571428571429,0.12,2014-37,0,7,79,234,58.19169329073482,55.067092651757186,167,83.8489425981873,49.8308157099698,1.9909090909090872,87.8,12.2,0,0,0,0,12.2,7.57,92.43,0,0,0,0,92.43,12.365753968254,9.5,124,247,0.5020242914979757
2014-39,2,0,15,0,72,0.01,2014-38,0,22,167,164,52.85196374622356,49.8308157099698,133,83.44966442953019,51.27181208053692,2.4949494949494992,54.16,45.84,9,0,0,0,54.84,0,100,2.82,0,0,0,102.82,12.0403571428571,4,20,32,0.625
2014-40,4,0,97,0,74.85714285714286,0.33,2014-39,12,17,133,165,54.54697986577181,51.27181208053692,29,89.23728813559323,55.155932203389824,4.455479452054797,47.39,52.61,7.8,0,0,0,60.41,0,100,2.82,0,0,0,102.82,11.7147619047619,19.4,97,100,0.97
2014-41,1,0,6,0,63.285714285714285,1.54,2014-40,0,1,29,266,57.0271186440678,55.155932203389824,135,82.11026615969581,46.057034220532344,3.2053231939163527,47.39,52.61,7.8,0,0,0,60.41,0,100,2.82,0,0,0,102.82,11.3911507936508,2.4,12,12,1
2014-42,1,0,10,0,66,0.44999999999999996,2014-41,0,0,135,128,49.281368821292794,46.057034220532344,31,82.83916083916083,58.24825174825176,5.72473867595819,26.27,73.73,7.82,0,0,0,81.55,0,100,2.82,0,0,0,102.82,11.0718253968254,5,25,30,0.8333333333333334
2015-24,1,0,7,0,64.71428571428571,0.9,2015-23,0,0,111,163,52.29562043795621,49.11678832116788,0,72.27142857142856,62.852380952380955,6.438423645320195,40.68,59.32,26.11,0,0,0,85.43,0,100,100,0,0,0,200,-8.83190476190476,8.5,68,548,0.12408759124087591
2015-25,12,0,392,0,81.28571428571429,0,2015-24,28,50,0,208,69.22380952380954,62.852380952380955,14,81.30902777777777,61.083333333333336,4.491039426523296,40.68,59.32,26.11,0,0,0,85.43,0,100,100,0,0,0,200,-8.78111111111111,6.5,39,695,0.05611510791366906
2015-26,27,0,1169,0,76,1.7,2015-25,10,30,14,273,65,61.083333333333336,6,78.43037974683544,61.18143459915613,4.626666666666668,44.9,55.1,23.98,0,0,0,79.08,0,100,100,0,0,0,200,-8.78277777777778,1.5,39,1485,0.026262626262626258
2015-27,43,0,1997,0,79.42857142857143,1.02,2015-26,25,45,6,228,66.03797468354432,61.18143459915613,0,78.55426356589147,60.16279069767442,3.1417004048582964,57.86,42.14,6.52,0,0,0,48.66,0,100,100,0,0,0,200,-8.83690476190476,18.2,152,2036,0.07465618860510806
2015-28,31,0,1287,0,80.42857142857143,0.6,2015-27,25,50,0,258,64.90310077519379,60.16279069767442,0,78.93581081081079,65.94932432432432,3.875,72.15,27.85,5.09,0,0,0,32.94,0,100,0,0,0,0,100,-8.94087301587302,9.88888888888889,112,1546,0.0724450194049159
2015-29,45,0,1815,0,86,1.49,2015-28,72,116,0,285,70.88175675675674,65.94932432432432,0,77.27016129032259,66.66129032258064,4.2644628099173545,80.32,19.68,5.09,0,0,0,24.77,0,100,0,0,0,0,100,-9.09047619047619,13.083333333333332,169,4096,0.041259765625
2015-30,56,0,2233,0,83.28571428571429,0.42000000000000004,2015-29,37,90,0,244,71.77822580645162,66.66129032258064,0,78,63.301204819277096,2.7389558232931734,80.32,19.68,5.09,0,0,0,24.77,0,100,0,0,0,0,100,-9.28,22.916666666666664,300,4006,0.07488766849725412
2015-31,58,3,2561,1.1714174150722374,84,0.01,2015-30,39,76,0,237,68.49799196787149,63.301204819277096,0,79.53676470588238,67.38235294117646,3.4522058823529407,80.32,19.68,5.09,0,0,0,24.77,0,100,0,0,0,0,100,-9.50353174603175,16.666666666666664,248,3427,0.07236650131310184
2015-32,45,0,1820,0,87.42857142857143,0.7200000000000001,2015-31,66,105,0,253,72.36397058823529,67.38235294117646,0,78.9644128113879,61.47686832740213,3.3763440860215064,74.75,25.25,5.37,0,0,0,30.62,0,100,0,0,0,0,100,7.38805555555556,27.666666666666664,345,2178,0.1584022038567493
2015-33,45,2,1803,1.109262340543539,82.85714285714286,0.71,2015-32,35,77,0,278,66.33451957295374,61.47686832740213,0,81.68292682926827,63.23344947735192,3.041811846689898,69.68,30.32,5.37,0,0,0,35.69,0,100,0,0,0,0,100,13.9719444444444,20.75,280,2029,0.13799901429275505
2015-34,54,2,1863,1.0735373054213635,84.28571428571429,0.87,2015-33,43,67,0,277,67.47038327526133,63.23344947735192,0,83.51840490797545,70.20552147239263,3.8738461538461513,69.68,30.32,5.37,0,0,0,35.69,0,100,0,0,0,0,100,13.6815873015873,51.66666666666667,638,2184,0.29212454212454214
2015-35,38,2,1507,1.3271400132714002,86.57142857142857,0.34,2015-34,58,136,0,311,74.04601226993864,70.20552147239263,0,80.9407894736842,64.09210526315788,2.4125412541254114,69.68,30.32,5.25,0,0,0,35.57,0,100,0,0,0,0,100,13.3785317460317,31.1,433,1581,0.2738772928526249
2015-36,31,3,1145,2.620087336244542,85.28571428571429,0.6100000000000001,2015-35,49,92,0,297,68.48026315789473,64.09210526315788,38,82.47619047619048,60.326984126984115,2.057142857142858,64.86,35.14,6.63,0,0,0,41.77,0,100,0,0,0,0,100,13.0661111111111,24.5,355,1097,0.3236098450319052
2015-37,23,1,797,1.2547051442910917,84.71428571428571,0,2015-36,41,59,38,272,64.22539682539681,60.326984126984115,0,84.37898089171976,65.8471337579618,4.083067092651755,53.47,46.53,7.92,0,0,0,54.45,0,100,0,0,0,0,100,12.7472222222222,20.333333333333332,224,670,0.33432835820895523
2015-38,19,0,612,0,81.85714285714286,2.6500000000000004,2015-37,30,76,0,302,69.29299363057324,65.8471337579618,1,80.25912408759123,60.01094890510948,2.496350364963504,53.47,46.53,7.84,0,0,0,54.37,0,100,0,0,0,0,100,12.4242063492063,31.142857142857142,276,615,0.44878048780487806
2015-39,7,1,217,4.608294930875576,82.14285714285714,0,2015-38,32,49,1,273,64.33941605839416,60.01094890510948,206,83.2710843373494,47.17771084337348,1.4386503067484646,47.16,52.84,11.89,0,0,0,64.73,0,100,0,0,0,0,100,12.0989682539683,17.333333333333332,148,258,0.5736434108527132
2015-40,4,0,61,0,72.57142857142857,0,2015-39,0,2,206,126,50.201807228915676,47.17771084337348,25,85.0351906158358,58.57771260997068,6.964705882352948,46.96,53.04,19.06,0,0,0,72.1,0,100,0,0,0,0,100,11.773253968254,12.2,61,71,0.8591549295774648
2015-41,1,0,20,0,67,3.5700000000000003,2015-40,7,48,25,316,61.252199413489734,58.57771260997068,111,79.60784313725489,49.21176470588235,3.4803149606299195,72.99,27.01,12.12,0,0,0,39.13,0,100,0,0,0,0,100,11.449126984127,6,30,42,0.7142857142857143
2016-23,16,0,457,0,78,1.51,2016-22,11,38,0,332,65.62349397590361,61.57831325301205,14,64.512077294686,58.164251207729464,5.985507246376811,66.03,33.97,5.11,0,0,0,39.08,100,0,0,0,0,0,0,-8.84650793650794,36.857142857142854,326,1330,0.24511278195488723
2016-24,47,0,1288,0,79,0.13,2016-23,24,36,14,193,65.82125603864735,58.164251207729464,24,62.284916201117326,55.12849162011173,4.33838383838384,54.02,45.98,5.11,0,0,0,51.09,0.84,99.16,0,0,0,0,99.16,-8.78638888888889,8,119,2023,0.0588235294117647
2016-25,60,0,1655,0,79.2,0.04,2016-24,15,45,24,155,63.837988826815646,55.12849162011173,39,72.52895752895752,56.39382239382239,3.432950191570881,19.03,80.97,14.8,0,0,0,95.77,0,100,0,0,0,0,100,-8.77865079365079,14.5,263,3526,0.07458876914350539
2016-26,54,0,1867,0,83,0.92,2016-25,29,74,39,220,62.903474903474915,56.39382239382239,2,76.25670498084293,64.03448275862068,4.870848708487083,15.02,84.98,21.27,0,0,0,106.25,0,100,0,0,0,0,100,-8.8234126984127,33.45454545454545,381,3986,0.0955845459106874
2016-27,43,0,1232,0,83,0.22,2016-26,29,85,2,259,69.544061302682,64.03448275862068,0,80.70099667774087,64.43521594684384,3.7076411960132893,24.92,75.08,23.4,5.62,0,0,104.1,0,100,0,0,0,0,100,-8.91861111111111,17.1,183,1312,0.13948170731707318
2016-28,45,0,1363,0,81.14285714285714,0.74,2016-27,41,68,0,286,68.80398671096346,64.43521594684384,0,81.54920634920636,67.14603174603172,3.388535031847129,25.52,74.48,24.64,7.32,0,0,106.44,0,100,0,0,0,0,100,-9.06035714285714,12.363636363636363,162,1583,0.10233733417561593
2016-29,48,0,1480,0,86.85714285714286,0.96,2016-28,54,125,0,302,71.51111111111112,67.14603174603172,0,70.58064516129032,65.84331797235023,5.009259259259256,30.4,69.6,29.86,7.32,0,0,106.78,0,100,0,0,0,0,100,-9.24321428571429,20.615384615384617,277,4416,0.06272644927536232
2016-30,45,0,1125,0,88.57142857142857,0.23,2016-29,71,103,0,190,73.31336405529954,65.84331797235023,0,79.00760456273763,67.79087452471482,2.9961977186311777,32.65,67.35,31.91,8.06,0,0,107.32,0,100,0,0,0,0,100,-9.46103174603175,6.5,79,2259,0.03497122620628597
2016-31,46,0,1166,0,88.28571428571429,0.11,2016-30,55,111,0,234,73.02281368821293,67.79087452471482,0,81.31879194630875,61.077181208053695,2.7348993288590617,32.54,67.46,34,13.17,0,0,114.63,0,100,100,0,0,0,200,0.57797619047619,8.769230769230768,115,2340,0.04914529914529914
2016-32,38,1,812,1.2315270935960592,83.71428571428571,0.32,2016-31,48,74,0,293,65.46644295302015,61.077181208053695,0,80.74394463667821,69.0657439446367,4.391003460207618,32.54,67.46,34,13.17,0.46,0,115.09,0,100,100,0,0,0,200,14.022380952381,3.2857142857142865,46,1372,0.03352769679300291
2016-33,41,1,1198,0.8347245409015025,89.28571428571429,0.68,2016-32,84,159,0,258,73.85467128027685,69.0657439446367,0,72.68115942028984,67.26570048309179,4.621359223300971,32.54,67.46,34,12.65,2.69,0,116.8,0,100,100,0,0,0,200,13.734880952381,1.923076923076923,29,1269,0.02285263987391646
2016-34,25,1,426,2.347417840375587,87.57142857142857,0,2016-33,79,119,0,196,74.08695652173913,67.26570048309179,4,75.05286343612336,65.19383259911895,4.348017621145374,35.19,64.81,30.77,13.62,2.69,0,111.89,0,100,100,2.72,0,0,202.72,13.4338492063492,3.692307692307692,55,687,0.08005822416302766
2016-35,29,2,435,4.597701149425287,86.14285714285714,0.42000000000000004,2016-34,49,93,4,212,71.27753303964758,65.19383259911895,0,81.910780669145,61.65055762081785,2.6828358208955247,35.16,64.84,31.04,14.22,4.08,0,114.18,0,100,100,100,0,0,300,13.1229365079365,2.2142857142857144,37,526,0.07034220532319392
2016-36,27,3,516,5.813953488372093,80.28571428571429,0.2,2016-35,23,47,0,263,65.74721189591077,61.65055762081785,0,83.90492957746478,67.69718309859155,5.767605633802818,33.76,66.24,32.54,16.96,4.57,0,120.31,0,100,100,100,0,0,300,12.8050396825397,5.9,103,652,0.1579754601226994
2016-37,18,0,328,0,82.85714285714286,0.64,2016-36,28,60,0,278,71.27816901408453,67.69718309859155,92,77.76,54.736000000000004,3.5180722891566254,28.86,71.14,46.18,25.72,9.6,0,152.64,0,100,100,100,7.08,0,307.08,12.4825396825397,0.8181818181818181,21,408,0.05147058823529411
2016-38,19,0,501,0,79.28571428571429,0,2016-37,18,44,92,156,59.48,54.736000000000004,29,84.18068535825545,58.54517133956382,1.9499999999999997,28.86,71.14,46.18,25.72,9.6,0,152.64,0,100,100,100,7.08,0,307.08,12.1575793650794,2.4444444444444446,22,276,0.07971014492753623
2017-23,7,0,156,0,68.57142857142857,1.15,2017-22,0,3,64,248,55.78846153846153,52.83974358974359,40,77.44999999999997,53.64166666666667,5.375,100,0,0,0,0,0,0,100,0,0,0,0,0,0,-8.86265873015873,6.571428571428572,122,541,0.2255083179297597
2017-24,28,0,900,0,72.57142857142857,0.8300000000000001,2017-23,19,27,40,200,58.47499999999999,53.64166666666667,19,77.1015625,62.828125,4.717647058823529,100,0,0,0,0,0,0,100,0,0,0,0,0,0,-8.7934126984127,12.7,164,5251,0.03123214625785564
2017-25,38,0,1181,0,82,0.27,2017-24,28,53,19,218,68.11328125,62.828125,0,74.36714975845409,66.3671497584541,7.628019323671496,100,0,0,0,0,0,0,100,0,0,0,0,0,0,-8.77607142857143,5.538461538461538,167,2166,0.07710064635272391
2017-26,40,0,980,0,83.85714285714286,0,2017-25,39,72,0,206,72.40096618357488,66.3671497584541,1,72.25628140703516,63.87939698492464,6.763819095477391,98.24,1.76,0,0,0,0,1.76,100,0,0,0,0,0,0,-8.81154761904762,4.5,70,1973,0.03547896604156107
2017-27,43,1,1457,0.6863417982155113,81.71428571428571,0.13999999999999999,2017-26,20,56,1,192,70.19095477386935,63.87939698492464,4,78.79347826086958,61.384057971014485,3.214545454545452,98.24,1.76,0,0,0,0,1.76,100,0,0,0,0,0,0,-8.89789682539683,3,32,1681,0.01903628792385485
2017-28,67,0,2258,0,83,1.51,2017-27,47,67,4,267,66.3731884057971,61.384057971014485,0,84.51827242524917,65.98006644518273,3.336700336700336,98.24,1.76,0,0,0,0,1.76,100,0,0,0,0,0,0,-9.03166666666667,8,131,3889,0.03368475186423245
2017-29,81,0,2824,0,80.28571428571429,1.27,2017-28,35,62,0,300,69.36877076411959,65.98006644518273,0,81.19791666666669,67.14236111111111,2.7212543554006965,95.77,4.23,0,0,0,0,4.23,100,0,0,0,0,0,0,-9.2075,27.785714285714285,445,3696,0.1204004329004329
2017-30,63,0,1760,0,86.14285714285714,0.05,2017-29,56,95,0,270,71.64930555555556,67.14236111111111,29,83.52059925093631,58.38576779026218,3.5075187969924797,81.74,18.26,0,0,0,0,18.26,100,0,0,0,0,0,0,-9.41956349206349,15.117647058823527,335,2375,0.14105263157894735
2017-31,74,2,2424,0.8250825082508251,74.42857142857143,0.5,2017-30,9,25,29,238,61.76029962546816,58.38576779026218,19,78.45882352941177,64.49803921568628,3.8543307086614136,71.31,28.69,4.87,0,0,0,33.56,100,0,0,0,0,0,0,-2.80440476190476,15.266666666666667,319,3857,0.08270676691729323
2017-32,77,1,2331,0.429000429000429,84.57142857142857,0.09000000000000001,2017-31,34,77,19,232,69.44313725490196,64.49803921568628,0,81.10071942446044,61.687050359712245,2.5827338129496393,69.15,30.85,8.23,0,0,0,39.08,100,0,0,0,0,0,0,14.0725,25.71428571428571,480,3094,0.15513897866839044
2017-33,58,3,1656,1.8115942028985508,82,0.31,2017-32,30,51,0,278,65.95323741007195,61.687050359712245,2,81.68728522336771,64.5876288659794,3.1379310344827562,67.23,32.77,14.97,0,0,0,47.74,99.89,0.11,0,0,0,0,0.11,13.7876587301587,20.666666666666664,375,2108,0.17789373814041745
2017-34,56,2,1359,1.471670345842531,84.57142857142857,0.46,2017-33,40,83,2,286,68.82817869415808,64.5876288659794,82,82.18429003021147,56.18731117824776,2.5558912386706942,67.23,32.77,14.97,0,0,0,47.74,99.89,0.11,0,0,0,0,0.11,13.4888095238095,17.78571428571429,338,1764,0.19160997732426305
2017-35,34,1,614,1.6286644951140066,82.57142857142857,0,2017-34,29,74,82,248,60.202416918429016,56.18731117824776,113,81.3851590106007,51.82685512367491,2.964664310954058,61.71,38.29,14.32,0,0,0,52.61,99.89,0.11,0,0,0,0,0.11,13.1794841269841,6.066666666666668,186,766,0.24281984334203657
2017-36,34,2,884,2.2624434389140275,73.28571428571429,0.52,2017-35,2,10,113,170,55.48056537102473,51.82685512367491,32,80.25700934579439,58.53271028037381,4.841121495327095,61.79,38.21,14.32,0,0,0,52.53,99.89,0.11,0,0,0,0,0.11,12.862619047619,21.799999999999997,490,967,0.5067218200620476
2017-37,27,3,471,6.369426751592357,75.33333333333333,0.55,2017-36,2,13,32,182,62.53271028037381,58.53271028037381,65,83.64666666666668,58.74666666666667,1.899999999999999,73.21,26.79,12.21,0,0,0,39,99.89,0.11,0,0,0,0,0.11,12.5408333333333,7.769230769230769,160,620,0.25806451612903225
2017-38,16,0,514,0,83,0.07,2017-37,27,53,65,235,62.36333333333333,58.74666666666667,0,88.55223880597015,62.4179104477612,6.939939939939936,73.21,26.79,12.21,0,0,0,39,99.89,0.11,0,0,0,0,0.11,12.2161507936508,22.81818181818182,320,524,0.6106870229007634
2017-39,25,1,486,2.05761316872428,72.28571428571429,2.96,2017-38,7,11,0,334,64.68656716417911,62.4179104477612,69,84.03603603603602,58.50450450450452,1.9728096676737166,63.11,36.89,12.21,0,0,0,49.1,100,0,0,0,0,0,0,11.8903968253968,35.625,348,591,0.5888324873096447
2017-40,3,0,25,0,76.71428571428571,0.91,2017-39,26,48,69,264,61.756756756756786,58.50450450450452,89,83.2448275862069,55.25862068965521,3.8862068965517347,19.42,80.58,12.21,0,0,0,92.79,100,0,0,0,0,0,0,11.5655158730159,4,24,63,0.380952380952381
2018-23,9,0,202,0,77.42857142857143,0.08,2018-22,19,54,12,277,63.147766323024065,59.463917525773205,10,81.19014084507043,54.38028169014083,3.595588235294119,78.99,21.01,0,0,0,0,21.01,100,0,0,0,0,0,0,-8.88055555555555,25.571428571428573,203,488,0.41598360655737704
2018-24,24,0,748,0,72.14285714285714,1.37,2018-23,8,17,10,274,58.28169014084508,54.38028169014083,7,69.03980099502488,58.54228855721393,5.649999999999997,78.99,21.01,0,0,0,0,21.01,100,0,0,0,0,0,0,-8.80206349206349,22.333333333333336,336,2737,0.12276214833759592
2018-25,61,0,2037,0,78.28571428571429,0,2018-24,22,30,7,190,65.49751243781094,58.54228855721393,5,79.04453441295544,60.83400809716599,3.879166666666668,42.45,57.55,0,0,0,0,57.55,100,0,0,0,0,0,0,-8.77531746031746,54.45454545454546,645,3684,0.1750814332247557
2018-26,54,0,1861,0,80.14285714285714,0.36,2018-25,27,53,5,242,65.51417004048582,60.83400809716599,32,81.0212765957447,64.37588652482269,4.143884892086329,42.45,57.55,18.19,0,0,0,75.74,100,0,0,0,0,0,0,-8.80142857142857,66.41666666666666,833,2662,0.31292261457550713
2018-27,70,0,2597,0,83.71428571428571,1.44,2018-26,37,53,32,228,68.78368794326241,64.37588652482269,0,75.16444444444444,69.24444444444445,4.716216216216217,41.9,58.1,18.19,0,0,0,76.29,100,0,0,0,0,0,0,-8.87876984126984,33.8,387,4846,0.07985967808501858
2018-28,54,0,1984,0,88.14285714285714,1.16,2018-27,70,120,0,192,75.31555555555556,69.24444444444445,0,73.66945606694561,62.54811715481171,3.1722689075630264,37.6,62.4,20.4,0,0,0,82.8,100,0,0,0,0,0,0,-9.0043253968254,31,409,5640,0.0725177304964539
2018-29,58,0,1794,0,85.28571428571429,0.02,2018-28,50,83,0,230,68.83263598326361,62.54811715481171,16,82.08024691358025,63.993827160493815,3.7120743034055694,33.72,66.28,27.32,0,0,0,93.6,100,0,0,0,0,0,0,-9.17309523809524,50.66666666666667,629,4128,0.15237403100775193
2018-30,53,1,1734,0.5767012687427913,85.14285714285714,0.55,2018-29,53,108,16,299,68.22530864197532,63.993827160493815,0,81.07903780068729,72.09278350515464,6.162068965517244,38.32,61.68,19,0,0,0,80.68,100,0,0,0,0,0,0,-9.37904761904762,44.6923076923077,625,3104,0.20135309278350516
2018-31,47,1,1318,0.7587253414264037,87.28571428571429,0.24,2018-30,93,211,0,281,76.6701030927835,72.09278350515464,0,83.12,69.91384615384614,4.181538461538464,46.32,53.68,14.06,0,0,0,67.74,0,100,0,0,0,0,100,-6.18738095238095,21.909090909090914,295,2689,0.10970621048716996
2018-32,68,9,1979,4.547751389590703,89,1.29,2018-31,75,171,0,299,73.98461538461538,69.91384615384614,0,83.74183006535947,71.56535947712419,3.5986842105263164,54.76,45.24,11.01,0,0,0,56.25,0,100,0,0,0,0,100,14.1218253968254,46.58333333333333,592,2915,0.2030874785591767
2018-33,58,11,1721,6.391632771644393,88.85714285714286,2.33,2018-32,73,152,0,271,75.52287581699346,71.56535947712419,0,84.87423312883436,70.13496932515336,4.003076923076924,54.76,45.24,11.01,0,0,0,56.25,0,100,0,0,0,0,100,13.8401587301587,69.38461538461539,933,2524,0.3696513470681458
2018-34,53,7,1277,5.481597494126859,85.42857142857143,0.76,2018-33,57,107,0,309,73.62883435582823,70.13496932515336,26,82.70333333333333,61.56999999999999,3.313333333333334,57.68,42.32,11.01,0,0,0,53.33,0,100,0,0,0,0,100,13.5434126984127,33.333333333333336,498,1497,0.33266533066132264
2018-35,54,11,1539,7.147498375568551,80.57142857142857,0.2,2018-34,24,61,26,274,65.34333333333332,61.56999999999999,0,76.63636363636364,67.41148325358851,3.3719806763285014,58.71,41.29,11.01,0,0,0,52.3,17.88,82.12,0,0,0,0,82.12,13.235753968254,26.5,592,2090,0.2832535885167464
2018-36,62,8,1970,4.060913705583757,87.85714285714286,0,2018-35,59,92,0,182,73.07177033492822,67.41148325358851,0,80.96832579185521,68.15837104072398,3.6301369863013706,53.36,46.64,12.55,3.41,0,0,62.6,0,100,0,0,0,0,100,12.92,96.1,1230,3126,0.3934740882917466
2018-37,56,9,1660,5.421686746987952,81.85714285714286,0.9500000000000001,2018-36,43,73,0,202,72.45248868778282,68.15837104072398,0,89.13793103448276,65.64778325123152,2.3128078817733932,56.88,43.12,8.38,1.26,0,0,52.76,0,100,0,0,0,0,100,12.5989682539683,93.58333333333334,1467,2655,0.5525423728813559
2018-38,47,3,1658,1.8094089264173705,77.42857142857143,2.9,2018-37,20,56,0,406,67.88177339901478,65.64778325123152,32,87.00336700336702,61.18518518518517,3.454545454545454,56.88,43.12,8.38,1.26,0,0,52.76,0,100,0,0,0,0,100,12.2746825396825,45.1,572,1607,0.35594275046670815
2018-39,12,1,218,4.587155963302752,71.85714285714286,1.23,2018-38,3,19,32,265,63.740740740740726,61.18518518518517,89,87.94540229885058,55.94540229885057,3.880813953488373,58.66,41.34,8.38,1.26,0,0,50.98,62.61,37.39,0,0,0,0,37.39,11.9490079365079,12,139,281,0.494661921708185
2018-40,18,1,384,2.6041666666666665,70,2.19,2018-39,1,18,89,259,58.12931034482761,55.94540229885057,39,87.22662889518412,57.89518413597734,3.036931818181821,54.06,45.94,7.48,1.26,0,0,54.68,77.75,22.25,0,0,0,0,22.25,11.6238492063492,22.142857142857142,207,511,0.4050880626223092
2019-23,25,0,571,0,70.85714285714286,0.6100000000000001,2019-22,0,18,0,260,59.923076923076934,55.71538461538462,28,66.4304932735426,56.3811659192825,5.143497757847532,100,0,0,0,0,0,0,100,0,0,0,0,0,0,-8.89988095238095,36.84615384615385,540,3043,0.1774564574433125
2019-24,45,0,1633,0,77.28571428571429,0.04,2019-23,2,37,28,195,63.690582959641254,56.3811659192825,7,77.15714285714287,59.65357142857143,5.5842293906810045,100,0,0,0,0,0,0,100,0,0,0,0,0,0,-8.81246031746032,165.84615384615387,2235,3626,0.6163816878102593
2019-25,63,0,2379,0,74.57142857142857,2.6199999999999997,2019-24,0,26,7,273,64.49285714285715,59.65357142857143,0,81.01639344262293,63.59016393442622,3.582236842105266,100,0,0,0,0,0,0,100,0,0,0,0,0,0,-8.77626984126984,133.6153846153846,1869,4299,0.4347522679692952
2019-26,26,0,647,0,76.42857142857143,1.36,2019-25,12,31,0,305,67.70819672131148,63.59016393442622,0,78.46014492753622,66.32246376811594,3.596363636363637,100,0,0,0,0,0,0,100,0,0,0,0,0,0,-8.79285714285714,18.230769230769234,318,2863,0.11107230178134823
2019-27,41,0,1463,0,85.14285714285714,0.24,2019-26,42,78,0,265,71.31159420289855,66.32246376811594,0,75.41221374045801,66.1412213740458,2.957854406130265,100,0,0,0,0,0,0,100,0,0,0,0,0,0,-8.86123015873016,53.25,513,1533,0.33463796477495106
2019-28,53,0,1926,0,87.85714285714286,0.24,2019-27,69,110,0,234,72.08015267175571,66.1412213740458,0,78.65930599369085,65.71924290220822,2.3101265822784782,100,0,0,0,0,0,0,100,0,0,0,0,0,0,-8.9784126984127,68.3076923076923,1122,5258,0.21338912133891216
2019-29,73,4,2788,1.4347202295552368,88.71428571428571,2.3699999999999997,2019-28,70,100,0,295,70.8895899053628,65.71924290220822,0,75.6147186147186,69.54504504504503,3.830434782608697,96.76,3.24,0,0,0,0,3.24,100,0,0,0,0,0,0,-9.13968253968254,134.58333333333331,1663,11347,0.14655856173437914
2019-30,121,33,4719,6.993006993006993,89.14285714285714,0.29000000000000004,2019-29,78,137,0,197,75.6233766233766,69.54504504504503,0,77.20960698689959,65.28636363636363,3.8097345132743365,100,0,0,0,0,0,0,100,0,0,0,0,0,0,-9.33948412698413,240.8,4855,15206,0.3192818624227279
2019-31,134,52,5094,10.208087946603849,83.85714285714286,1.54,2019-30,45,76,0,223,70.76855895196506,65.28636363636363,0,73.46575342465754,67.49532710280374,3.2465753424657553,100,0,0,0,0,0,0,100,0,0,0,0,0,0,-9.57138888888889,160,3586,10495,0.34168651738923295
2019-32,106,21,3944,5.324543610547667,91,0.04,2019-31,76,108,0,184,74.35159817351598,67.49532710280374,0,77.7898305084746,65.17288135593222,3.681355932203389,96.59,3.41,0,0,0,0,3.41,100,0,0,0,0,0,0,14.1705952380952,108.27692307692308,7129,21805,0.32694336161430865
2019-33,98,27,3629,7.44006613392119,84.57142857142857,0.35000000000000003,2019-32,46,120,0,294,70.32881355932203,65.17288135593222,0,81.1013071895425,66.6797385620915,2.9084967320261446,90.39,9.61,0,0,0,0,9.61,100,0,0,0,0,0,0,13.8920634920635,109.48275862068964,4456,10383,0.42916305499373975
2019-34,53,11,1718,6.40279394644936,84.28571428571429,0.04,2019-33,39,90,0,300,70.95424836601308,66.6797385620915,0,78.55849056603773,66.26415094339625,3.7519083969465665,90.39,9.61,0,0,0,0,9.61,100,0,0,0,0,0,0,13.5977777777778,81.91666666666664,3939,7634,0.515981137018601
2019-35,49,7,950,7.368421052631579,83.57142857142857,0.46,2019-34,60,117,0,250,71.15471698113207,66.26415094339625,47,81.04320987654322,58.5,1.9752321981424141,81.38,18.62,0,0,0,0,18.62,100,0,0,0,0,0,0,13.2917857142857,20.25925925925926,601,1649,0.3644633110976349
2019-36,37,5,919,5.4406964091403704,80.42857142857143,1.02,2019-35,19,47,47,277,62.48456790123457,58.5,0,78.04716981132076,59.481132075471706,3.876777251184832,92.16,7.84,0,0,0,0,7.84,100,0,0,0,0,0,0,12.9773015873016,54.2,617,1006,0.6133200795228628
2019-37,34,7,919,7.616974972796518,75.33333333333333,0.19,2019-36,3,21,0,212,63.990566037735846,59.481132075471706,81,82.8123076923077,56.46153846153847,2.641975308641976,92.16,7.84,0,0,0,0,7.84,100,0,0,0,0,0,0,12.6570238095238,36,475,762,0.6233595800524935
2019-38,27,2,522,3.8314176245210727,76.28571428571429,0.49000000000000005,2019-37,10,20,81,244,59.79384615384615,56.46153846153847,164,80.71260997067448,48.513196480938426,1.2911764705882347,83.71,16.29,0,0,0,0,16.29,100,0,0,0,0,0,0,12.3331746031746,29.583333333333336,751,1074,0.6992551210428305
2019-39,26,0,456,0,76,0,2019-38,15,24,164,177,52.0791788856305,48.513196480938426,67,80.79333333333332,57.21,3.2626262626262608,63.59,36.41,0,0,0,0,36.41,100,0,0,0,0,0,0,12.0076587301587,17.210526315789473,346,546,0.6336996336996337
2019-40,16,2,383,5.221932114882507,78.28571428571429,0.91,2019-39,8,30,67,233,61.080000000000005,57.21,58,76.3448275862069,50.21551724137932,4.134199134199132,62.85,37.15,0,0,0,0,37.15,100,0,0,0,0,0,0,11.6821031746032,29.333333333333336,448,553,0.810126582278481
2019-41,7,1,200,5,67.28571428571429,0.29000000000000004,2019-40,1,6,58,174,54.30603448275863,50.21551724137932,46,82.26712328767125,52.695205479452056,6.02413793103448,75.75,24.25,0,0,0,0,24.25,100,0,0,0,0,0,0,11.3588888888889,40.6,203,267,0.7602996254681648
2020-24,13,0,149,0,77.14285714285714,0.54,2020-23,17,36,13,223,65.92796610169493,60.529661016949156,23,73.96,60.20800000000001,4.770161290322578,39,61,0,0,0,0,61,100,0,0,0,0,0,0,-8.82444444444445,21.454545454545453,265,1466,0.18076398362892224
2020-25,24,0,373,0,78.85714285714286,2.26,2020-24,10,36,23,227,65.73200000000001,60.20800000000001,44,74.82730923694778,60.65863453815263,4.056910569105688,21.68,78.32,0,0,0,0,78.32,100,0,0,0,0,0,0,-8.77880952380952,5.6,80,1397,0.0572655690765927
2020-26,38,0,1287,0,83.28571428571429,0,2020-25,41,67,44,195,66.18473895582332,60.65863453815263,0,78.66551724137932,66.34137931034482,3.7034482758620673,9.66,90.34,45.98,0,0,0,136.32,100,0,0,0,0,0,0,-8.7859126984127,28.923076923076923,444,3516,0.12627986348122866
2020-27,32,0,1101,0,86.57142857142857,0.58,2020-26,61,94,0,290,71.3,66.34137931034482,0,82.85714285714285,66.20448179271709,3.122159090909089,9.21,90.79,39.62,0,0,0,130.41,100,0,0,0,0,0,0,-8.84515873015873,179.75,2186,3322,0.6580373269114991
2020-28,56,0,1878,0,81,1.11,2020-27,26,62,0,357,69.8795518207283,66.20448179271709,0,78.81749049429658,70.39923954372622,6,8.66,91.34,61.21,4.16,0,0,156.71,0,100,0,0,0,0,100,-8.95388888888889,28.5,403,3402,0.11845972957084068
2020-29,52,0,1844,0,85,0.1,2020-28,68,148,0,254,75.32699619771863,70.39923954372622,0,78.69433962264151,65.32830188679245,3.0984848484848486,9.86,90.14,59.16,3.14,0,0,152.44,0,100,0,0,0,0,100,-9.10765873015873,30.5,427,4719,0.09048527230345411
2020-30,65,0,2415,0,83.71428571428571,0.34,2020-29,38,72,0,249,70.11698113207547,65.32830188679245,0,74.76211453744493,70.23348017621146,3.3568281938326,9.86,90.14,59.16,3.14,0,0,152.44,0,100,0,0,0,0,100,-9.30095238095238,24.083333333333336,338,5862,0.05765950187649266
2020-31,63,1,2207,0.45310376076121434,91.57142857142857,0.34,2020-30,81,144,0,186,76.72687224669605,70.23348017621146,0,74.78600823045267,69.70781893004114,3.621399176954732,12.46,87.54,59.87,3.14,0,0,150.55,0,100,99.86,0,0,0,199.86,-9.52753968253968,34.16666666666667,411,4865,0.08448098663926001
2020-32,63,2,2218,0.9017132551848512,92.28571428571429,0.59,2020-31,95,141,0,205,76.15637860082306,69.70781893004114,0,74.72844827586206,68.0948275862069,4.564655172413799,12.46,87.54,62.39,3.14,0,0,153.07,0,100,100,0,0,0,200,7.36150793650794,8.615384615384615,114,3233,0.03526136715125271
2020-33,66,4,2194,1.8231540565177755,88.71428571428571,0.14,2020-32,77,115,0,211,74.36637931034483,68.0948275862069,0,79.03225806451616,68.63082437275985,4.163043478260868,4.67,95.33,63.33,7.65,0,0,166.31,0,100,100,0,0,0,200,13.9435317460317,18.52173913043478,427,2517,0.16964640444974174
2020-34,44,1,1307,0.7651109410864575,86.28571428571429,0.45,2020-33,61,116,0,252,73.60931899641575,68.63082437275985,0,79.72136222910217,62.72755417956657,3.102484472049687,4.67,95.33,72.78,29.04,0,0,197.15,0,100,100,0,0,0,200,13.651746031746,8.09090909090909,116,1974,0.05876393110435663
2020-35,41,1,1009,0.9910802775024776,85.28571428571429,0.27,2020-34,40,65,0,314,67.28482972136223,62.72755417956657,0,77.57299270072993,66.21167883211679,3.7765567765567756,0.97,99.03,78.83,30.11,0,0,207.97,0,100,100,0,0,0,200,13.3475396825397,23.333333333333336,298,1276,0.2335423197492163
2020-36,32,2,743,2.6917900403768504,82.57142857142857,0.77,2020-35,28,89,0,263,71.29562043795622,66.21167883211679,8,79.18918918918921,64.25968992248062,3.270270270270269,1.47,98.53,75.74,28.62,0,0,202.89,0,100,100,92.81,0,0,292.81,13.0344444444444,1.7000000000000002,32,688,0.04651162790697674
2020-37,27,1,782,1.278772378516624,80.14285714285714,0.62,2020-36,12,60,8,248,68.85714285714285,64.25968992248062,55,83.59190031152647,60.94080996884735,2.501557632398752,1.47,98.53,86.96,30.99,0,0,216.48,0,100,100,92.81,0,0,292.81,12.7150396825397,7.25,98,751,0.13049267643142476
2020-38,17,0,387,0,79.57142857142857,0.02,2020-37,20,72,55,266,64.2803738317757,60.94080996884735,56,68.31794871794871,51.24102564102563,4.255208333333334,1.74,98.26,87.32,47.36,4.07,0,237.01,0,100,100,100,0,0,300,12.3916666666667,2,30,438,0.0684931506849315
2020-39,8,0,184,0,70,0,2020-38,0,11,56,139,57.28205128205129,51.24102564102563,46,75.28125,55.18359375,2.9019607843137254,0.43,99.57,91.03,63.68,8.37,0,262.65,0,100,100,100,1.98,0,301.98,12.0661904761905,0,3,245,0.01224489795918367
2020-40,8,0,103,0,76.85714285714286,0.01,2020-39,6,45,46,210,60.15234375,55.18359375,99,82.48640483383687,56.051359516616344,4.075757575757578,0,100,93.78,75.58,12.07,0,281.43,0,100,100,100,70.72,0,370.72,11.7406746031746,0.75,9,284,0.03169014084507042
2021-23,12,0,275,0,77.71428571428571,0.32,2021-22,21,35,9,245,64.30916030534348,60.15267175572519,7,71.15300546448087,62.42622950819673,4.044198895027627,41.8,58.2,25.3,0,0,0,83.5,0.16,99.84,0,0,0,0,99.84,-8.8381746031746,10.5,126,750,0.168
2021-24,32,0,698,0,82.85714285714286,0.37,2021-23,36,51,7,160,69.07103825136612,62.42622950819673,8,75.75641025641028,61.294871794871796,3.97863247863248,24.61,75.39,32.27,0,0,0,107.66,0.16,99.84,46.06,0,0,0,145.9,-8.7831746031746,3.6666666666666665,49,902,0.05432372505543237
2021-25,29,0,923,0,79.57142857142857,0.92,2021-24,17,46,8,226,66.76495726495726,61.294871794871796,11,82.63481228668941,65.53583617747442,5.962199312714775,22.26,77.74,49.67,3.46,0,0,130.87,0.16,99.84,46.06,0,0,0,145.9,-8.78075396825397,11.75,143,1265,0.11304347826086956
2021-26,50,0,1673,0,80.14285714285714,0.88,2021-25,23,69,11,282,69.25255972696247,65.53583617747442,0,85.93312101910828,64.73566878980894,4.48064516129032,22.26,77.74,51.51,10.9,0,0,140.15,0.16,99.84,46.06,0,0,0,145.9,-8.83071428571429,3.5,42,3923,0.01070609227631914
2021-27,34,0,1093,0,81.57142857142857,3.5600000000000005,2021-26,46,62,0,289,67.88853503184713,64.73566878980894,0,85.88924050632913,66.22784810126583,4.641025641025643,24.67,75.33,52.27,10.9,0,0,138.5,0.16,99.84,46.06,0,0,0,145.9,-8.9309126984127,11.363636363636363,125,2157,0.05795085767269355
2021-28,41,0,1252,0,79.71428571428571,2.24,2021-27,18,41,0,309,69.24050632911391,66.22784810126583,0,88.30835734870317,69.66282420749279,2.9855072463768106,35.45,64.55,29.95,4.55,0,0,99.05,0.7,99.3,46.25,0,0,0,145.55,-9.07702380952381,5,58,2258,0.02568644818423383
2021-29,67,0,2318,0,83.28571428571429,1.7,2021-28,49,87,0,334,72.27665706051873,69.66282420749279,0,84.28928571428571,65.41428571428571,2.2392857142857148,44.76,55.24,29.24,4.89,0,0,89.37,0.7,99.3,40.09,0,0,0,139.39,-9.26357142857143,21.384615384615383,309,3288,0.09397810218978102
2021-30,60,1,2275,0.4395604395604395,81.28571428571429,0.53,2021-29,21,47,0,280,68.92142857142858,65.41428571428571,1,76.60747663551403,63.5,3.460093896713615,49.66,50.34,24.21,4.28,0,0,78.83,0.7,99.3,40.09,0,0,0,139.39,-9.48464285714286,23.666666666666664,309,3870,0.07984496124031008
2021-31,62,1,2125,0.4705882352941176,81.42857142857143,0.32,2021-30,24,46,1,202,68.81308411214953,63.5,0,85.69256756756756,65.09459459459461,2.547297297297297,54.24,45.76,28.74,4.64,0,0,79.14,0.7,99.3,40.09,0,0,0,139.39,3.98031746031746,19.083333333333336,245,5434,0.04508649245491351
2021-32,56,2,2128,0.9398496240601504,80.42857142857143,4.3100000000000005,2021-31,25,54,0,294,68.20945945945945,65.09459459459461,0,82.45769230769228,70.18076923076924,3.359073359073357,54.21,45.79,27.12,4.64,0,0,77.55,8.32,91.68,40.09,0,0,0,131.77,13.9943650793651,37.36363636363636,428,10853,0.03943610061734082
2021-33,57,2,1800,1.1111111111111112,86.71428571428571,0.34,2021-32,51,109,0,236,74.34999999999998,70.18076923076924,0,84.78928571428571,70.525,5.6142857142857245,51.26,48.74,27.12,4.64,0,0,80.5,8.32,91.68,40.09,0,0,0,131.77,13.7052380952381,34.33333333333333,430,5079,0.08466233510533569
2021-34,62,1,2323,0.4304778303917348,82.71428571428571,1,2021-33,47,127,0,279,73.95,70.525,0,82.47892720306513,70.30268199233717,3.0919540229885034,51.26,48.74,27.12,4.76,0,0,80.62,8.32,91.68,40.09,19.98,0,0,151.75,13.4030158730159,142.75,1769,22664,0.07805330038828097
2021-35,43,0,1320,0,85.71428571428571,2.2,2021-34,52,89,0,235,74.37931034482759,70.30268199233717,0,83.26122448979591,63.253061224489805,4.465020576131686,51.26,48.74,31.91,4.76,0,0,85.41,8.32,91.68,40.09,19.98,0,0,151.75,13.0912698412698,34.16666666666667,492,3550,0.13859154929577464
2021-36,45,1,1428,0.7002801120448179,77.42857142857143,4.8,2021-35,18,37,0,245,66.78775510204082,63.253061224489805,3,81.10050251256283,64.58793969849246,4.010152284263957,57.87,42.13,31.72,4.64,0,0,78.49,71.39,28.61,20.31,0,0,0,48.92,12.7728571428571,40.16666666666667,537,4078,0.13168219715546836
2021-37,56,5,1803,2.7731558513588466,79.66666666666667,0.68,2021-36,9,35,3,196,68.70854271356784,64.58793969849246,0,86.578431372549,64.36274509803921,3.3311475409836055,61.64,38.36,18.87,2.47,0,0,59.7,81.24,18.76,5.81,0,0,0,24.57,12.4500396825397,71.91666666666666,916,3735,0.24524765729585007
2021-38,35,3,908,3.303964757709251,76.14285714285714,0.38,2021-37,12,30,0,306,67.25163398692811,64.36274509803921,20,84.38602941176471,63.49264705882352,4.341911764705882,64.16,35.84,18.07,2.47,0,0,56.38,81.24,18.76,5.81,0,0,0,24.57,12.1248412698413,38.30769230769231,588,7040,0.08352272727272728
2021-39,13,0,326,0,77.28571428571429,1.38,2021-38,3,55,20,252,66.83823529411764,63.49264705882352,32,80.99545454545455,55.659090909090914,2.872146118721462,74.62,25.38,9.75,2.47,0,0,37.6,94.1,5.9,0,0,0,0,5.9,11.7991666666667,21.166666666666664,278,8466,0.03283723127805339
2022-23,10,0,315,0,77.28571428571429,0.1,2022-22,9,20,8,246,61.69803921568628,56.81496062992126,14,75.34873949579831,60.88034188034188,5.255319148936173,64.77,35.23,6.92,0,0,0,42.15,0,100,0,0,0,0,100,-8.8534126984127,111.44444444444444,1023,1817,0.5630159603742433
2022-24,54,0,2193,0,80,1.4700000000000002,2022-23,9,47,14,224,66.37815126050421,60.88034188034188,3,73.50746268656715,60.318407960198996,4.910000000000003,65.68,34.32,7.37,0,0,0,41.69,0,100,0,0,0,0,100,-8.78924603174603,86.83333333333334,1125,2623,0.428898208158597
2022-25,29,0,963,0,77,1.06,2022-24,15,34,3,198,66.0049751243781,60.318407960198996,9,75.83132530120483,58.349397590361455,2.9149797570850198,60.67,39.33,7.37,0,0,0,46.7,0,100,0,0,0,0,100,-8.77730158730159,44.076923076923066,595,1283,0.4637568199532346
2022-26,37,0,1469,0,81.71428571428571,0,2022-25,21,48,9,230,63.85140562248997,58.349397590361455,0,77.13807531380753,65.0836820083682,4.13392857142857,27.78,72.22,23.14,0,0,0,95.36,0,100,0,0,0,0,100,-8.81793650793651,116.75,1443,6829,0.21130472982867185
2022-27,26,0,975,0,82.57142857142857,1.08,2022-26,37,67,0,237,70.43096234309624,65.0836820083682,3,68.87096774193549,61.40860215053763,4.044198895027624,20.3,79.7,39.7,0,0,0,119.4,0,100,0,0,0,0,100,-8.90924603174603,15.75,197,1573,0.12523839796567068
2022-28,42,1,1519,0.6583278472679394,82,0.02,2022-27,25,65,3,183,68.68279569892474,61.40860215053763,0,79.60655737704919,64.30491803278689,3.0690789473684235,13.48,86.52,61.61,3.1,0,0,151.23,0,100,0,0,0,0,100,-9.0475,30.333333333333336,384,2347,0.1636131231359182
2022-29,36,0,1245,0,86.14285714285714,1.08,2022-28,54,84,0,295,69.06229508196722,64.30491803278689,0,75.09716599190284,71.9919028340081,5.24390243902439,17.17,82.83,59.25,3.74,0,0,145.82,0,100,100,0,0,0,200,-9.22730158730159,8.583333333333332,113,980,0.1153061224489796
2022-30,32,0,902,0,92.42857142857143,0.09,2022-29,96,161,0,199,78.46153846153847,71.9919028340081,0,71.0183486238532,68.93577981651376,5.133640552995395,21.2,78.8,52.89,8.67,0,0,140.36,0,100,100,0,0,0,200,-9.44257936507937,11.833333333333332,161,1036,0.1554054054054054
2022-31,43,1,1407,0.7107320540156361,87.71428571428571,0.1,2022-30,88,142,0,210,76.19266055045871,68.93577981651376,0,75.89035087719299,70.95614035087718,4.889867841409694,24.18,75.82,53.05,16.6,0,0,145.47,0,100,100,100,0,0,300,0.598452380952382,26.166666666666664,329,1500,0.21933333333333332
2022-32,24,0,672,0,91.42857142857143,0.21,2022-31,75,128,0,186,77.00438596491227,70.95614035087718,0,82.53012048192771,71.26506024096386,4.902439024390241,23.74,76.26,40.69,16.82,3.57,0,137.34,0,100,100,100,11.61,0,311.61,14.0446428571429,15.416666666666664,186,814,0.2285012285012285
2022-33,21,0,481,0,86,1.43,2022-32,27,90,0,152,75.27710843373494,71.26506024096386,0,NA,NA,NA,23.96,76.04,43.56,26.76,7.7,0,154.06,0,100,100,100,10.49,0,310.49,13.758333333333301,8.416666666666668,103,633,0.1627172195892575
2022-34,28,1,472,2.1186440677966103,NA,NA,2022-33,0,0,0,0,NA,NA,0,NA,NA,NA,28.7,71.3,42.96,27.83,7.7,0,149.79,0,100,100,100,10.49,0,310.49,13.4582142857143,12.25,152,660,0.23030303030303031
2022-35,26,2,414,4.830917874396135,NA,NA,2022-34,0,0,0,0,NA,NA,0,NA,NA,NA,26.6,73.4,41.09,26.1,6.14,0,146.73,0,100,100,100,10.49,0,310.49,13.1479761904762,8.25,128,563,0.22735346358792183
2022-36,21,0,333,0,NA,NA,2022-35,0,0,0,0,NA,NA,0,NA,NA,NA,26.6,73.4,39.65,20.49,1.51,0,135.05,0,100,100,100,10.49,0,310.49,12.8304365079365,16.166666666666664,201,578,0.3477508650519031
2022-37,25,0,388,0,NA,NA,2022-36,0,0,0,0,NA,NA,0,NA,NA,NA,28.22,71.78,40.03,19.44,1.51,0,132.76,0,100,100,100,10.49,0,310.49,12.508373015873,10.666666666666668,134,541,0.2476894639556377
2022-38,26,1,465,2.150537634408602,NA,NA,2022-37,0,0,0,0,NA,NA,0,NA,NA,NA,29.91,70.09,39.51,17.16,0.83,0,127.59,0,100,100,100,0,0,300,12.1834523809524,10.2,103,520,0.19807692307692307
2022-39,23,0,246,0,NA,NA,2022-38,0,0,0,0,NA,NA,0,NA,NA,NA,57.69,42.31,23.4,7.09,0.43,0,73.23,0,100,100,55.13,0,0,255.13,11.8576984126984,8.818181818181818,105,458,0.2292576419213974
2022-40,4,0,49,0,NA,NA,2022-39,0,0,0,0,NA,NA,0,NA,NA,NA,57.63,42.37,21.75,6.31,0.43,0,70.86,0,100,100,55.13,0,0,255.13,11.5329761904762,6.357142857142857,89,192,0.4635416666666667
2023-23,16,0,259,0,72.57142857142857,0.22,2023-22,14,25,89,178,55.262962962962966,50.47037037037037,52,79.87248322147651,52.40604026845638,2.1196581196581206,62.18,37.82,8.35,0,0,0,46.17,0,100,0,0,0,0,100,-8.87039682539683,23,318,649,0.4899845916795069
2023-24,46,0,1654,0,71.57142857142857,0.47,2023-23,4,11,52,246,56.23825503355705,52.40604026845638,0,79.58518518518518,62.488888888888894,3.933333333333331,62.26,37.74,5.35,0,0,0,43.09,0,100,0,0,0,0,100,-8.79698412698413,42.84615384615385,613,1608,0.3812189054726368
2023-25,44,0,1490,0,78,0.8799999999999999,2023-24,9,39,0,270,66.82962962962964,62.488888888888894,39,82.05590062111801,61.20496894409937,3.056249999999995,74.31,25.69,1.52,0,0,0,27.21,34.44,65.56,0,0,0,0,65.56,-8.77559523809524,40.84615384615385,558,1500,0.372
2023-26,50,0,1946,0,77.71428571428571,0.16,2023-25,16,39,39,283,64.83850931677019,61.20496894409937,0,83.30747922437673,67.73130193905816,4.5416666666666705,76.36,23.64,1.52,0,0,0,25.16,34.44,65.56,0,0,0,0,65.56,-8.80674603174603,64.92307692307693,948,3343,0.2835776248878253
2023-27,38,0,1331,0,82.85714285714286,1.87,2023-26,32,110,0,361,71.46260387811634,67.73130193905816,0,82.00632911392405,71.21835443037975,2.888888888888891,84.2,15.8,1.53,0,0,0,17.33,52.12,47.88,0,0,0,0,47.88,-8.88924603174603,24.083333333333336,320,1323,0.2418745275888133
2023-28,52,0,1700,0,87.28571428571429,1.33,2023-27,80,125,0,297,75.48417721518987,71.21835443037975,0,83.3731884057971,72.21014492753622,5.407272727272728,97.43,2.57,0,0,0,0,2.57,100,0,0,0,0,0,0,-9.01940476190476,49.6923076923077,689,2935,0.23475298126064736
2023-29,62,0,2501,0,84.16666666666667,5.65,2023-28,54,160,0,267,76.06521739130434,72.21014492753622,0,78.78368794326241,69.74468085106383,2.7943262411347507,99.23,0.77,0,0,0,0,0.77,100,0,0,0,0,0,0,-9.19210317460317,93.92307692307692,1298,4624,0.28070934256055363
2023-30,60,0,2300,0,86.14285714285714,0.04,2023-29,79,133,0,275,74.84042553191489,69.74468085106383,0,77.01801801801803,69.27727272727273,4.226244343891401,99.83,0.17,0,0,0,0,0.17,100,0,0,0,0,0,0,-9.40150793650794,140.30769230769226,1849,4953,0.37330910559257013
2023-31,57,1,2171,0.460617227084293,87.28571428571429,0.43000000000000005,2023-30,71,112,0,205,74.70270270270271,69.27727272727273,0,68.69270833333334,62.59375,3.1105263157894747,100,0,0,0,0,0,0,100,0,0,0,0,0,0,-2.78420634920635,94.6153846153846,1250,4385,0.28506271379703535
2023-32,67,2,2632,0.7598784194528876,82.57142857142857,0,2023-31,26,74,0,192,69.91666666666666,62.59375,0,76.65948275862068,68.64655172413794,5.073913043478262,99.79,0.21,0,0,0,0,0.21,100,0,0,0,0,0,0,14.0943650793651,85,1165,6411,0.1817189206052098
2023-33,70,2,2651,0.7544322897019993,84.28571428571429,1.4200000000000002,2023-32,50,122,0,232,74.07758620689656,68.64655172413794,0,81.35830618892507,66.8827361563518,3.8910891089108888,100,0,0,0,0,0,0,100,0,0,0,0,0,0,13.8109920634921,149.30769230769232,1996,10150,0.19665024630541872
2023-34,62,2,2090,0.9569377990430622,78.57142857142857,2.73,2023-33,19,47,0,307,70.8729641693811,66.8827361563518,0,79.90298507462687,64.49626865671641,3.484496124031006,100,0,0,0,0,0,0,100,0,0,0,0,0,0,13.5131349206349,29.692307692307693,458,6565,0.06976389946686977
2023-35,83,1,2564,0.39001560062402496,80.14285714285714,1.1400000000000001,2023-34,15,60,0,267,68.92164179104478,64.49626865671641,9,79.2448132780083,64.04979253112033,2.6680851063829785,100,0,0,0,0,0,0,100,0,0,0,0,0,0,13.2043650793651,75.88235294117646,1422,5390,0.263821892393321
2023-36,29,2,845,2.366863905325444,79.42857142857143,0.41000000000000003,2023-35,10,48,9,230,68.52697095435684,64.04979253112033,0,81.5,71.42532467532467,2.5351170568561847,100,0,0,0,0,0,0,100,0,0,0,0,0,0,12.8880555555556,33.666666666666664,320,1255,0.2549800796812749
2023-37,45,3,1445,2.0761245674740487,90.14285714285714,1.2,2023-36,89,155,0,275,75.88961038961038,71.42532467532467,0,81.57382550335572,65.40939597315437,2.5780141843971585,100,0,0,0,0,0,0,100,0,0,0,0,0,0,12.5666666666667,79.42857142857143,1154,3428,0.33663943990665113
2023-38,38,7,1190,5.88235294117647,78.71428571428571,3.79,2023-37,12,55,0,298,69.23489932885906,65.40939597315437,8,82.53260869565217,59.376811594202906,3.8492063492063493,100,0,0,0,0,0,0,100,0,0,0,0,0,0,12.2421031746032,58.25,768,3676,0.2089227421109902
2023-39,41,8,1008,7.936507936507936,70.85714285714286,2.6500000000000004,2023-38,0,7,8,268,62.80797101449275,59.376811594202906,66,85.9472049689441,53.726708074534166,2.587412587412588,100,0,0,0,0,0,0,100,0,0,0,0,0,0,11.9163492063492,16.692307692307693,279,1073,0.26001863932898417
2023-40,45,0,640,0,65.28571428571429,1.82,2023-39,0,0,66,256,56.10248447204968,53.726708074534166,20,83.28770949720669,59.12011173184358,2.29106628242075,100,0,0,0,0,0,0,100,0,0,0,0,0,0,11.5912301587302,5.666666666666667,209,733,0.28512960436562074
2023-41,23,0,747,0,77.14285714285714,0.17,2023-40,9,31,20,336,62.393854748603346,59.12011173184358,85,74.38725490196079,48.049019607843135,2.35897435897436,100,0,0,0,0,0,0,100,0,0,0,0,0,0,11.2689682539683,14.333333333333332,176,1718,0.10244470314318976
