week_num,Hrs_Below_50_current,Avg_HourlyRelativeHumidity_current,Avg_HourlyWetBulbTemperature_current,Avg_HourlyWindSpeed_current
2006-01,283,87.50530035335687,30.886925795053003,3.9611307420494666
2006-02,161,85.16494845360823,41.73195876288659,8.426116838487962
2006-03,149,62.59677419354837,34.22043010752687,10.489247311827954
2006-04,249,76.53612167300376,32.160305343511446,5.307984790874527
2006-05,273,89.61702127659574,40.17682926829269,7.1732522796352605
2006-06,216,61.513888888888864,23.5,9.995370370370367
2006-07,169,61.73096446700507,28.6974358974359,8.421319796954311
2006-08,204,63.803921568627445,23.955882352941174,6.303921568627448
2006-09,199,53.47738693467336,21.57286432160803,8.07537688442211
2006-10,148,70.74193548387096,36.01612903225808,5.655913978494624
2006-11,164,60.621359223300956,35.11650485436893,8.388349514563103
2006-12,187,60.85204081632654,31.785714285714292,6.362244897959182
2006-13,105,61.09090909090908,38.095959595959606,5.464646464646458
2006-14,180,76.31739130434782,38.22608695652174,6.86086956521739
2006-15,96,72.20512820512822,44.333333333333336,5.662393162393165
2006-16,113,62.86243386243385,42.62433862433862,7.116402116402117
2006-17,111,61.939226519337005,41.60893854748603,6.320441988950276
2006-18,123,75.24888888888891,48.08444444444444,7.880000000000003
2006-19,123,89.48742138364781,49.16666666666666,7.559748427672955
2006-20,14,81.98069498069493,53.04280155642023,7.3474903474903455
2006-21,63,76.34765625,54.0625,4.3203125
2006-22,0,87.21403508771931,59.326315789473675,5.452631578947364
2006-23,0,87.874251497006,56.249249249249246,6.323353293413176
2006-24,0,76.28378378378378,60.466063348416284,3.9549549549549536
2006-25,0,86.02173913043481,65.99689440993788,4.090342679127723
2006-26,0,81.59677419354837,68.14516129032259,8.286290322580644
2006-27,0,78.44796380090497,65.83710407239819,3.8190045248868776
2006-28,0,83.64338235294119,68.70220588235294,5.536764705882355
2006-29,0,83.43234323432344,70.54125412541254,5.6006600660066
2006-30,0,73.67213114754098,70.1639344262295,7.415300546448086
2006-31,0,78.76603773584905,67.6969696969697,3.3283018867924525
2006-32,24,72.05454545454545,60.35159817351598,5.145454545454544
2006-33,16,83.9673202614379,62.50491803278689,3.594771241830065
2006-34,5,84.11272727272727,59.21454545454546,3.0581818181818186
2006-35,4,87.0223642172524,60.38636363636364,5.424920127795524
2006-36,10,84.38775510204081,57.93055555555556,2.421768707482992
2006-37,70,84.04198473282445,53.923076923076934,2.6908396946564883
2006-38,41,81.9669117647059,58.22222222222222,5.415441176470588
2006-39,156,85.52753623188406,49.849557522123895,2.794202898550721
2006-40,158,83.64169381107493,47.599348534201965,3.1947194719471943
2006-41,140,79.94999999999997,46.982078853046595,3.728571428571429
2006-42,118,81.48096885813146,47.53633217993078,4.740484429065742
2006-43,119,69.99078341013826,44,8.778801843317966
2006-44,181,77.58527131782947,40.89883268482489,3.2519379844961245
2006-45,78,87.14603174603172,49.555555555555564,3.199999999999999
2006-46,59,85.18666666666664,53.5,6.239999999999998
2006-47,246,80.6969696969697,38.92045454545454,6.238636363636358
2006-48,151,84.75187969924814,45.777358490566044,5.808270676691726
2006-49,173,60.59375,29.46073298429319,7.13541666666667
2006-50,160,79.50434782608697,41.28384279475982,4.869565217391299
2006-51,145,68.8102564102564,38.56701030927835,5.625641025641027
2006-52,253,75.76061776061776,33.0466926070039,4.366141732283463
2007-01,159,77.32302405498281,44.89690721649484,7.848797250859106
2007-02,205,74.62698412698414,38.107142857142854,6.6944444444444375
2007-03,267,72.38951310861425,30.47940074906369,5.460674157303381
2007-04,203,61.029556650246306,20.325123152709363,4.078817733990146
2007-05,217,62.451612903225794,24.222222222222218,5.156682027649772
2007-06,168,43.56547619047618,15.940476190476181,8.708333333333332
2007-07,226,57.336283185840706,23.25,9.924778761061944
2007-08,213,62.384259259259274,27.43055555555556,6.152777777777781
2007-09,263,76.71724137931035,33.741379310344826,4.803448275862064
2007-10,167,49.43478260869565,23.206521739130455,8.853260869565217
2007-11,217,73.31034482758623,35.35249042145592,8.988505747126439
2007-12,190,67.5872340425532,35.39148936170212,7.7744680851063865
2007-13,170,59.51121076233187,37.2780269058296,5.753363228699549
2007-14,240,71.48750000000001,35.15000000000001,7
2007-15,214,69.01716738197425,37.24034334763948,8.639484978540773
2007-16,231,75.15654952076679,41.05111821086261,12.450160771704171
2007-17,135,76.11660777385156,47.54770318021201,3.8268551236749113
2007-18,73,50.11398963730571,44.34715025906736,6.533678756476684
2007-19,43,68.99588477366255,52.54732510288065,5.827160493827159
2007-20,124,77.1582278481013,48.503164556962034,6.6602564102564115
2007-21,61,65.34361233480178,53.11453744493391,3.646788990825688
2007-22,14,72.5450980392157,59.20000000000001,4.136986301369865
2007-23,6,78.43959731543626,59.56375838926174,5.344202898550728
2007-24,20,73.1094890510949,57.02919708029198,5.865168539325841
2007-25,5,65.74883720930231,60.10697674418604,4.990566037735851
2007-26,0,64.2673796791444,65.91978609625667,5.950276243093922
2007-27,16,70.35999999999999,62.25200000000001,5.465587044534413
2007-28,0,73.47014925373134,67.77611940298507,5.015503875968994
2007-29,0,75.21472392638036,66.73926380368098,3.083076923076921
2007-30,0,73.77935943060498,68.29893238434164,3.8327402135231305
2007-31,0,72.5543071161049,69.09737827715355,3.1908396946564883
2007-32,0,74.1146953405018,64.3763440860215,3.3906810035842256
2007-33,20,74.05535055350553,62.06666666666666,3.44943820224719
2007-34,3,75.11846689895471,61.67482517482517,2.993006993006998
2007-35,36,73.92168674698794,57.97289156626507,1.7710843373493987
2007-36,27,70.9531914893617,59.94042553191488,4.329059829059832
2007-37,109,78.0183486238532,54.31901840490798,2.9388379204892945
2007-38,166,78.99061032863851,51.725352112676035,2.0635294117647067
2007-39,37,69.2699115044248,59.85840707964603,4.464601769911506
2007-40,87,77.9055374592834,57.47231270358304,2.242622950819671
2007-41,30,77.50508474576273,54.95932203389832,3.8440677966101666
2007-42,98,75.8532423208191,52.986348122866886,3.6245733788395826
2007-43,72,75.35191637630662,51.93356643356644,4.96853146853147
2007-44,121,66.5,42.43805309734514,5.835555555555554
2007-45,170,67.39423076923077,36.3125,3.975961538461539
2007-46,176,72.01115241635685,40.30597014925373,5.1933085501858764
2007-47,213,74.15503875968994,36.88372093023255,4.007722007722007
2007-48,139,64.22110552763817,37.035353535353515,5.9195979899497475
2007-49,209,70.47846889952152,27.430622009569376,4.832535885167458
2007-50,286,79.13576158940398,30.89072847682119,4.635761589403973
2007-51,272,79.07266435986158,29.83737024221452,5.238754325259514
2007-52,201,74.84888888888887,35.87053571428571,5.23555555555556
2008-01,259,64.40154440154441,25.401544401544395,7.007722007722007
2008-02,152,75.70464135021098,42.0464135021097,5.641350210970462
2008-03,275,73.71999999999997,28.269090909090906,4.9963636363636335
2008-04,230,67.20869565217393,24,6.547826086956517
2008-05,197,66.4278846153846,32.66826923076923,7.057692307692307
2008-06,347,85.9570200573066,34.65616045845271,4.111747851002869
2008-07,197,68.42448979591836,30.710204081632646,8.191836734693876
2008-08,207,70.30000000000001,30.184000000000005,7.239999999999993
2008-09,257,72.15953307392995,29.003891050583654,5.949416342412451
2008-10,218,78.07266435986158,40.128027681660896,7.666666666666667
2008-11,197,67.61463414634146,32.404878048780496,5.629268292682928
2008-12,186,55.911330049261075,32.822660098522164,8.965517241379315
2008-13,188,61.8423645320197,32.78817733990147,5.931034482758622
2008-14,207,77.37638376383765,41.16236162361624,7.522222222222216
2008-15,161,76.22222222222223,42.42592592592595,3.9629629629629637
2008-16,100,52.889502762430936,39.7182320441989,3.7679558011049723
2008-17,118,66.4009009009009,45.57657657657657,3.612612612612613
2008-18,172,79.51935483870969,45.29537366548042,5.077922077922079
2008-19,145,73.33208955223881,46.00851063829787,4.650375939849624
2008-20,124,68.21397379912665,46.1875,5.541850220264317
2008-21,70,62.03684210526316,47.16315789473684,5.7263157894736825
2008-22,28,66.25906735751295,54.07253886010362,6.942408376963349
2008-23,10,80.33779264214047,57.56856187290971,4.214046822742474
2008-24,4,68.85964912280701,62.75,3.486842105263158
2008-25,2,77.69964664310955,59.90106007067137,3.9010600706713787
2008-26,0,80.23569023569024,66.33670033670033,3.31615120274914
2008-27,0,80.14878892733563,66.42906574394463,3.445993031358884
2008-28,0,69.65238095238095,67.42380952380952,6.090476190476191
2008-29,0,75.84848484848484,65.76094276094277,2.983108108108112
2008-30,0,81.31104651162791,67.41860465116278,5.17732558139535
2008-31,0,79.27392739273927,65.81848184818482,2.481848184818481
2008-32,0,82.7469512195122,61.77743902439025,2.4907975460122733
2008-33,0,81.05329153605014,61.655172413793096,2.711598746081503
2008-34,20,77.38078291814949,57.53024911032029,2.7829181494661954
2008-35,20,76.4131274131274,59.99227799227799,3.1274131274131283
2008-36,0,79.92926045016077,64.9549839228296,4.7749196141479135
2008-37,60,84.39457831325302,58.84036144578312,3.225903614457834
2008-38,112,81.15548780487805,51.13109756097562,1.9786585365853686
2008-39,141,86.92289156626505,54.783132530120525,2.561445783132529
2008-40,72,81.90064102564104,53.676282051282044,3.192307692307695
2008-41,155,77.56043956043955,45,2.34798534798535
2008-42,113,78.35999999999999,47.300000000000004,3.476000000000001
2008-43,141,74.39406779661017,43.47457627118643,6.330508474576268
2008-44,176,72.28286852589639,39.27091633466135,4.474103585657372
2008-45,88,86.35380116959065,50.58771929824564,3.625730994152049
2008-46,100,76.45599999999999,48.30000000000002,5.832000000000005
2008-47,167,46.808383233532936,24.628742514970067,7.137724550898205
2008-48,198,80.9747899159664,36.94117647058823,4.936974789915965
2008-49,188,70.7056074766355,34.37850467289721,5.406542056074764
2008-50,186,75.83739837398372,36.938775510204074,8.378048780487807
2008-51,323,84.36827195467421,29.73371104815864,6.300283286118983
2008-52,177,76.53275109170305,35.34934497816593,7.895196506550219
2009-01,104,57.39423076923077,19.375,7.567307692307692
2009-02,268,75.73553719008265,26.396694214876028,5.91417910447761
2009-03,267,75.4569288389513,19.543071161048676,3.2022471910112396
2009-04,244,73.13114754098358,22.446721311475407,4.4139344262295115
2009-05,216,71.61111111111113,22.98148148148148,4.541666666666669
2009-06,227,69.79399141630901,23.532188841201705,7.124463519313303
2009-07,173,63.207446808510625,32.19148936170214,7.085106382978724
2009-08,234,74.55982905982907,29.41025641025641,6.995726495726493
2009-09,200,68.25225225225228,29.72072072072073,9.130630630630629
2009-10,204,66.82403433476398,27.429184549356204,8.497854077253221
2009-11,223,72.74576271186439,34.08050847457627,6.377118644067798
2009-12,194,70.45365853658537,32.45365853658537,4.73170731707317
2009-13,194,69.17431192660551,36.18348623853208,6.334862385321104
2009-14,171,84.09570957095711,44.49504950495048,6.251655629139078
2009-15,233,77.1103202846975,39.31672597864768,6.427046263345194
2009-16,111,54.070652173913054,38.1358695652174,5.336956521739131
2009-17,72,75.92857142857146,50.36507936507935,8.05577689243028
2009-18,37,70.45205479452054,50.76255707762558,6.159817351598172
2009-19,50,83.75174825174824,52.25874125874125,5.93333333333333
2009-20,87,78.82971014492756,49.963768115942045,4.570909090909093
2009-21,29,63.89949748743717,53.17085427135677,4.8944723618090435
2009-22,40,79.32307692307693,53.36153846153847,3.738461538461539
2009-23,6,78.9003984063745,54.72908366533865,4.470119521912349
2009-24,0,85.91216216216215,57.773648648648646,2.8169491525423727
2009-25,60,86.73130193905816,57.00831024930749,5.055401662049863
2009-26,0,88.91002570694089,60.84318766066838,6.188144329896915
2009-27,0,86.57617728531854,62.78393351800554,3.5657142857142907
2009-28,53,83.84900284900286,57.484330484330485,3.5828571428571454
2009-29,4,76.19444444444443,62.95238095238094,4.290836653386455
2009-30,0,87.38719512195122,65.08841463414633,4.896341463414635
2009-31,0,85.63809523809525,69.26984126984127,4.707006369426752
2009-32,4,80.19622641509434,63.58490566037737,2.9132075471698133
2009-33,0,85.22794117647058,66.67279411764706,2.867647058823528
2009-34,0,82.42481203007519,71.83082706766916,4.812030075187965
2009-35,0,83.37010676156585,63.98932384341636,3.288256227758004
2009-36,157,84.58119658119658,51.75213675213676,1.0826210826210818
2009-37,80,88.30494505494505,56.70604395604398,2.925824175824176
2009-38,88,81.36933797909407,50.101045296167236,2.860627177700348
2009-39,105,86.04620462046205,53.304635761589395,3.491749174917494
2009-40,31,82.4937238493724,55.322175732217566,4.30962343096234
2009-41,50,77.93534482758619,51.40948275862068,5.198275862068967
2009-42,226,81.18359375,39.7890625,5.92578125
2009-43,144,80.36029411764704,45.959558823529406,5.07720588235295
2009-44,137,86.91634980988593,44.55725190839696,4.152091254752848
2009-45,170,75.34975369458127,38.06930693069307,3.4334975369458127
2009-46,47,80.57446808510635,50.60425531914893,5.775423728813558
2009-47,254,83.97885196374621,39.157099697885194,2.504531722054384
2009-48,253,85.18531468531468,44.61188811188812,6.919580419580418
2009-49,149,78.58823529411764,40.12217194570136,7.58371040723982
2009-50,229,75.16595744680849,32.276595744680854,6.259574468085107
2009-51,228,66.48684210526318,25.925438596491244,8.114035087719305
2009-52,215,73.36065573770487,29.79012345679016,6.668032786885243
2009-53,124,68.39516129032259,23.927419354838708,5.83064516129032
2010-01,186,62.91397849462366,20.951612903225815,5.693548387096774
2010-02,176,67.95454545454545,25.090909090909093,4.471590909090909
2010-03,233,79.86695278969958,30.43347639484979,5.557939914163087
2010-04,179,66.07929515418499,30.4273127753304,9.330396475770922
2010-05,204,58.068627450980394,21.926470588235293,5.774509803921566
2010-06,205,62.29268292682928,26.00487804878049,8.497560975609755
2010-07,216,68.25345622119818,30.207373271889402,7.525345622119814
2010-08,309,84.27831715210355,35.517915309446245,6.469255663430422
2010-09,312,76.67278287461775,32.36697247706422,8.623853211009179
2010-10,195,72.3318181818182,38.65000000000001,7.586363636363641
2010-11,149,66.6132075471698,40.259433962264154,6.95283018867925
2010-12,255,78.72125435540067,39.780487804878064,6.268292682926834
2010-13,184,85.7114285714286,46.08571428571429,5.168571428571417
2010-14,76,69.00446428571429,48.41517857142858,5.78125
2010-15,215,75.47908745247148,38.81368821292776,3.6091954022988504
2010-16,139,72.8076923076923,43.42307692307693,4.076923076923075
2010-17,111,65.54716981132074,46.31132075471698,6.514150943396224
2010-18,18,66.30803571428571,53.455357142857125,7.7892376681614355
2010-19,97,67.42533936651584,43.5294117647059,3.945701357466062
2010-20,49,83.32188841201716,51.87553648068669,3.746212121212119
2010-21,3,75.5870646766169,61.19900497512438,4.589861751152075
2010-22,0,87.78749999999998,64.0375,4.537500000000001
2010-23,26,85.01619433198381,55.95546558704452,3.578947368421052
2010-24,1,83.88014981273409,61.5131086142322,3.7752808988764044
2010-25,0,81.72580645161288,66.10887096774194,3.2620967741935503
2010-26,4,66.41304347826087,62.505434782608695,5.033519553072629
2010-27,0,84.309375,70.271875,3.2156250000000006
2010-28,0,87.22408026755853,71.14715719063545,4.200668896321069
2010-29,0,86.96138996138995,69.98841698841699,3.416988416988417
2010-30,1,74.12077294685989,61.77777777777778,4.265700483091785
2010-31,0,79.08219178082192,68.28310502283105,6.013698630136986
2010-32,36,83.15530303030303,61.23954372623574,2.478764478764481
2010-33,14,84.12109375,64.07421875,3.1171875
2010-34,18,89.21333333333331,61.40666666666667,5.929999999999994
2010-35,0,81.88803088803088,66.75289575289574,3.5249042145593794
2010-36,65,79.44144144144144,56.243243243243256,4.135135135135138
2010-37,92,86.81205673758868,53.83687943262411,2.7801418439716326
2010-38,8,81.03493449781658,60.248908296943235,5.205240174672491
2010-39,13,88.51449275362316,63.706521739130416,7.072727272727274
2010-40,36,84.10000000000001,51.854545454545445,5.780821917808215
2010-41,141,83.67153284671534,44.9963503649635,4.434306569343068
2010-42,165,80.37768240343348,41.060344827586206,3.274678111587983
2010-43,33,81.40254237288137,55.58050847457626,7.436440677966102
2010-44,138,82.12820512820514,43.247863247863236,4.807692307692305
2010-45,216,83.79844961240309,39.677042801556425,7.05813953488373
2010-46,106,76.89252336448598,43.303738317757,5.378504672897194
2010-47,139,64.71276595744682,36.81914893617021,5.925531914893618
2010-48,173,73.5637254901961,35.36764705882352,6.8872549019607865
2010-49,166,67.421875,28.239583333333318,8.214659685863875
2010-50,178,72.77948717948716,26.72307692307691,5.615384615384617
2010-51,301,80.40531561461793,28.249169435215947,8.840531561461788
2010-52,150,76.67333333333335,26.013333333333335,9.523489932885898
2010-53,198,82.08080808080808,24.08080808080808,8.918781725888326
2011-01,221,73.75565610859728,25.4027149321267,4.67873303167421
2011-02,249,77.15261044176707,24.273092369477908,7.8554216867469915
2011-03,252,79.75793650793652,24.67063492063491,4.2341269841269815
2011-04,316,84.45886075949367,19.65822784810125,3.0696202531645604
2011-05,283,84.03496503496505,24.656028368794324,4.7517482517482605
2011-06,207,68.76811594202897,24.246376811594203,5.599033816425119
2011-07,152,53.625,29.886904761904766,8.55952380952381
2011-08,264,75.1544117647059,27.860902255639104,5.136029411764706
2011-09,154,69.02061855670104,33.22680412371135,8.010309278350514
2011-10,206,81.32046332046332,39.35521235521236,7.644787644787648
2011-11,209,76.66244725738396,36.48945147679325,4.375527426160337
2011-12,240,69.01666666666664,30.40000000000001,6.808333333333331
2011-13,187,64.09615384615387,33.4326923076923,6.927884615384617
2011-14,180,76.43023255813952,37.32945736434108,6.058139534883728
2011-15,126,80.23728813559323,45.77542372881356,8.601694915254235
2011-16,121,76.80454545454546,45.127272727272725,5.931818181818182
2011-17,54,84.92363636363636,53.61818181818181,6.956043956043949
2011-18,86,78.92519685039369,49.232283464566926,5.409448818897636
2011-19,101,83.73333333333332,48.81851851851851,6.118518518518526
2011-20,83,94.0245398773006,54.08588957055215,3.9233128834355813
2011-21,8,88.73741007194243,62.12589928057553,5.859712230215825
2011-22,37,75.64035087719299,56.60087719298245,5.144736842105265
2011-23,15,84.63396226415095,59.7320754716981,3.850574712643676
2011-24,6,82.61302681992338,58.15325670498085,4.153256704980843
2011-25,14,89.66229508196723,61.58032786885245,3.03934426229508
2011-26,0,82.89024390243904,64.17886178861788,3.2154471544715424
2011-27,0,83.4043321299639,66.96750902527076,3.2637362637362646
2011-28,0,77.6858407079646,64.79203539823008,4.9867256637168165
2011-29,0,81.59825327510916,69.99563318777292,3.8689956331877706
2011-30,0,83.67175572519083,65.03053435114504,3.1839080459770135
2011-31,0,83.43032786885243,67.32377049180329,4.279835390946496
2011-32,0,87.89527027027027,65.54391891891892,2.9391891891891877
2011-33,0,88.64726027397259,65.7123287671233,4.010273972602744
2011-34,0,84.51698113207549,67.70188679245284,7.5358490566037775
2011-35,0,83.40293040293041,58.52573529411766,2.479853479853477
2011-36,55,92.74530831099196,58.23324396782839,3.6997319034852514
2011-37,65,85.26545454545456,56.71636363636362,3.3636363636363624
2011-38,45,93.06077348066299,63.10773480662981,2.375690607734805
2011-39,0,90.95597484276729,63.76100628930818,2.9125000000000023
2011-40,60,83.09055118110237,51.10629921259843,2.7637795275590573
2011-41,54,86.26315789473684,56.30959752321981,4.476780185758514
2011-42,104,82.16287878787881,47.541666666666686,4.132575757575764
2011-43,222,84.20077220077219,39.02702702702702,6.43023255813953
2011-44,206,82.67073170731707,34.55411255411256,2.865306122448982
2011-45,118,84.72161172161172,47.95121951219513,4.925093632958799
2011-46,65,80.1159420289855,47.50724637681158,6.507246376811594
2011-47,190,84.53648068669527,38.093023255813954,4.094420600858368
2011-48,138,82.15981735159818,41.79716981132077,4.8858447488584416
2011-49,171,87.55645161290326,43.1048387096774,5.38490566037736
2011-50,182,76.81904761904761,32.19047619047618,4.842857142857136
2011-51,158,78.92631578947369,34.95789473684211,4.939086294416241
2011-52,235,82.08745247148286,37.38022813688213,4.794676806083646
2012-01,181,59.34210526315789,27.505263157894742,5.5765306122449
2012-02,196,72.74500000000002,29.314999999999994,6.349999999999996
2012-03,237,77.24267782426779,26.205020920502104,5.945833333333335
2012-04,176,76.73232323232325,38.21212121212121,5.801801801801799
2012-05,164,61.9779005524862,30.872928176795575,4.944751381215471
2012-06,206,66.22596153846153,29.793269230769234,5.442307692307695
2012-07,225,76.84649122807019,33.11403508771931,3.3656387665198246
2012-08,203,76.03278688524591,35.666666666666664,6.441964285714288
2012-09,247,81.83858267716536,35.00787401574803,6.090225563909775
2012-10,130,59.40588235294119,34.29999999999999,9.907514450867051
2012-11,189,83.24902723735408,41.73540856031129,3.6124031007751918
2012-12,97,78.75100401606426,50.060240963855414,4.281124497991965
2012-13,258,72.63837638376381,35.5,4.6273062730627235
2012-14,128,54.51666666666667,36.44444444444444,6.106145251396646
2012-15,115,65.98139534883722,40.497674418604646,4.96728971962617
2012-16,39,69.85308056872042,52.76303317535545,6.004739336492892
2012-17,67,62.93103448275863,45.729064039408875,9.364532019704438
2012-18,88,83.67028985507244,48.44202898550725,4.253623188405796
2012-19,27,73.15625,52.861607142857146,6.211711711711711
2012-20,56,77.56967213114756,54.68852459016393,4.692946058091289
2012-21,4,88.95987654320987,61.481481481481495,3.790123456790121
2012-22,0,82.17279411764704,61.13970588235295,5.885608856088565
2012-23,42,85.32258064516127,51.87118644067797,3.8941176470588266
2012-24,102,84.02654867256638,54.97050147492626,3.53392330383481
2012-25,42,77.93307086614172,61.89370078740156,3.409448818897637
2012-26,0,76.51538461538462,64.15769230769232,4.676923076923074
2012-27,0,78.66666666666666,65.36015325670499,2.618677042801557
2012-28,0,70.86363636363636,63.172727272727265,3.243119266055048
2012-29,0,77.69135802469137,64.59259259259258,3.1316872427983538
2012-30,0,80.56877323420073,67.28996282527882,5.315985130111523
2012-31,0,83.20253164556962,68.24367088607593,4.136075949367084
2012-32,0,84.32085561497327,69.06149732620324,4.568364611260056
2012-33,0,84,65.35958904109589,2.7620689655172406
2012-34,0,81.8280701754386,61.329824561403505,1.3204225352112675
2012-35,16,76.63984674329501,60.636015325670506,3.6743295019157096
2012-36,1,87.34501347708894,65.58760107816713,3.908355795148245
2012-37,107,83.21921921921921,51.96696696696696,1.9365558912386718
2012-38,104,83.03571428571429,53.90909090909092,3.9640522875817017
2012-39,89,85.31347962382445,51.78056426332289,3.586206896551725
2012-40,21,86.16423357664233,57.463503649635044,3.335766423357663
2012-41,85,78.85106382978725,48.0468085106383,4.029914529914531
2012-42,121,82.75316455696202,50.83860759493671,4.434920634920634
2012-43,155,82.08305647840533,45.2624584717608,2.713333333333332
2012-44,68,80.28517110266162,50.06083650190116,7.771863117870725
2012-45,177,73.61951219512196,35.75121951219512,8.156862745098044
2012-46,188,77.98770491803278,39.413934426229496,4.680327868852455
2012-47,303,81.43161094224924,35.07598784194529,3.1884498480243146
2012-48,239,77.03125,32.95703125,3.33984375
2012-49,230,82.73129251700682,39.969387755102034,3.1666666666666674
2012-50,157,77.22649572649573,39.790598290598275,4.781115879828327
2012-51,249,77.7157534246575,40.86643835616437,7.837370242214524
2012-52,301,80.67610062893081,32.36163522012579,6.205607476635508
2013-01,209,60.066985645932995,24.583732057416267,5.826923076923076
2013-02,214,79.23076923076921,36.50854700854702,3.5256410256410278
2013-03,191,69.64830508474577,35.720338983050844,6.07627118644067
2013-04,200,51.16,16.210000000000004,6.625
2013-05,210,71.98507462686565,33.46268656716419,7.723880597014915
2013-06,230,70.87826086956524,22.669565217391302,6.960869565217395
2013-07,298,76.12080536912751,31.04362416107384,6.362416107382546
2013-08,243,67.3539094650206,31.452674897119348,7.718367346938774
2013-09,256,74.13671875,36.27734375,5.42578125
2013-10,295,76.10847457627119,32.593220338983045,9.850340136054426
2013-11,159,62.378640776699,36.09223300970876,7.626213592233008
2013-12,261,67.43181818181814,30.674242424242426,7.140684410646388
2013-13,178,62.52727272727273,35.490909090909085,5.431818181818178
2013-14,166,50.79695431472082,35.63451776649746,9.51794871794872
2013-15,176,71.50787401574803,43.346456692913385,6.5
2013-16,102,70.1254752851711,45.58174904942966,6.816793893129763
2013-17,189,73.03914590747331,41.44128113879004,5.215053763440869
2013-18,189,73.14079422382672,40.407942238267154,2.516363636363637
2013-19,42,81.15243902439025,56.33536585365854,4.676829268292679
2013-20,99,69.17241379310343,46.77155172413793,4.467532467532469
2013-21,27,85.95380434782608,57.375,6.38524590163935
2013-22,34,73.92543859649123,59.87387387387386,5.807017543859653
2013-23,40,83.31161473087818,57.20113314447592,4.729106628242073
2013-24,6,82.28178694158075,57.38831615120275,5.0766550522648055
2013-25,16,75.41350210970465,59.696202531645575,4.578059071729958
2013-26,0,85.64102564102564,69.6698717948718,5.977491961414794
2013-27,0,82.70292887029288,73.3347280334728,6.083003952569173
2013-28,0,87.4619718309859,70.7909604519774,3.640226628895183
2013-29,0,81.16988416988416,72.53281853281854,3.2945736434108572
2013-30,0,84.74736842105264,67.77543859649123,4.926315789473682
2013-31,0,81.28076923076924,64.49615384615385,2.9768339768339764
2013-32,27,79.80442804428046,62.1455223880597,4.970479704797047
2013-33,5,81.84306569343065,58.551094890510946,2.164233576642337
2013-34,29,78.77366255144032,60.78189300411523,2.7901234567901216
2013-35,0,87.20125786163523,67.62578616352202,4.345911949685537
2013-36,68,83.54545454545458,60.659090909090885,3.7654723127035816
2013-37,52,80.56398104265402,58.33175355450237,3.9066147859922173
2013-38,124,81.4673202614379,50.66339869281046,3.1147540983606534
2013-39,126,80.42,48.22,2.1532258064516108
2013-40,148,87.02784810126582,52.1772151898734,1.4796954314720816
2013-41,170,84.75149700598803,49.53592814371258,3.222891566265068
2013-42,206,84.84636871508377,45.50837988826817,2.3137254901960795
2013-43,134,71.10396039603961,39.33168316831683,3.777227722772278
2013-44,155,80.35999999999999,42.771999999999984,4.431999999999998
2013-45,121,72.96875,40.859375,5.580310880829014
2013-46,170,67.39240506329116,37.253164556962034,5.540084388185657
2013-47,138,63.9362745098039,38.637254901960794,7.230392156862749
2013-48,176,69.77327935222672,38.60323886639677,7.5748987854251055
2013-49,185,82.70260223048328,39.78066914498142,3.7695167286245344
2013-50,320,76.96875,28.984375,5.003124999999993
2013-51,159,70.58986175115209,34.28110599078344,6.541666666666665
2013-52,229,74.03896103896105,32.59740259740259,4.608695652173915
2014-01,317,71.2082018927445,22.255520504731862,5.864353312302832
2014-02,184,71.37647058823529,33.337254901960776,7.320422535211271
2014-03,309,86.14814814814815,36.688271604938265,3.8611111111111085
2014-04,231,60.61038961038961,16.606060606060602,8.978354978354977
2014-05,192,60.308080808080796,24.378787878787882,4.487309644670046
2014-06,274,75.78467153284673,25.120437956204377,4.373626373626373
2014-07,256,74.19140625,26.0546875,7.3671875
2014-08,213,74.78099173553717,33.020661157024826,6.491735537190083
2014-09,184,53.41304347826086,20.940217391304348,6.3369565217391335
2014-10,169,55.78531073446327,22.76836158192091,4.801136363636365
2014-11,189,64.94017094017096,32.192307692307686,8.03004291845494
2014-12,170,56.46276595744683,31.09574468085106,6.401069518716576
2014-13,231,67.82625482625487,34.79922779922782,8.335907335907336
2014-14,176,68.36651583710406,36.457013574660635,6.177272727272725
2014-15,50,62.49756097560976,45.84390243902439,7.239024390243903
2014-16,122,66.84513274336284,44.23893805309732,8.946428571428575
2014-17,123,71.48461538461538,43.70384615384616,5.438461538461543
2014-18,98,72.11666666666666,47.74166666666666,7.116666666666667
2014-19,33,64.05825242718447,51.88834951456312,5.490291262135924
2014-20,36,71.64935064935062,56.37229437229437,7.034632034632032
2014-21,59,79.93846153846155,51.38461538461539,2.9409448818897643
2014-22,120,80.76923076923079,47.82517482517483,3.594890510948904
2014-23,17,79.85765124555162,56.879003558718864,3.232142857142856
2014-24,0,80.27598566308242,62.86021505376344,4.590579710144928
2014-25,34,66.61904761904762,58.55714285714286,3.9856459330143545
2014-26,17,71.50769230769231,59.3923076923077,4.042307692307691
2014-27,0,75.5436507936508,67.75396825396825,7.685258964143425
2014-28,0,75.73303167420814,65.80090497737555,5.1176470588235246
2014-29,0,86.84813753581663,66.58166189111746,4.186781609195399
2014-30,0,79.63404255319149,65.13191489361702,4.4127659574468066
2014-31,0,83.02867383512545,62.318996415770606,3.4336917562724043
2014-32,0,83.728125,61.07187500000001,1.7062500000000014
2014-33,0,80.57142857142858,60.51587301587302,4.298804780876496
2014-34,42,81.96126760563381,56.31690140845071,2.0706713780918724
2014-35,28,77.2456896551724,60.1853448275862,3.774891774891773
2014-36,0,80.83754512635379,66.01083032490973,4.1985559566787
2014-37,79,84.12779552715655,55.067092651757186,2.637820512820514
2014-38,167,83.8489425981873,49.8308157099698,1.9909090909090872
2014-39,133,83.44966442953019,51.27181208053692,2.4949494949494992
2014-40,29,89.23728813559323,55.155932203389824,4.455479452054797
2014-41,135,82.11026615969581,46.057034220532344,3.2053231939163527
2014-42,31,82.83916083916083,58.24825174825176,5.72473867595819
2014-43,41,83.00696864111497,50.48432055749129,7.822299651567946
2014-44,156,80.17551020408163,43.779591836734696,5.91836734693877
2014-45,140,73.79820627802691,42.013452914798194,4.418918918918919
2014-46,195,80.9609375,37.74609375,2.37890625
2014-47,181,65.92857142857146,35.74107142857142,6.111607142857145
2014-48,209,81.21140939597313,39.701342281879235,7.533557046979865
2014-49,208,77.07346938775511,38.632653061224495,6.146938775510205
2014-50,267,84.33779264214049,37.50167224080266,5.762541806020067
2014-51,258,82.94941634241245,34.35408560311284,3.449612403100773
2014-52,192,84.0574712643678,44.09195402298852,4.950191570881224
2015-01,142,76.84662576687121,33.34355828220857,5.503067484662574
2015-02,191,58.471502590673566,16.958549222797924,7.145077720207259
2015-03,230,73.02892561983472,27.090909090909097,6.020661157024796
2015-04,241,72.17427385892114,29.709543568464728,5.449579831932778
2015-05,279,71.94623655913976,18.989247311827953,8.50729927007299
2015-06,298,75.08724832214767,21.17785234899329,6.4194630872483245
2015-07,300,77.18999999999997,20.67333333333334,8.616666666666664
2015-08,281,73.18505338078293,20.637010676156592,5.232974910394268
2015-09,236,68.22033898305085,16.357446808510634,4.051063829787231
2015-10,245,73.19183673469388,26.02448979591836,5.236734693877548
2015-11,230,70.66393442622953,34.04918032786886,6.364754098360651
2015-12,215,58.80275229357799,27.307339449541285,7.0458715596330235
2015-13,284,79.50312500000003,34.971875,5.391849529780566
2015-14,159,68.21524663677128,39.0896860986547,6.986547085201793
2015-15,199,81.28244274809158,39.71374045801527,5.40384615384615
2015-16,101,68.50218340611353,44.62882096069869,4.4716157205240155
2015-17,112,70.95744680851061,44.45106382978723,7.329059829059834
2015-18,99,65.1761658031088,44.39378238341969,5.5811518324607325
2015-19,32,67.19902912621356,55.08252427184467,5.273170731707314
2015-20,44,72.6125,53.31666666666667,4.092436974789915
2015-21,16,67.54222222222216,52.32000000000001,6.475336322869956
2015-22,1,79.27160493827162,60.13168724279835,7.2394957983193295
2015-23,111,82.029197080291965,49.11678832116788,4.234309623430964
2015-24,0,72.27142857142856,62.852380952380955,6.438423645320195
2015-25,14,81.30902777777777,61.083333333333336,4.491039426523296
2015-26,6,78.43037974683544,61.18143459915613,4.626666666666668
2015-27,0,78.55426356589147,60.16279069767442,3.1417004048582964
2015-28,0,78.93581081081079,65.94932432432432,3.875
2015-29,0,77.27016129032259,66.66129032258064,4.2644628099173545
2015-30,0,78,63.301204819277096,2.7389558232931734
2015-31,0,79.53676470588238,67.38235294117646,3.4522058823529407
2015-32,0,78.9644128113879,61.47686832740213,3.3763440860215064
2015-33,0,81.68292682926827,63.23344947735192,3.041811846689898
2015-34,0,83.51840490797545,70.20552147239263,3.8738461538461513
2015-35,0,80.9407894736842,64.09210526315788,2.4125412541254114
2015-36,38,82.47619047619048,60.326984126984115,2.057142857142858
2015-37,0,84.37898089171976,65.8471337579618,4.083067092651755
2015-38,1,80.25912408759123,60.01094890510948,2.496350364963504
2015-39,206,83.2710843373494,47.17771084337348,1.4386503067484646
2015-40,25,85.0351906158358,58.57771260997068,6.964705882352948
2015-41,111,79.60784313725489,49.21176470588235,3.4803149606299195
2015-42,111,76.65126050420169,46.689075630252105,3.3319327731092443
2015-43,58,67.43915343915346,47.5026455026455,4.898936170212767
2015-44,108,74.80084745762711,45.279661016949156,5.855932203389828
2015-45,110,78.98479087452472,48.60456273764258,4.072243346007601
2015-46,99,76.32142857142856,45.12053571428571,6.517857142857145
2015-47,137,77.09130434782611,41.49565217391304,4.234782608695652
2015-48,167,75.38095238095237,37.83809523809525,4.152380952380953
2015-49,185,78.49557522123894,39.61061946902654,3.4285714285714275
2015-50,142,77.19196428571429,44.00892857142858,3.861607142857143
2015-51,142,77.67657992565057,44.97769516728624,5.600746268656715
2015-52,65,83.93286219081271,51.886925795053,5.4645390070922
2015-53,195,83.61111111111113,33.91919191919192,4.95454545454545
2016-01,203,74.7075098814229,33.28063241106716,5.695652173913041
2016-02,231,70.01709401709404,29.782051282051285,5.807692307692306
2016-03,225,61.40444444444442,23.306666666666665,9.03111111111111
2016-04,166,67.41340782122904,32.15083798882681,5.28491620111732
2016-05,159,78.22033898305085,36.73728813559323,5.81276595744681
2016-06,238,65.57142857142853,19.13865546218489,7.920168067226893
2016-07,169,67.44104803493448,35,7.528384279475983
2016-08,187,69.13709677419352,40.18951612903227,8.41463414634146
2016-09,183,62.04566210045661,32.42465753424658,8.150684931506852
2016-10,117,68.28773584905659,41.910377358490564,4.349056603773586
2016-11,204,71.93305439330547,40.22175732217572,5.852320675105483
2016-12,219,70.75289575289575,37.61389961389961,6.270270270270272
2016-13,165,73.38095238095237,43.492063492063494,8.730158730158728
2016-14,170,65.3243243243243,34.815315315315324,7.7207207207207205
2016-15,116,64.18269230769232,39.12019230769231,5.9033816425120795
2016-16,68,59.80904522613066,46.74874371859297,5.015151515151516
2016-17,149,66.9431279620853,40.07582938388626,3.871428571428571
2016-18,155,81.94426229508198,47.46885245901639,5.570491803278691
2016-19,69,62.16593886462882,49.9344978165939,5.344978165938862
2016-20,54,61.81603773584908,49.599056603773576,4.497607655502386
2016-21,19,70.53947368421052,58.42105263157894,4.563636363636364
2016-22,0,80.35240963855422,61.57831325301205,3.8403614457831274
2016-23,14,64.512077294686,58.164251207729464,5.985507246376811
2016-24,24,62.284916201117326,55.12849162011173,4.33838383838384
2016-25,39,72.52895752895752,56.39382239382239,3.432950191570881
2016-26,2,76.25670498084293,64.03448275862068,4.870848708487083
2016-27,0,80.70099667774087,64.43521594684384,3.7076411960132893
2016-28,0,81.54920634920636,67.14603174603172,3.388535031847129
2016-29,0,70.58064516129032,65.84331797235023,5.009259259259256
2016-30,0,79.00760456273763,67.79087452471482,2.9961977186311777
2016-31,0,81.31879194630875,61.077181208053695,2.7348993288590617
2016-32,0,80.74394463667821,69.0657439446367,4.391003460207618
2016-33,0,72.68115942028984,67.26570048309179,4.621359223300971
2016-34,4,75.05286343612336,65.19383259911895,4.348017621145374
2016-35,0,81.910780669145,61.65055762081785,2.6828358208955247
2016-36,0,83.90492957746478,67.69718309859155,5.767605633802818
2016-37,92,77.76,54.736000000000004,3.5180722891566254
2016-38,29,84.18068535825545,58.54517133956382,1.9499999999999997
2016-39,25,87.62078651685394,54.92696629213483,4.657142857142864
2016-40,178,87.29032258064517,49.74937965260545,2.2686567164179055
2016-41,147,78.83193277310924,42.71848739495798,2.4957983193277298
2016-42,61,83.009900990099,57.7986798679868,5.092409240924087
2016-43,131,72.0873786407767,43.067961165048544,6.455882352941178
2016-44,118,76.92307692307693,43.09615384615385,3.6875
2016-45,137,60.44385026737965,37.66844919786096,5.18181818181818
2016-46,142,80.2851851851852,45.42222222222223,5.166666666666667
2016-47,204,73.74757281553401,36.17475728155339,4.839805825242724
2016-48,130,77.06086956521736,42.31739130434783,6.091304347826088
2016-49,258,79.12790697674417,30.07364341085272,2.4922480620155025
2016-50,245,75.98496240601504,30.44360902255638,5.0226415094339645
2016-51,159,64.06918238993707,30.176100628930808,4.481865284974095
2016-52,155,73.56382978723404,35.127659574468076,7.5957446808510625
2016-53,72,57.25,30.84722222222222,6.875
2017-01,267,77.21641791044776,28.9589552238806,5.7910447761194
2017-02,148,70.56923076923077,30.743589743589755,6.292307692307691
2017-03,253,82.97692307692307,35.746153846153845,3.146153846153846
2017-04,209,71.64593301435404,35.57416267942583,9.274038461538463
2017-05,229,65.46724890829698,24.493449781659386,4.013100436681225
2017-06,269,79.44363636363634,27.410909090909097,5.839416058394158
2017-07,206,69.76255707762556,30.584474885844745,7.347031963470319
2017-08,111,73.70048309178745,42.71497584541061,6.657004830917869
2017-09,143,59.705607476635485,34.81308411214955,9.49765258215963
2017-10,189,59.87782805429865,29.01809954751133,7.361990950226245
2017-11,231,64.92207792207792,27.443946188340803,8.787878787878789
2017-12,185,59.191919191919204,29.873737373737374,5.761421319796949
2017-13,295,83.64052287581701,37.33443708609272,6.647058823529411
2017-14,197,74.58403361344537,40.4957627118644,7.371308016877638
2017-15,90,67.33783783783785,45.56756756756758,5.238738738738742
2017-16,218,80.27659574468083,43.705673758865245,5.216312056737587
2017-17,51,82.5498392282958,53.520900321543394,5.151125401929258
2017-18,44,79.01408450704224,52.04225352112676,7.081272084805658
2017-19,166,77.60642570281122,43.915662650602414,4.86290322580645
2017-20,51,64.20100502512564,54.19095477386934,5.8442211055276365
2017-21,6,85.18835616438358,53.08561643835616,4.307692307692308
2017-22,64,83.93589743589742,52.83974358974359,3.4175084175084183
2017-23,40,77.44999999999997,53.64166666666667,5.375
2017-24,19,77.1015625,62.828125,4.717647058823529
2017-25,0,74.36714975845409,66.3671497584541,7.628019323671496
2017-26,1,72.25628140703516,63.87939698492464,6.763819095477391
2017-27,4,78.79347826086958,61.384057971014485,3.214545454545452
2017-28,0,84.51827242524917,65.98006644518273,3.336700336700336
2017-29,0,81.19791666666669,67.14236111111111,2.7212543554006965
2017-30,29,83.52059925093631,58.38576779026218,3.5075187969924797
2017-31,19,78.45882352941177,64.49803921568628,3.8543307086614136
2017-32,0,81.10071942446044,61.687050359712245,2.5827338129496393
2017-33,2,81.68728522336771,64.5876288659794,3.1379310344827562
2017-34,82,82.18429003021147,56.18731117824776,2.5558912386706942
2017-35,113,81.3851590106007,51.82685512367491,2.964664310954058
2017-36,32,80.25700934579439,58.53271028037381,4.841121495327095
2017-37,65,83.64666666666668,58.74666666666667,1.899999999999999
2017-38,0,88.55223880597015,62.4179104477612,6.939939939939936
2017-39,69,84.03603603603602,58.50450450450452,1.9728096676737166
2017-40,89,83.2448275862069,55.25862068965521,3.8862068965517347
2017-41,69,86.83685800604229,55.18126888217522,3.1000000000000036
2017-42,102,74.23255813953489,47.69767441860465,3.0981308411214905
2017-43,40,84.29757785467129,57.49134948096884,7.404844290657441
2017-44,78,77.31914893617021,49.11914893617021,5.643776824034337
2017-45,175,76.26521739130435,37.96956521739129,5.004347826086956
2017-46,179,81.94713656387664,40.066079295154196,6.1244444444444435
2017-47,132,72.30731707317074,39.73658536585365,6.165853658536585
2017-48,169,73.0257731958763,36.0360824742268,3.860824742268038
2017-49,207,81.42914979757084,35.991902834008094,5.481781376518219
2017-50,216,73.34722222222223,24.180555555555568,5.148148148148146
2017-51,245,79.1968503937008,32.05118110236221,3.281746031746034
2017-52,246,65.56097560975611,18.391836734693854,6.394308943089428
2018-01,224,61.472636815920396,13.5273631840796,9.330357142857139
2018-02,159,76.08962264150944,34.67452830188681,8.76446280991736
2018-03,213,75.31336405529954,28.124423963133637,4.405529953917049
2018-04,200,80.300395256917,37.45454545454545,5.932806324110668
2018-05,249,74.82730923694778,28.345381526104426,7.748987854251012
2018-06,243,83.96917808219177,36.328767123287676,4.328767123287671
2018-07,252,80.13261648745521,37.598566308243726,4.673835125448031
2018-08,163,85.31679389312977,42.66412213740458,6.01526717557252
2018-09,222,74.04081632653062,37.840816326530614,10.157024793388429
2018-10,268,75.39179104477613,32.53731343283582,9.044776119402988
2018-11,191,63.13089005235599,28.445026178010465,9.247368421052634
2018-12,274,73.16788321167883,31.211678832116796,6.243542435424355
2018-13,148,69.55299539170508,39.04608294930875,5.3870967741935525
2018-14,237,73.8694029850746,36.436567164179095,6.524344569288388
2018-15,224,74.46616541353383,36.4624060150376,4.906015037593982
2018-16,189,74.50183150183153,40.58974358974358,7.819852941176476
2018-17,71,81.23509933774834,48.559602649006635,5.275747508305653
2018-18,52,63.615384615384606,52.298076923076934,5.668269230769233
2018-19,90,82.87301587301586,50.51746031746032,3.1254019292604514
2018-20,25,86.44668587896254,55.37463976945245,3.837681159420288
2018-21,35,77.44094488188975,55.19685039370078,4.015810276679845
2018-22,12,82.50515463917526,59.463917525773205,3.7439446366781968
2018-23,10,81.19014084507043,54.38028169014083,3.595588235294119
2018-24,7,69.03980099502488,58.54228855721393,5.649999999999997
2018-25,5,79.04453441295544,60.83400809716599,3.879166666666668
2018-26,32,81.0212765957447,64.37588652482269,4.143884892086329
2018-27,0,75.16444444444444,69.24444444444445,4.716216216216217
2018-28,0,73.66945606694561,62.54811715481171,3.1722689075630264
2018-29,16,82.08024691358025,63.993827160493815,3.7120743034055694
2018-30,0,81.07903780068729,72.09278350515464,6.162068965517244
2018-31,0,83.12,69.91384615384614,4.181538461538464
2018-32,0,83.74183006535947,71.56535947712419,3.5986842105263164
2018-33,0,84.87423312883436,70.13496932515336,4.003076923076924
2018-34,26,82.70333333333333,61.56999999999999,3.313333333333334
2018-35,0,76.63636363636364,67.41148325358851,3.3719806763285014
2018-36,0,80.96832579185521,68.15837104072398,3.6301369863013706
2018-37,0,89.13793103448276,65.64778325123152,2.3128078817733932
2018-38,32,87.00336700336702,61.18518518518517,3.454545454545454
2018-39,89,87.94540229885058,55.94540229885057,3.880813953488373
2018-40,39,87.22662889518412,57.89518413597734,3.036931818181821
2018-41,64,87.51495016611295,57.790697674418574,4.716666666666665
2018-42,117,70.21568627450979,44.01960784313725,6.284313725490198
2018-43,200,82.40199335548172,43.87375415282391,4.96677740863787
2018-44,76,79.39759036144578,50.48995983935743,6.188755020080321
2018-45,114,79.51760563380286,45.68661971830984,5.468085106382984
2018-46,209,74.4795081967213,37.59016393442623,6.5
2018-47,250,72.2677165354331,34.570866141732296,5.252964426877472
2018-48,248,82.11552346570397,40.60649819494584,6.079710144927539
2018-49,147,61.06976744186048,29.197674418604663,4.9825581395348815
2018-50,223,76.28755364806867,34.10729613733905,3.5751072961373436
2018-51,154,73.69444444444443,38.347222222222236,8.175925925925927
2018-52,167,73.80616740088105,35.555066079295166,5.2787610619468985
2019-01,325,79.96783625730993,37.473684210526315,6.25
2019-02,225,63.11111111111113,28.64000000000001,6.616071428571431
2019-03,253,75.77075098814231,27.007905138339915,4.940711462450592
2019-04,148,65.04918032786885,28.191256830601088,9.126373626373626
2019-05,214,60.21028037383178,22.836448598130847,6.563981042654024
2019-06,237,75.01185770750985,34.51383399209485,5.150793650793655
2019-07,224,69.29149797570852,31.939271255060742,5.834008097165992
2019-08,304,76.64144736842107,30.50657894736841,4.986798679867989
2019-09,265,67.84905660377362,25.630188679245276,6.22727272727272
2019-10,248,68.53225806451616,27.12096774193548,6.368852459016392
2019-11,132,62.14720812182742,37.95431472081218,7.9846153846153864
2019-12,201,63.377990430622,33.17224880382775,7.903381642512071
2019-13,138,65.91578947368423,38.58857142857144,6.1526315789473704
2019-14,174,63.03571428571429,36.625,5.986607142857139
2019-15,128,79.38790035587186,47.249110320284714,5.587188612099644
2019-16,45,75.52156862745099,54.06274509803924,9.92913385826772
2019-17,71,79.95155709342558,48.83737024221453,6.719723183390998
2019-18,117,81.4192439862543,46.360824742268036,3.2620689655172406
2019-19,103,73.57327586206898,46.741379310344826,4.597402597402597
2019-20,175,78.83221476510067,47.1778523489933,4.367003367003367
2019-21,27,65.80454545454545,55.36363636363636,7.38356164383562
2019-22,0,78.8,55.71538461538462,3.614785992217899
2019-23,28,66.4304932735426,56.3811659192825,5.143497757847532
2019-24,7,77.15714285714287,59.65357142857143,5.5842293906810045
2019-25,0,81.01639344262293,63.59016393442622,3.582236842105266
2019-26,0,78.46014492753622,66.32246376811594,3.596363636363637
2019-27,0,75.41221374045801,66.1412213740458,2.957854406130265
2019-28,0,78.65930599369085,65.71924290220822,2.3101265822784782
2019-29,0,75.6147186147186,69.54504504504503,3.830434782608697
2019-30,0,77.20960698689959,65.28636363636363,3.8097345132743365
2019-31,0,73.46575342465754,67.49532710280374,3.2465753424657553
2019-32,0,77.7898305084746,65.17288135593222,3.681355932203389
2019-33,0,81.1013071895425,66.6797385620915,2.9084967320261446
2019-34,0,78.55849056603773,66.26415094339625,3.7519083969465665
2019-35,47,81.04320987654322,58.5,1.9752321981424141
2019-36,0,78.04716981132076,59.481132075471706,3.876777251184832
2019-37,81,82.8123076923077,56.46153846153847,2.641975308641976
2019-38,164,80.71260997067448,48.513196480938426,1.2911764705882347
2019-39,67,80.79333333333332,57.21,3.2626262626262608
2019-40,58,76.3448275862069,50.21551724137932,4.134199134199132
2019-41,46,82.26712328767125,52.695205479452056,6.02413793103448
2019-42,112,77.27586206896552,45.48828125,4.7241379310344875
2019-43,107,81.38787878787879,48.853896103896105,3.6575757575757586
2019-44,59,79.68941979522185,48.13865546218488,5.044368600682591
2019-45,153,72.47727272727272,38.563636363636384,4.486238532110091
2019-46,173,63.922705314009654,33.31400966183576,4.685990338164252
2019-47,229,81.38617886178862,40.21224489795918,5.598591549295774
2019-48,216,72.23863636363636,35.41444866920151,5.102272727272726
2019-49,263,76.41444866920152,30.29527559055119,6.2681992337164765
2019-50,179,83.51020408163265,43.06990881458966,7.209912536443154
2019-51,232,69.88362068965519,26.431718061674005,5.301724137931034
2019-52,189,72.20000000000002,33.50243902439024,3.0784313725490198
2020-01,179,75.79329608938549,38.85474860335195,4.972067039106142
2020-02,158,73.30290456431537,38.095435684647285,7.738589211618254
2020-03,259,75.30534351145039,30.835877862595417,4.278625954198474
2020-04,197,72.07317073170734,27.99512195121951,4.565853658536588
2020-05,193,69.05699481865287,30.119170984455955,3.435233160621765
2020-06,238,80.92244897959183,33.04526748971193,4.310204081632648
2020-07,265,79.24150943396228,33.69811320754716,4.106060606060606
2020-08,182,59.50802139037434,27.791443850267378,5.07027027027027
2020-09,192,68.18660287081337,34.89473684210529,6.201923076923079
2020-10,155,60.98984771573605,35.24365482233502,8.492385786802028
2020-11,123,63.80281690140843,40.20657276995305,6.881516587677724
2020-12,223,75.76377952755904,37.35433070866142,5.070866141732281
2020-13,243,76.86296296296298,38.45185185185185,6.494423791821562
2020-14,323,84.07575757575759,38.44545454545455,8.280487804878053
2020-15,186,70.86974789915968,38.86974789915966,6.084033613445374
2020-16,166,74.070038910505815,40.334630350194566,7.770750988142285
2020-17,205,70.54700854700855,37.529914529914535,6.247863247863246
2020-18,141,77.72563176895308,45.144404332129966,7.474637681159423
2020-19,139,64.25,39.93181818181818,6.313364055299544
2020-20,59,63.44270833333333,47.432291666666664,6.267015706806281
2020-21,78,69.85576923076923,47.177884615384606,4.681159420289855
2020-22,19,79.7212543554007,61.10801393728222,6.254355400696872
2020-23,13,74.36016949152543,60.529661016949156,4.555555555555555
2020-24,23,73.96,60.20800000000001,4.770161290322578
2020-25,44,74.82730923694778,60.65863453815263,4.056910569105688
2020-26,0,78.66551724137932,66.34137931034482,3.7034482758620673
2020-27,0,82.85714285714285,66.20448179271709,3.122159090909089
2020-28,0,78.81749049429658,70.39923954372622,6
2020-29,0,78.69433962264151,65.32830188679245,3.0984848484848486
2020-30,0,74.76211453744493,70.23348017621146,3.3568281938326
2020-31,0,74.78600823045267,69.70781893004114,3.621399176954732
2020-32,0,74.72844827586206,68.0948275862069,4.564655172413799
2020-33,0,79.03225806451616,68.63082437275985,4.163043478260868
2020-34,0,79.72136222910217,62.72755417956657,3.102484472049687
2020-35,0,77.57299270072993,66.21167883211679,3.7765567765567756
2020-36,8,79.18918918918921,64.25968992248062,3.270270270270269
2020-37,55,83.59190031152647,60.94080996884735,2.501557632398752
2020-38,56,68.31794871794871,51.24102564102563,4.255208333333334
2020-39,46,75.28125,55.18359375,2.9019607843137254
2020-40,99,82.48640483383687,56.051359516616344,4.075757575757578
2020-41,72,74.90456431535272,50.63070539419087,4.445833333333337
2020-42,114,83.6822429906542,49.996884735202514,4.15625
2020-43,58,84.56351791530943,55.221498371335514,2.2459016393442606
2020-44,197,85.384126984127,44.22077922077921,3.321656050955413
2020-45,109,71.1219512195122,45.60487804878048,5.039024390243902
2020-46,128,83.63414634146342,48.682926829268304,4.003472222222219
2020-47,108,59.76162790697674,38.29651162790698,6.133720930232559
2020-48,108,80.81349206349208,46.34661354581673,4.7341269841269815
2020-49,142,72.98253275109171,42.76525821596244,10.825327510917033
2020-50,209,79.73469387755098,36.43673469387758,2.9918367346938743
2020-51,248,75.33870967741933,27.024193548387093,4.8669354838709635
2020-52,189,78.36996336996339,37.3846153846154,6.216117216117212
2020-53,100,63.594594594594604,34.94174757281554,6.774774774774774
2021-01,225,66.38666666666666,29.58222222222222,5.546666666666667
2021-02,188,72.7511961722488,35.07655502392345,5.043062200956949
2021-03,177,55.55113636363636,27.534090909090907,6.254237288135594
2021-04,248,69.90322580645163,23.813765182186245,4.230769230769233
2021-05,294,78.87074829931971,32.28571428571429,6.389655172413793
2021-06,212,60.929245283018865,24.490566037735853,3.328638497652581
2021-07,320,79.82779456193354,31.25377643504531,5.0212765957446805
2021-08,212,72.22943722943721,35.85281385281385,6.627705627705625
2021-09,176,47.644444444444474,27.061111111111103,8.391061452513972
2021-10,137,53.19148936170212,33.382978723404264,6.872340425531917
2021-11,175,56.623036649214676,29.984293193717274,5.552631578947367
2021-12,153,83.21818181818182,43.81212121212124,5.362804878048772
2021-13,126,62.947619047619035,40.18095238095239,7.317307692307694
2021-14,150,75.60905349794241,42.46502057613169,3.899999999999997
2021-15,176,78.48130841121494,40.523364485981304,6.928909952606637
2021-16,106,62.15816326530613,43.539682539682545,6.845360824742265
2021-17,69,67.64651162790696,47.41860465116279,5.786046511627906
2021-18,84,76.30222222222223,47.519999999999996,4.240000000000001
2021-19,104,65,46.84581497797357,3.493333333333333
2021-20,66,69.49760765550238,53.90909090909092,3.148325358851674
2021-21,141,78.33333333333334,51.2984496124031,6.6574803149606305
2021-22,9,81.21755725190842,60.15267175572519,4.46360153256705
2021-23,7,71.15300546448087,62.42622950819673,4.044198895027627
2021-24,8,75.75641025641028,61.294871794871796,3.97863247863248
2021-25,11,82.63481228668941,65.53583617747442,5.962199312714775
2021-26,0,85.93312101910828,64.73566878980894,4.48064516129032
2021-27,0,85.88924050632913,66.22784810126583,4.641025641025643
2021-28,0,88.30835734870317,69.66282420749279,2.9855072463768106
2021-29,0,84.28928571428571,65.41428571428571,2.2392857142857148
2021-30,1,76.60747663551403,63.5,3.460093896713615
2021-31,0,85.69256756756756,65.09459459459461,2.547297297297297
2021-32,0,82.45769230769228,70.18076923076924,3.359073359073357
2021-33,0,84.78928571428571,70.525,5.6142857142857245
2021-34,0,82.47892720306513,70.30268199233717,3.0919540229885034
2021-35,0,83.26122448979591,63.253061224489805,4.465020576131686
2021-36,3,81.10050251256283,64.58793969849246,4.010152284263957
2021-37,0,86.578431372549,64.36274509803921,3.3311475409836055
2021-38,20,84.38602941176471,63.49264705882352,4.341911764705882
2021-39,32,80.99545454545455,55.659090909090914,2.872146118721462
2021-40,68,88.97427652733118,54.51768488745981,2.396774193548386
2021-41,7,85.77702702702703,58.206081081081074,3.3243243243243255
2021-42,39,69.22941176470587,50.27647058823529,4.482352941176469
2021-43,55,88.0123076923077,53.34461538461538,6.670807453416146
2021-44,125,74.10555555555555,36.27222222222221,2.127777777777776
2021-45,127,79.1842105263158,44.57456140350878,4.802631578947367
2021-46,139,70.07103825136612,40.10928961748633,5.269230769230768
2021-47,169,66.75980392156863,35.15686274509805,5.576354679802955
2021-48,159,66.0625,33.15909090909091,4.886363636363634
2021-49,172,79.68235294117646,41.61960784313725,7.525490196078434
2021-50,136,67.69072164948453,37.80927835051547,5.943298969072165
2021-51,253,76.32015810276681,30.015810276679836,3.517786561264822
2021-52,250,88.58800000000002,38.596,1.0959999999999988
2021-53,108,80.02777777777777,35.59259259259259,4.1944444444444455
2022-01,226,74.94716981132078,30.539622641509435,6.673003802281368
2022-02,192,60.99479166666667,21.432291666666664,5.958333333333335
2022-03,211,68.28436018957345,27.473933649289116,7.6350710900473855
2022-04,235,71.03404255319147,21.204255319148928,5.811965811965807
2022-05,300,83.65094339622638,29.01257861635218,3.770440251572329
2022-06,291,79.0886075949367,33.09177215189873,4.278481012658224
2022-07,176,67.35622317596567,29.987124463519304,9.622317596566527
2022-08,209,73.6728624535316,32.0557620817844,5.7191011235955065
2022-09,174,65.01941747572816,31.747572815533967,6.84390243902439
2022-10,243,76.93814432989691,35.079310344827576,6.494845360824744
2022-11,147,81.80134680134678,45.48484848484847,3.5641891891891873
2022-12,194,68.53043478260872,39.143478260869564,6.745614035087715
2022-13,135,62.80717488789236,39.600896860986566,8.662162162162161
2022-14,144,74.1440329218107,43.633744855967095,6.876543209876544
2022-15,90,65.04306220095695,45.8755980861244,6.447115384615383
2022-16,97,58.81914893617021,41.920212765957444,8.193548387096778
2022-17,100,64.91441441441444,42.04504504504503,4.454954954954953
2022-18,135,77.47202797202799,46.61188811188811,4.148409893992935
2022-19,25,78.14545454545451,56.4581818181818,5.176029962546819
2022-20,32,78.06439393939392,57.287878787878796,4.678030303030301
2022-21,18,76.46058091286308,58.70954356846474,6.12133891213389
2022-22,8,76.6156862745098,56.81496062992126,3.44313725490196
2022-23,14,75.34873949579831,60.88034188034188,5.255319148936173
2022-24,3,73.50746268656715,60.318407960198996,4.910000000000003
2022-25,9,75.83132530120483,58.349397590361455,2.9149797570850198
2022-26,0,77.13807531380753,65.0836820083682,4.13392857142857
2022-27,3,68.87096774193549,61.40860215053763,4.044198895027624
2022-28,0,79.60655737704919,64.30491803278689,3.0690789473684235
2022-29,0,75.09716599190284,71.9919028340081,5.24390243902439
2022-30,0,71.0183486238532,68.93577981651376,5.133640552995395
2022-31,0,75.89035087719299,70.95614035087718,4.889867841409694
2022-32,0,82.53012048192771,71.26506024096386,4.902439024390241
2022-33,0,NA,NA,NA
2022-34,0,NA,NA,NA
2022-35,0,NA,NA,NA
2022-36,0,NA,NA,NA
2022-37,0,NA,NA,NA
2022-38,0,NA,NA,NA
2022-39,0,NA,NA,NA
2022-40,0,NA,NA,NA
2022-41,0,NA,NA,NA
2022-42,0,NA,NA,NA
2022-43,0,NA,NA,NA
2022-44,0,NA,NA,NA
2022-45,0,NA,NA,NA
2022-46,0,NA,NA,NA
2022-47,0,NA,NA,NA
2022-48,0,NA,NA,NA
2022-49,0,NA,NA,NA
2022-50,0,NA,NA,NA
2022-51,0,NA,NA,NA
2022-52,68,94.16326530612244,47.8843537414966,3.4353741496598635
2023-01,0,NA,NA,NA
2023-02,0,NA,NA,NA
2023-03,0,NA,NA,NA
2023-04,0,NA,NA,NA
2023-05,0,NA,NA,NA
2023-06,0,NA,NA,NA
2023-07,0,NA,NA,NA
2023-08,0,NA,NA,NA
2023-09,0,NA,NA,NA
2023-10,0,NA,NA,NA
2023-11,0,NA,NA,NA
2023-12,0,NA,NA,NA
2023-13,0,NA,NA,NA
2023-14,0,NA,NA,NA
2023-15,6,64.54802259887002,54.220338983050844,5.15819209039548
2023-16,58,73.92640692640694,47.25541125541126,6.7792207792207755
2023-17,126,80.75874125874128,48.185314685314694,4.809859154929576
2023-18,133,75.09375,46.96875,4.89019607843138
2023-19,41,59.366279069767444,49.95348837209302,3.461538461538462
2023-20,34,67.04072398190041,52.99095022624436,6.506849315068493
2023-21,64,64.63500000000002,49.57500000000001,3.809999999999999
2023-22,89,75.59999999999998,50.47037037037037,4.180451127819552
2023-23,52,79.87248322147651,52.40604026845638,2.1196581196581206
2023-24,0,79.58518518518518,62.488888888888894,3.933333333333331
2023-25,39,82.05590062111801,61.20496894409937,3.056249999999995
2023-26,0,83.30747922437673,67.73130193905816,4.5416666666666705
2023-27,0,82.00632911392405,71.21835443037975,2.888888888888891
2023-28,0,83.3731884057971,72.21014492753622,5.407272727272728
2023-29,0,78.78368794326241,69.74468085106383,2.7943262411347507
2023-30,0,77.01801801801803,69.27727272727273,4.226244343891401
2023-31,0,68.69270833333334,62.59375,3.1105263157894747
2023-32,0,76.65948275862068,68.64655172413794,5.073913043478262
2023-33,0,81.35830618892507,66.8827361563518,3.8910891089108888
2023-34,0,79.90298507462687,64.49626865671641,3.484496124031006
2023-35,9,79.2448132780083,64.04979253112033,2.6680851063829785
2023-36,0,81.5,71.42532467532467,2.5351170568561847
2023-37,0,81.57382550335572,65.40939597315437,2.5780141843971585
2023-38,8,82.53260869565217,59.376811594202906,3.8492063492063493
2023-39,66,85.9472049689441,53.726708074534166,2.587412587412588
2023-40,20,83.28770949720669,59.12011173184358,2.29106628242075
2023-41,85,74.38725490196079,48.049019607843135,2.35897435897436
2023-42,79,81.7312925170068,52.030612244897966,2.787003610108297
2023-43,30,73.13270142180095,52.73933649289099,3.033816425120773
2023-44,21,80.70930232558139,47.20930232558139,2.5569620253164556
2023-52,0,NA,NA,NA
