"week_num","Hours_Above_80","Hours_Above_75","Hours_Below_50","Avg_HourlyRelativeHumidity","Avg_HourlyWetBulbTemperature","Avg_HourlyWindSpeed","Lagged_week_num"
"2006-01",0,0,283,87.5053003533569,30.886925795053,3.96113074204947,"2005-52"
"2006-02",0,0,161,85.1649484536082,41.7319587628866,8.42611683848796,"2006-01"
"2006-03",0,0,149,62.5967741935484,34.2204301075269,10.489247311828,"2006-02"
"2006-04",0,0,249,76.5361216730038,32.1603053435114,5.30798479087453,"2006-03"
"2006-05",0,0,273,89.6170212765957,40.1768292682927,7.17325227963526,"2006-04"
"2006-06",0,0,216,61.5138888888889,23.5,9.99537037037037,"2006-05"
"2006-07",0,0,169,61.7309644670051,28.6974358974359,8.42131979695431,"2006-06"
"2006-08",0,0,204,63.8039215686274,23.9558823529412,6.30392156862745,"2006-07"
"2006-09",0,0,199,53.4773869346734,21.572864321608,8.07537688442211,"2006-08"
"2006-10",0,0,148,70.741935483871,36.0161290322581,5.65591397849462,"2006-09"
"2006-11",0,0,164,60.621359223301,35.1165048543689,8.3883495145631,"2006-10"
"2006-12",0,0,187,60.8520408163265,31.7857142857143,6.36224489795918,"2006-11"
"2006-13",0,0,105,61.0909090909091,38.0959595959596,5.46464646464646,"2006-12"
"2006-14",0,0,180,76.3173913043478,38.2260869565217,6.86086956521739,"2006-13"
"2006-15",0,0,96,72.2051282051282,44.3333333333333,5.66239316239317,"2006-14"
"2006-16",0,0,113,62.8624338624339,42.6243386243386,7.11640211640212,"2006-15"
"2006-17",0,0,111,61.939226519337,41.608938547486,6.32044198895028,"2006-16"
"2006-18",4,10,123,75.2488888888889,48.0844444444444,7.88,"2006-17"
"2006-19",0,0,123,89.4874213836478,49.1666666666667,7.55974842767295,"2006-18"
"2006-20",0,0,14,81.9806949806949,53.0428015564202,7.34749034749035,"2006-19"
"2006-21",9,23,63,76.34765625,54.0625,4.3203125,"2006-20"
"2006-22",12,28,0,87.2140350877193,59.3263157894737,5.45263157894736,"2006-21"
"2006-23",0,0,0,87.874251497006,56.2492492492492,6.32335329341318,"2006-22"
"2006-24",22,53,0,76.2837837837838,60.4660633484163,3.95495495495495,"2006-23"
"2006-25",23,52,0,86.0217391304348,65.9968944099379,4.09034267912772,"2006-24"
"2006-26",24,77,0,81.5967741935484,68.1451612903226,8.28629032258064,"2006-25"
"2006-27",38,71,0,78.447963800905,65.8371040723982,3.81900452488688,"2006-26"
"2006-28",42,83,0,83.6433823529412,68.7022058823529,5.53676470588236,"2006-27"
"2006-29",44,142,0,83.4323432343234,70.5412541254125,5.6006600660066,"2006-28"
"2006-30",65,112,0,73.672131147541,70.1639344262295,7.41530054644809,"2006-29"
"2006-31",68,108,0,78.766037735849,67.6969696969697,3.32830188679245,"2006-30"
"2006-32",31,73,24,72.0545454545454,60.351598173516,5.14545454545454,"2006-31"
"2006-33",30,67,16,83.9673202614379,62.5049180327869,3.59477124183007,"2006-32"
"2006-34",11,22,5,84.1127272727273,59.2145454545455,3.05818181818182,"2006-33"
"2006-35",0,5,4,87.0223642172524,60.3863636363636,5.42492012779552,"2006-34"
"2006-36",5,22,10,84.3877551020408,57.9305555555556,2.42176870748299,"2006-35"
"2006-37",3,13,70,84.0419847328244,53.9230769230769,2.69083969465649,"2006-36"
"2006-38",2,23,41,81.9669117647059,58.2222222222222,5.41544117647059,"2006-37"
"2006-39",0,0,156,85.5275362318841,49.8495575221239,2.79420289855072,"2006-38"
"2006-40",0,2,158,83.6416938110749,47.599348534202,3.19471947194719,"2006-39"
"2006-41",0,3,140,79.95,46.9820788530466,3.72857142857143,"2006-40"
"2006-42",0,0,118,81.4809688581315,47.5363321799308,4.74048442906574,"2006-41"
"2006-43",0,0,119,69.9907834101383,44,8.77880184331797,"2006-42"
"2006-44",0,0,181,77.5852713178295,40.8988326848249,3.25193798449612,"2006-43"
"2006-45",0,0,78,87.1460317460317,49.5555555555556,3.2,"2006-44"
"2006-46",0,0,59,85.1866666666666,53.5,6.24,"2006-45"
"2006-47",0,0,246,80.6969696969697,38.9204545454545,6.23863636363636,"2006-46"
"2006-48",0,0,151,84.7518796992481,45.777358490566,5.80827067669173,"2006-47"
"2006-49",0,0,173,60.59375,29.4607329842932,7.13541666666667,"2006-48"
"2006-50",0,0,160,79.504347826087,41.2838427947598,4.8695652173913,"2006-49"
"2006-51",0,0,145,68.8102564102564,38.5670103092784,5.62564102564103,"2006-50"
"2006-52",0,0,253,75.7606177606178,33.0466926070039,4.36614173228346,"2006-51"
"2007-01",0,0,159,77.3230240549828,44.8969072164948,7.84879725085911,"2006-52"
"2007-02",0,0,205,74.6269841269841,38.1071428571429,6.69444444444444,"2007-01"
"2007-03",0,0,267,72.3895131086143,30.4794007490637,5.46067415730338,"2007-02"
"2007-04",0,0,203,61.0295566502463,20.3251231527094,4.07881773399015,"2007-03"
"2007-05",0,0,217,62.4516129032258,24.2222222222222,5.15668202764977,"2007-04"
"2007-06",0,0,168,43.5654761904762,15.9404761904762,8.70833333333333,"2007-05"
"2007-07",0,0,226,57.3362831858407,23.25,9.92477876106194,"2007-06"
"2007-08",0,0,213,62.3842592592593,27.4305555555556,6.15277777777778,"2007-07"
"2007-09",0,0,263,76.7172413793104,33.7413793103448,4.80344827586206,"2007-08"
"2007-10",0,0,167,49.4347826086956,23.2065217391305,8.85326086956522,"2007-09"
"2007-11",0,0,217,73.3103448275862,35.3524904214559,8.98850574712644,"2007-10"
"2007-12",0,0,190,67.5872340425532,35.3914893617021,7.77446808510639,"2007-11"
"2007-13",0,0,170,59.5112107623319,37.2780269058296,5.75336322869955,"2007-12"
"2007-14",0,0,240,71.4875,35.15,7,"2007-13"
"2007-15",0,0,214,69.0171673819742,37.2403433476395,8.63948497854077,"2007-14"
"2007-16",0,3,231,75.1565495207668,41.0511182108626,12.4501607717042,"2007-15"
"2007-17",2,11,135,76.1166077738516,47.547703180212,3.82685512367491,"2007-16"
"2007-18",0,0,73,50.1139896373057,44.3471502590674,6.53367875647668,"2007-17"
"2007-19",8,17,43,68.9958847736626,52.5473251028806,5.82716049382716,"2007-18"
"2007-20",2,6,124,77.1582278481013,48.503164556962,6.66025641025641,"2007-19"
"2007-21",30,42,61,65.3436123348018,53.1145374449339,3.64678899082569,"2007-20"
"2007-22",24,47,14,72.5450980392157,59.2,4.13698630136987,"2007-21"
"2007-23",0,11,6,78.4395973154363,59.5637583892617,5.34420289855073,"2007-22"
"2007-24",11,28,20,73.1094890510949,57.029197080292,5.86516853932584,"2007-23"
"2007-25",16,43,5,65.7488372093023,60.106976744186,4.99056603773585,"2007-24"
"2007-26",54,81,0,64.2673796791444,65.9197860962567,5.95027624309392,"2007-25"
"2007-27",32,63,16,70.36,62.252,5.46558704453441,"2007-26"
"2007-28",71,134,0,73.4701492537313,67.7761194029851,5.01550387596899,"2007-27"
"2007-29",35,115,0,75.2147239263804,66.739263803681,3.08307692307692,"2007-28"
"2007-30",67,131,0,73.779359430605,68.2989323843416,3.83274021352313,"2007-29"
"2007-31",81,121,0,72.5543071161049,69.0973782771536,3.19083969465649,"2007-30"
"2007-32",44,115,0,74.1146953405018,64.3763440860215,3.39068100358423,"2007-31"
"2007-33",30,84,20,74.0553505535055,62.0666666666667,3.44943820224719,"2007-32"
"2007-34",33,68,3,75.1184668989547,61.6748251748252,2.993006993007,"2007-33"
"2007-35",45,71,36,73.921686746988,57.9728915662651,1.7710843373494,"2007-34"
"2007-36",31,58,27,70.9531914893617,59.9404255319149,4.32905982905983,"2007-35"
"2007-37",0,24,109,78.0183486238532,54.319018404908,2.93883792048929,"2007-36"
"2007-38",13,32,166,78.9906103286385,51.725352112676,2.06352941176471,"2007-37"
"2007-39",23,59,37,69.2699115044248,59.858407079646,4.46460176991151,"2007-38"
"2007-40",19,40,87,77.9055374592834,57.472312703583,2.24262295081967,"2007-39"
"2007-41",0,0,30,77.5050847457627,54.9593220338983,3.84406779661017,"2007-40"
"2007-42",0,7,98,75.8532423208191,52.9863481228669,3.62457337883958,"2007-41"
"2007-43",1,8,72,75.3519163763066,51.9335664335664,4.96853146853147,"2007-42"
"2007-44",0,0,121,66.5,42.4380530973451,5.83555555555555,"2007-43"
"2007-45",0,0,170,67.3942307692308,36.3125,3.97596153846154,"2007-44"
"2007-46",0,0,176,72.0111524163569,40.3059701492537,5.19330855018588,"2007-45"
"2007-47",0,0,213,74.15503875969,36.8837209302325,4.00772200772201,"2007-46"
"2007-48",0,0,139,64.2211055276382,37.0353535353535,5.91959798994975,"2007-47"
"2007-49",0,0,209,70.4784688995215,27.4306220095694,4.83253588516746,"2007-48"
"2007-50",0,0,286,79.135761589404,30.8907284768212,4.63576158940397,"2007-49"
"2007-51",0,0,272,79.0726643598616,29.8373702422145,5.23875432525951,"2007-50"
"2007-52",0,0,201,74.8488888888889,35.8705357142857,5.23555555555556,"2007-51"
"2008-01",0,0,259,64.4015444015444,25.4015444015444,7.00772200772201,"2007-52"
"2008-02",0,0,152,75.704641350211,42.0464135021097,5.64135021097046,"2008-01"
"2008-03",0,0,275,73.72,28.2690909090909,4.99636363636363,"2008-02"
"2008-04",0,0,230,67.2086956521739,24,6.54782608695652,"2008-03"
"2008-05",0,0,197,66.4278846153846,32.6682692307692,7.05769230769231,"2008-04"
"2008-06",0,0,347,85.9570200573066,34.6561604584527,4.11174785100287,"2008-05"
"2008-07",0,0,197,68.4244897959184,30.7102040816326,8.19183673469388,"2008-06"
"2008-08",0,0,207,70.3,30.184,7.23999999999999,"2008-07"
"2008-09",0,0,257,72.15953307393,29.0038910505837,5.94941634241245,"2008-08"
"2008-10",0,0,218,78.0726643598616,40.1280276816609,7.66666666666667,"2008-09"
"2008-11",0,0,197,67.6146341463415,32.4048780487805,5.62926829268293,"2008-10"
"2008-12",0,0,186,55.9113300492611,32.8226600985222,8.96551724137931,"2008-11"
"2008-13",0,0,188,61.8423645320197,32.7881773399015,5.93103448275862,"2008-12"
"2008-14",0,0,207,77.3763837638377,41.1623616236162,7.52222222222222,"2008-13"
"2008-15",0,0,161,76.2222222222222,42.425925925926,3.96296296296296,"2008-14"
"2008-16",0,7,100,52.8895027624309,39.7182320441989,3.76795580110497,"2008-15"
"2008-17",2,8,118,66.4009009009009,45.5765765765766,3.61261261261261,"2008-16"
"2008-18",0,0,172,79.5193548387097,45.2953736654804,5.07792207792208,"2008-17"
"2008-19",0,3,145,73.3320895522388,46.0085106382979,4.65037593984962,"2008-18"
"2008-20",0,0,124,68.2139737991266,46.1875,5.54185022026432,"2008-19"
"2008-21",0,2,70,62.0368421052632,47.1631578947368,5.72631578947368,"2008-20"
"2008-22",2,16,28,66.259067357513,54.0725388601036,6.94240837696335,"2008-21"
"2008-23",28,45,10,80.3377926421405,57.5685618729097,4.21404682274247,"2008-22"
"2008-24",55,76,4,68.859649122807,62.75,3.48684210526316,"2008-23"
"2008-25",8,33,2,77.6996466431095,59.9010600706714,3.90106007067138,"2008-24"
"2008-26",25,84,0,80.2356902356902,66.3367003367003,3.31615120274914,"2008-25"
"2008-27",45,68,0,80.1487889273356,66.4290657439446,3.44599303135888,"2008-26"
"2008-28",73,103,0,69.652380952381,67.4238095238095,6.09047619047619,"2008-27"
"2008-29",82,117,0,75.8484848484848,65.7609427609428,2.98310810810811,"2008-28"
"2008-30",36,95,0,81.3110465116279,67.4186046511628,5.17732558139535,"2008-29"
"2008-31",54,83,0,79.2739273927393,65.8184818481848,2.48184818481848,"2008-30"
"2008-32",7,37,0,82.7469512195122,61.7774390243902,2.49079754601227,"2008-31"
"2008-33",11,48,0,81.0532915360501,61.6551724137931,2.7115987460815,"2008-32"
"2008-34",18,49,20,77.3807829181495,57.5302491103203,2.7829181494662,"2008-33"
"2008-35",14,45,20,76.4131274131274,59.992277992278,3.12741312741313,"2008-34"
"2008-36",26,110,0,79.9292604501608,64.9549839228296,4.77491961414791,"2008-35"
"2008-37",0,12,60,84.394578313253,58.8403614457831,3.22590361445783,"2008-36"
"2008-38",7,16,112,81.155487804878,51.1310975609756,1.97865853658537,"2008-37"
"2008-39",0,0,141,86.922891566265,54.7831325301205,2.56144578313253,"2008-38"
"2008-40",0,0,72,81.900641025641,53.676282051282,3.1923076923077,"2008-39"
"2008-41",0,0,155,77.5604395604395,45,2.34798534798535,"2008-40"
"2008-42",0,0,113,78.36,47.3,3.476,"2008-41"
"2008-43",0,0,141,74.3940677966102,43.4745762711864,6.33050847457627,"2008-42"
"2008-44",0,0,176,72.2828685258964,39.2709163346614,4.47410358565737,"2008-43"
"2008-45",0,0,88,86.3538011695907,50.5877192982456,3.62573099415205,"2008-44"
"2008-46",0,0,100,76.456,48.3,5.832,"2008-45"
"2008-47",0,0,167,46.8083832335329,24.6287425149701,7.1377245508982,"2008-46"
"2008-48",0,0,198,80.9747899159664,36.9411764705882,4.93697478991596,"2008-47"
"2008-49",0,0,188,70.7056074766355,34.3785046728972,5.40654205607476,"2008-48"
"2008-50",0,0,186,75.8373983739837,36.9387755102041,8.37804878048781,"2008-49"
"2008-51",0,0,323,84.3682719546742,29.7337110481586,6.30028328611898,"2008-50"
"2008-52",0,0,177,76.532751091703,35.3493449781659,7.89519650655022,"2008-51"
"2009-01",0,0,104,57.3942307692308,19.375,7.56730769230769,"2008-52"
"2009-02",0,0,268,75.7355371900827,26.396694214876,5.91417910447761,"2009-01"
"2009-03",0,0,267,75.4569288389513,19.5430711610487,3.20224719101124,"2009-02"
"2009-04",0,0,244,73.1311475409836,22.4467213114754,4.41393442622951,"2009-03"
"2009-05",0,0,216,71.6111111111111,22.9814814814815,4.54166666666667,"2009-04"
"2009-06",0,0,227,69.793991416309,23.5321888412017,7.1244635193133,"2009-05"
"2009-07",0,0,173,63.2074468085106,32.1914893617021,7.08510638297872,"2009-06"
"2009-08",0,0,234,74.5598290598291,29.4102564102564,6.99572649572649,"2009-07"
"2009-09",0,0,200,68.2522522522523,29.7207207207207,9.13063063063063,"2009-08"
"2009-10",0,0,204,66.824034334764,27.4291845493562,8.49785407725322,"2009-09"
"2009-11",0,0,223,72.7457627118644,34.0805084745763,6.3771186440678,"2009-10"
"2009-12",0,0,194,70.4536585365854,32.4536585365854,4.73170731707317,"2009-11"
"2009-13",0,0,194,69.1743119266055,36.1834862385321,6.3348623853211,"2009-12"
"2009-14",0,0,171,84.0957095709571,44.4950495049505,6.25165562913908,"2009-13"
"2009-15",0,0,233,77.1103202846975,39.3167259786477,6.42704626334519,"2009-14"
"2009-16",0,0,111,54.0706521739131,38.1358695652174,5.33695652173913,"2009-15"
"2009-17",9,14,72,75.9285714285715,50.3650793650794,8.05577689243028,"2009-16"
"2009-18",6,13,37,70.4520547945205,50.7625570776256,6.15981735159817,"2009-17"
"2009-19",0,0,50,83.7517482517482,52.2587412587413,5.93333333333333,"2009-18"
"2009-20",0,1,87,78.8297101449276,49.963768115942,4.57090909090909,"2009-19"
"2009-21",13,23,29,63.8994974874372,53.1708542713568,4.89447236180904,"2009-20"
"2009-22",1,16,40,79.3230769230769,53.3615384615385,3.73846153846154,"2009-21"
"2009-23",4,7,6,78.9003984063745,54.7290836653386,4.47011952191235,"2009-22"
"2009-24",0,5,0,85.9121621621621,57.7736486486486,2.81694915254237,"2009-23"
"2009-25",0,1,60,86.7313019390582,57.0083102493075,5.05540166204986,"2009-24"
"2009-26",2,17,0,88.9100257069409,60.8431876606684,6.18814432989692,"2009-25"
"2009-27",1,33,0,86.5761772853185,62.7839335180055,3.56571428571429,"2009-26"
"2009-28",4,25,53,83.8490028490029,57.4843304843305,3.58285714285715,"2009-27"
"2009-29",23,57,4,76.1944444444444,62.9523809523809,4.29083665338645,"2009-28"
"2009-30",16,49,0,87.3871951219512,65.0884146341463,4.89634146341464,"2009-29"
"2009-31",36,118,0,85.6380952380952,69.2698412698413,4.70700636942675,"2009-30"
"2009-32",28,62,4,80.1962264150943,63.5849056603774,2.91320754716981,"2009-31"
"2009-33",43,60,0,85.2279411764706,66.6727941176471,2.86764705882353,"2009-32"
"2009-34",80,153,0,82.4248120300752,71.8308270676692,4.81203007518797,"2009-33"
"2009-35",20,48,0,83.3701067615659,63.9893238434164,3.288256227758,"2009-34"
"2009-36",5,20,157,84.5811965811966,51.7521367521368,1.08262108262108,"2009-35"
"2009-37",0,7,80,88.304945054945,56.706043956044,2.92582417582418,"2009-36"
"2009-38",0,10,88,81.3693379790941,50.1010452961672,2.86062717770035,"2009-37"
"2009-39",2,17,105,86.046204620462,53.3046357615894,3.49174917491749,"2009-38"
"2009-40",0,0,31,82.4937238493724,55.3221757322176,4.30962343096234,"2009-39"
"2009-41",0,0,50,77.9353448275862,51.4094827586207,5.19827586206897,"2009-40"
"2009-42",0,0,226,81.18359375,39.7890625,5.92578125,"2009-41"
"2009-43",0,0,144,80.360294117647,45.9595588235294,5.07720588235295,"2009-42"
"2009-44",0,0,137,86.9163498098859,44.557251908397,4.15209125475285,"2009-43"
"2009-45",0,0,170,75.3497536945813,38.0693069306931,3.43349753694581,"2009-44"
"2009-46",0,0,47,80.5744680851063,50.6042553191489,5.77542372881356,"2009-45"
"2009-47",0,0,254,83.9788519637462,39.1570996978852,2.50453172205438,"2009-46"
"2009-48",0,0,253,85.1853146853147,44.6118881118881,6.91958041958042,"2009-47"
"2009-49",0,0,149,78.5882352941176,40.1221719457014,7.58371040723982,"2009-48"
"2009-50",0,0,229,75.1659574468085,32.2765957446809,6.25957446808511,"2009-49"
"2009-51",0,0,228,66.4868421052632,25.9254385964912,8.1140350877193,"2009-50"
"2009-52",0,0,215,73.3606557377049,29.7901234567902,6.66803278688524,"2009-51"
"2009-53",0,0,124,68.3951612903226,23.9274193548387,5.83064516129032,"2009-52"
"2010-01",0,0,186,62.9139784946237,20.9516129032258,5.69354838709677,"2009-53"
"2010-02",0,0,176,67.9545454545455,25.0909090909091,4.47159090909091,"2010-01"
"2010-03",0,0,233,79.8669527896996,30.4334763948498,5.55793991416309,"2010-02"
"2010-04",0,0,179,66.079295154185,30.4273127753304,9.33039647577092,"2010-03"
"2010-05",0,0,204,58.0686274509804,21.9264705882353,5.77450980392157,"2010-04"
"2010-06",0,0,205,62.2926829268293,26.0048780487805,8.49756097560975,"2010-05"
"2010-07",0,0,216,68.2534562211982,30.2073732718894,7.52534562211981,"2010-06"
"2010-08",0,0,309,84.2783171521036,35.5179153094462,6.46925566343042,"2010-07"
"2010-09",0,0,312,76.6727828746178,32.3669724770642,8.62385321100918,"2010-08"
"2010-10",0,0,195,72.3318181818182,38.65,7.58636363636364,"2010-09"
"2010-11",0,0,149,66.6132075471698,40.2594339622642,6.95283018867925,"2010-10"
"2010-12",0,0,255,78.7212543554007,39.7804878048781,6.26829268292683,"2010-11"
"2010-13",0,4,184,85.7114285714286,46.0857142857143,5.16857142857142,"2010-12"
"2010-14",7,9,76,69.0044642857143,48.4151785714286,5.78125,"2010-13"
"2010-15",0,0,215,75.4790874524715,38.8136882129278,3.60919540229885,"2010-14"
"2010-16",0,0,139,72.8076923076923,43.4230769230769,4.07692307692307,"2010-15"
"2010-17",4,16,111,65.5471698113207,46.311320754717,6.51415094339622,"2010-16"
"2010-18",1,16,18,66.3080357142857,53.4553571428571,7.78923766816144,"2010-17"
"2010-19",0,0,97,67.4253393665158,43.5294117647059,3.94570135746606,"2010-18"
"2010-20",0,8,49,83.3218884120172,51.8755364806867,3.74621212121212,"2010-19"
"2010-21",22,46,3,75.5870646766169,61.1990049751244,4.58986175115207,"2010-20"
"2010-22",8,47,0,87.7875,64.0375,4.5375,"2010-21"
"2010-23",0,1,26,85.0161943319838,55.9554655870445,3.57894736842105,"2010-22"
"2010-24",14,39,1,83.8801498127341,61.5131086142322,3.7752808988764,"2010-23"
"2010-25",53,87,0,81.7258064516129,66.1088709677419,3.26209677419355,"2010-24"
"2010-26",39,70,4,66.4130434782609,62.5054347826087,5.03351955307263,"2010-25"
"2010-27",80,130,0,84.309375,70.271875,3.215625,"2010-26"
"2010-28",59,149,0,87.2240802675585,71.1471571906355,4.20066889632107,"2010-27"
"2010-29",46,92,0,86.96138996139,69.988416988417,3.41698841698842,"2010-28"
"2010-30",37,82,1,74.1207729468599,61.7777777777778,4.26570048309179,"2010-29"
"2010-31",46,111,0,79.0821917808219,68.283105022831,6.01369863013699,"2010-30"
"2010-32",30,70,36,83.155303030303,61.2395437262357,2.47876447876448,"2010-31"
"2010-33",36,78,14,84.12109375,64.07421875,3.1171875,"2010-32"
"2010-34",18,32,18,89.2133333333333,61.4066666666667,5.93,"2010-33"
"2010-35",49,89,0,81.8880308880309,66.7528957528957,3.52490421455938,"2010-34"
"2010-36",8,23,65,79.4414414414414,56.2432432432433,4.13513513513514,"2010-35"
"2010-37",0,6,92,86.8120567375887,53.8368794326241,2.78014184397163,"2010-36"
"2010-38",8,21,8,81.0349344978166,60.2489082969432,5.20524017467249,"2010-37"
"2010-39",8,65,13,88.5144927536232,63.7065217391304,7.07272727272727,"2010-38"
"2010-40",0,0,36,84.1,51.8545454545454,5.78082191780821,"2010-39"
"2010-41",0,0,141,83.6715328467153,44.9963503649635,4.43430656934307,"2010-40"
"2010-42",0,0,165,80.3776824034335,41.0603448275862,3.27467811158798,"2010-41"
"2010-43",0,0,33,81.4025423728814,55.5805084745763,7.4364406779661,"2010-42"
"2010-44",0,0,138,82.1282051282051,43.2478632478632,4.8076923076923,"2010-43"
"2010-45",0,0,216,83.7984496124031,39.6770428015564,7.05813953488373,"2010-44"
"2010-46",0,0,106,76.892523364486,43.303738317757,5.37850467289719,"2010-45"
"2010-47",0,0,139,64.7127659574468,36.8191489361702,5.92553191489362,"2010-46"
"2010-48",0,0,173,73.5637254901961,35.3676470588235,6.88725490196079,"2010-47"
"2010-49",0,0,166,67.421875,28.2395833333333,8.21465968586388,"2010-48"
"2010-50",0,0,178,72.7794871794872,26.7230769230769,5.61538461538462,"2010-49"
"2010-51",0,0,301,80.4053156146179,28.249169435216,8.84053156146179,"2010-50"
"2010-52",0,0,150,76.6733333333333,26.0133333333333,9.5234899328859,"2010-51"
"2010-53",0,0,198,82.0808080808081,24.0808080808081,8.91878172588833,"2010-52"
"2011-01",0,0,221,73.7556561085973,25.4027149321267,4.67873303167421,"2010-52"
"2011-02",0,0,249,77.1526104417671,24.2730923694779,7.85542168674699,"2011-01"
"2011-03",0,0,252,79.7579365079365,24.6706349206349,4.23412698412698,"2011-02"
"2011-04",0,0,316,84.4588607594937,19.6582278481013,3.06962025316456,"2011-03"
"2011-05",0,0,283,84.034965034965,24.6560283687943,4.75174825174826,"2011-04"
"2011-06",0,0,207,68.768115942029,24.2463768115942,5.59903381642512,"2011-05"
"2011-07",0,0,152,53.625,29.8869047619048,8.55952380952381,"2011-06"
"2011-08",0,0,264,75.1544117647059,27.8609022556391,5.13602941176471,"2011-07"
"2011-09",0,0,154,69.020618556701,33.2268041237113,8.01030927835051,"2011-08"
"2011-10",0,0,206,81.3204633204633,39.3552123552124,7.64478764478765,"2011-09"
"2011-11",0,0,209,76.662447257384,36.4894514767932,4.37552742616034,"2011-10"
"2011-12",0,0,240,69.0166666666666,30.4,6.80833333333333,"2011-11"
"2011-13",0,0,187,64.0961538461539,33.4326923076923,6.92788461538462,"2011-12"
"2011-14",0,0,180,76.4302325581395,37.3294573643411,6.05813953488373,"2011-13"
"2011-15",0,0,126,80.2372881355932,45.7754237288136,8.60169491525424,"2011-14"
"2011-16",0,3,121,76.8045454545455,45.1272727272727,5.93181818181818,"2011-15"
"2011-17",0,2,54,84.9236363636364,53.6181818181818,6.95604395604395,"2011-16"
"2011-18",0,0,86,78.9251968503937,49.2322834645669,5.40944881889764,"2011-17"
"2011-19",0,0,101,83.7333333333333,48.8185185185185,6.11851851851853,"2011-18"
"2011-20",0,0,83,94.0245398773006,54.0858895705521,3.92331288343558,"2011-19"
"2011-21",6,34,8,88.7374100719424,62.1258992805755,5.85971223021583,"2011-20"
"2011-22",13,29,37,75.640350877193,56.6008771929825,5.14473684210526,"2011-21"
"2011-23",27,51,15,84.633962264151,59.7320754716981,3.85057471264368,"2011-22"
"2011-24",10,25,6,82.6130268199234,58.1532567049808,4.15325670498084,"2011-23"
"2011-25",5,27,14,89.6622950819672,61.5803278688525,3.03934426229508,"2011-24"
"2011-26",22,70,0,82.890243902439,64.1788617886179,3.21544715447154,"2011-25"
"2011-27",49,79,0,83.4043321299639,66.9675090252708,3.26373626373626,"2011-26"
"2011-28",52,79,0,77.6858407079646,64.7920353982301,4.98672566371682,"2011-27"
"2011-29",64,113,0,81.5982532751092,69.9956331877729,3.86899563318777,"2011-28"
"2011-30",30,81,0,83.6717557251908,65.030534351145,3.18390804597701,"2011-29"
"2011-31",25,62,0,83.4303278688524,67.3237704918033,4.2798353909465,"2011-30"
"2011-32",32,64,0,87.8952702702703,65.5439189189189,2.93918918918919,"2011-31"
"2011-33",34,62,0,88.6472602739726,65.7123287671233,4.01027397260274,"2011-32"
"2011-34",15,102,0,84.5169811320755,67.7018867924528,7.53584905660378,"2011-33"
"2011-35",18,47,0,83.4029304029304,58.5257352941177,2.47985347985348,"2011-34"
"2011-36",4,23,55,92.745308310992,58.2332439678284,3.69973190348525,"2011-35"
"2011-37",15,31,65,85.2654545454546,56.7163636363636,3.36363636363636,"2011-36"
"2011-38",5,28,45,93.060773480663,63.1077348066298,2.3756906077348,"2011-37"
"2011-39",5,25,0,90.9559748427673,63.7610062893082,2.9125,"2011-38"
"2011-40",6,12,60,83.0905511811024,51.1062992125984,2.76377952755906,"2011-39"
"2011-41",6,7,54,86.2631578947368,56.3095975232198,4.47678018575851,"2011-40"
"2011-42",0,0,104,82.1628787878788,47.5416666666667,4.13257575757576,"2011-41"
"2011-43",0,0,222,84.2007722007722,39.027027027027,6.43023255813953,"2011-42"
"2011-44",0,0,206,82.6707317073171,34.5541125541126,2.86530612244898,"2011-43"
"2011-45",0,0,118,84.7216117216117,47.9512195121951,4.9250936329588,"2011-44"
"2011-46",0,0,65,80.1159420289855,47.5072463768116,6.50724637681159,"2011-45"
"2011-47",0,0,190,84.5364806866953,38.093023255814,4.09442060085837,"2011-46"
"2011-48",0,0,138,82.1598173515982,41.7971698113208,4.88584474885844,"2011-47"
"2011-49",0,0,171,87.5564516129033,43.1048387096774,5.38490566037736,"2011-48"
"2011-50",0,0,182,76.8190476190476,32.1904761904762,4.84285714285714,"2011-49"
"2011-51",0,0,158,78.9263157894737,34.9578947368421,4.93908629441624,"2011-50"
"2011-52",0,0,235,82.0874524714829,37.3802281368821,4.79467680608365,"2011-51"
"2012-01",0,0,181,59.3421052631579,27.5052631578947,5.5765306122449,"2011-52"
"2012-02",0,0,196,72.745,29.315,6.35,"2012-01"
"2012-03",0,0,237,77.2426778242678,26.2050209205021,5.94583333333333,"2012-02"
"2012-04",0,0,176,76.7323232323233,38.2121212121212,5.8018018018018,"2012-03"
"2012-05",0,0,164,61.9779005524862,30.8729281767956,4.94475138121547,"2012-04"
"2012-06",0,0,206,66.2259615384615,29.7932692307692,5.4423076923077,"2012-05"
"2012-07",0,0,225,76.8464912280702,33.1140350877193,3.36563876651982,"2012-06"
"2012-08",0,0,203,76.0327868852459,35.6666666666667,6.44196428571429,"2012-07"
"2012-09",0,0,247,81.8385826771654,35.007874015748,6.09022556390978,"2012-08"
"2012-10",0,0,130,59.4058823529412,34.3,9.90751445086705,"2012-09"
"2012-11",0,0,189,83.2490272373541,41.7354085603113,3.61240310077519,"2012-10"
"2012-12",2,14,97,78.7510040160643,50.0602409638554,4.28112449799197,"2012-11"
"2012-13",0,0,258,72.6383763837638,35.5,4.62730627306272,"2012-12"
"2012-14",0,0,128,54.5166666666667,36.4444444444444,6.10614525139665,"2012-13"
"2012-15",0,0,115,65.9813953488372,40.4976744186046,4.96728971962617,"2012-14"
"2012-16",14,19,39,69.8530805687204,52.7630331753555,6.00473933649289,"2012-15"
"2012-17",0,0,67,62.9310344827586,45.7290640394089,9.36453201970444,"2012-16"
"2012-18",0,0,88,83.6702898550724,48.4420289855072,4.2536231884058,"2012-17"
"2012-19",3,12,27,73.15625,52.8616071428571,6.21171171171171,"2012-18"
"2012-20",3,8,56,77.5696721311476,54.6885245901639,4.69294605809129,"2012-19"
"2012-21",7,27,4,88.9598765432099,61.4814814814815,3.79012345679012,"2012-20"
"2012-22",14,41,0,82.172794117647,61.139705882353,5.88560885608856,"2012-21"
"2012-23",2,21,42,85.3225806451613,51.871186440678,3.89411764705883,"2012-22"
"2012-24",0,0,102,84.0265486725664,54.9705014749263,3.53392330383481,"2012-23"
"2012-25",52,70,42,77.9330708661417,61.8937007874016,3.40944881889764,"2012-24"
"2012-26",37,58,0,76.5153846153846,64.1576923076923,4.67692307692307,"2012-25"
"2012-27",68,93,0,78.6666666666667,65.360153256705,2.61867704280156,"2012-26"
"2012-28",64,93,0,70.8636363636364,63.1727272727273,3.24311926605505,"2012-27"
"2012-29",54,84,0,77.6913580246914,64.5925925925926,3.13168724279835,"2012-28"
"2012-30",37,87,0,80.5687732342007,67.2899628252788,5.31598513011152,"2012-29"
"2012-31",63,139,0,83.2025316455696,68.2436708860759,4.13607594936708,"2012-30"
"2012-32",75,190,0,84.3208556149733,69.0614973262032,4.56836461126006,"2012-31"
"2012-33",39,61,0,84,65.3595890410959,2.76206896551724,"2012-32"
"2012-34",39,62,0,81.8280701754386,61.3298245614035,1.32042253521127,"2012-33"
"2012-35",23,94,16,76.639846743295,60.6360153256705,3.67432950191571,"2012-34"
"2012-36",14,113,1,87.3450134770889,65.5876010781671,3.90835579514824,"2012-35"
"2012-37",1,18,107,83.2192192192192,51.966966966967,1.93655589123867,"2012-36"
"2012-38",0,4,104,83.0357142857143,53.9090909090909,3.9640522875817,"2012-37"
"2012-39",0,1,89,85.3134796238244,51.7805642633229,3.58620689655173,"2012-38"
"2012-40",0,8,21,86.1642335766423,57.463503649635,3.33576642335766,"2012-39"
"2012-41",0,0,85,78.8510638297873,48.0468085106383,4.02991452991453,"2012-40"
"2012-42",0,0,121,82.753164556962,50.8386075949367,4.43492063492063,"2012-41"
"2012-43",0,0,155,82.0830564784053,45.2624584717608,2.71333333333333,"2012-42"
"2012-44",0,0,68,80.2851711026616,50.0608365019012,7.77186311787073,"2012-43"
"2012-45",0,0,177,73.619512195122,35.7512195121951,8.15686274509804,"2012-44"
"2012-46",0,0,188,77.9877049180328,39.4139344262295,4.68032786885245,"2012-45"
"2012-47",0,0,303,81.4316109422492,35.0759878419453,3.18844984802431,"2012-46"
"2012-48",0,0,239,77.03125,32.95703125,3.33984375,"2012-47"
"2012-49",0,0,230,82.7312925170068,39.969387755102,3.16666666666667,"2012-48"
"2012-50",0,0,157,77.2264957264957,39.7905982905983,4.78111587982833,"2012-49"
"2012-51",0,0,249,77.7157534246575,40.8664383561644,7.83737024221452,"2012-50"
"2012-52",0,0,301,80.6761006289308,32.3616352201258,6.20560747663551,"2012-51"
"2013-01",0,0,209,60.066985645933,24.5837320574163,5.82692307692308,"2012-52"
"2013-02",0,0,214,79.2307692307692,36.508547008547,3.52564102564103,"2013-01"
"2013-03",0,0,191,69.6483050847458,35.7203389830508,6.07627118644067,"2013-02"
"2013-04",0,0,200,51.16,16.21,6.625,"2013-03"
"2013-05",0,0,210,71.9850746268657,33.4626865671642,7.72388059701492,"2013-04"
"2013-06",0,0,230,70.8782608695652,22.6695652173913,6.9608695652174,"2013-05"
"2013-07",0,0,298,76.1208053691275,31.0436241610738,6.36241610738255,"2013-06"
"2013-08",0,0,243,67.3539094650206,31.4526748971193,7.71836734693877,"2013-07"
"2013-09",0,0,256,74.13671875,36.27734375,5.42578125,"2013-08"
"2013-10",0,0,295,76.1084745762712,32.593220338983,9.85034013605443,"2013-09"
"2013-11",0,0,159,62.378640776699,36.0922330097088,7.62621359223301,"2013-10"
"2013-12",0,0,261,67.4318181818181,30.6742424242424,7.14068441064639,"2013-11"
"2013-13",0,0,178,62.5272727272727,35.4909090909091,5.43181818181818,"2013-12"
"2013-14",0,0,166,50.7969543147208,35.6345177664975,9.51794871794872,"2013-13"
"2013-15",0,4,176,71.507874015748,43.3464566929134,6.5,"2013-14"
"2013-16",0,0,102,70.1254752851711,45.5817490494297,6.81679389312976,"2013-15"
"2013-17",0,0,189,73.0391459074733,41.44128113879,5.21505376344087,"2013-16"
"2013-18",0,1,189,73.1407942238267,40.4079422382672,2.51636363636364,"2013-17"
"2013-19",1,10,42,81.1524390243902,56.3353658536585,4.67682926829268,"2013-18"
"2013-20",2,7,99,69.1724137931034,46.7715517241379,4.46753246753247,"2013-19"
"2013-21",10,15,27,85.9538043478261,57.375,6.38524590163935,"2013-20"
"2013-22",36,53,34,73.9254385964912,59.8738738738739,5.80701754385965,"2013-21"
"2013-23",2,13,40,83.3116147308782,57.2011331444759,4.72910662824207,"2013-22"
"2013-24",0,15,6,82.2817869415807,57.3883161512028,5.07665505226481,"2013-23"
"2013-25",28,50,16,75.4135021097047,59.6962025316456,4.57805907172996,"2013-24"
"2013-26",32,80,0,85.6410256410256,69.6698717948718,5.97749196141479,"2013-25"
"2013-27",69,140,0,82.7029288702929,73.3347280334728,6.08300395256917,"2013-26"
"2013-28",40,126,0,87.4619718309859,70.7909604519774,3.64022662889518,"2013-27"
"2013-29",86,139,0,81.1698841698842,72.5328185328185,3.29457364341086,"2013-28"
"2013-30",40,85,0,84.7473684210526,67.7754385964912,4.92631578947368,"2013-29"
"2013-31",28,73,0,81.2807692307692,64.4961538461538,2.97683397683398,"2013-30"
"2013-32",16,63,27,79.8044280442805,62.1455223880597,4.97047970479705,"2013-31"
"2013-33",11,36,5,81.8430656934306,58.551094890511,2.16423357664234,"2013-32"
"2013-34",31,60,29,78.7736625514403,60.7818930041152,2.79012345679012,"2013-33"
"2013-35",16,65,0,87.2012578616352,67.625786163522,4.34591194968554,"2013-34"
"2013-36",12,62,68,83.5454545454546,60.6590909090909,3.76547231270358,"2013-35"
"2013-37",13,30,52,80.563981042654,58.3317535545024,3.90661478599222,"2013-36"
"2013-38",2,14,124,81.4673202614379,50.6633986928105,3.11475409836065,"2013-37"
"2013-39",0,0,126,80.42,48.22,2.15322580645161,"2013-38"
"2013-40",8,19,148,87.0278481012658,52.1772151898734,1.47969543147208,"2013-39"
"2013-41",0,14,170,84.751497005988,49.5359281437126,3.22289156626507,"2013-40"
"2013-42",0,0,206,84.8463687150838,45.5083798882682,2.31372549019608,"2013-41"
"2013-43",0,0,134,71.1039603960396,39.3316831683168,3.77722772277228,"2013-42"
"2013-44",0,0,155,80.36,42.772,4.432,"2013-43"
"2013-45",0,0,121,72.96875,40.859375,5.58031088082901,"2013-44"
"2013-46",0,0,170,67.3924050632912,37.253164556962,5.54008438818566,"2013-45"
"2013-47",0,0,138,63.9362745098039,38.6372549019608,7.23039215686275,"2013-46"
"2013-48",0,0,176,69.7732793522267,38.6032388663968,7.5748987854251,"2013-47"
"2013-49",0,0,185,82.7026022304833,39.7806691449814,3.76951672862453,"2013-48"
"2013-50",0,0,320,76.96875,28.984375,5.00312499999999,"2013-49"
"2013-51",0,0,159,70.5898617511521,34.2811059907834,6.54166666666667,"2013-50"
"2013-52",0,0,229,74.038961038961,32.5974025974026,4.60869565217391,"2013-51"
"2014-01",0,0,317,71.2082018927445,22.2555205047319,5.86435331230283,"2013-52"
"2014-02",0,0,184,71.3764705882353,33.3372549019608,7.32042253521127,"2014-01"
"2014-03",0,0,309,86.1481481481482,36.6882716049383,3.86111111111111,"2014-02"
"2014-04",0,0,231,60.6103896103896,16.6060606060606,8.97835497835498,"2014-03"
"2014-05",0,0,192,60.3080808080808,24.3787878787879,4.48730964467005,"2014-04"
"2014-06",0,0,274,75.7846715328467,25.1204379562044,4.37362637362637,"2014-05"
"2014-07",0,0,256,74.19140625,26.0546875,7.3671875,"2014-06"
"2014-08",0,0,213,74.7809917355372,33.0206611570248,6.49173553719008,"2014-07"
"2014-09",0,0,184,53.4130434782609,20.9402173913043,6.33695652173913,"2014-08"
"2014-10",0,0,169,55.7853107344633,22.7683615819209,4.80113636363637,"2014-09"
"2014-11",0,0,189,64.940170940171,32.1923076923077,8.03004291845494,"2014-10"
"2014-12",0,0,170,56.4627659574468,31.0957446808511,6.40106951871658,"2014-11"
"2014-13",0,0,231,67.8262548262549,34.7992277992278,8.33590733590734,"2014-12"
"2014-14",0,0,176,68.3665158371041,36.4570135746606,6.17727272727273,"2014-13"
"2014-15",0,0,50,62.4975609756098,45.8439024390244,7.2390243902439,"2014-14"
"2014-16",0,0,122,66.8451327433628,44.2389380530973,8.94642857142857,"2014-15"
"2014-17",0,0,123,71.4846153846154,43.7038461538462,5.43846153846154,"2014-16"
"2014-18",0,0,98,72.1166666666667,47.7416666666667,7.11666666666667,"2014-17"
"2014-19",7,14,33,64.0582524271845,51.8883495145631,5.49029126213592,"2014-18"
"2014-20",7,17,36,71.6493506493506,56.3722943722944,7.03463203463203,"2014-19"
"2014-21",0,0,59,79.9384615384616,51.3846153846154,2.94094488188976,"2014-20"
"2014-22",0,14,120,80.7692307692308,47.8251748251748,3.5948905109489,"2014-21"
"2014-23",23,41,17,79.8576512455516,56.8790035587189,3.23214285714286,"2014-22"
"2014-24",5,28,0,80.2759856630824,62.8602150537634,4.59057971014493,"2014-23"
"2014-25",22,68,34,66.6190476190476,58.5571428571429,3.98564593301435,"2014-24"
"2014-26",39,96,17,71.5076923076923,59.3923076923077,4.04230769230769,"2014-25"
"2014-27",53,115,0,75.5436507936508,67.7539682539683,7.68525896414342,"2014-26"
"2014-28",48,81,0,75.7330316742081,65.8009049773756,5.11764705882352,"2014-27"
"2014-29",13,93,0,86.8481375358166,66.5816618911175,4.1867816091954,"2014-28"
"2014-30",25,63,0,79.6340425531915,65.131914893617,4.41276595744681,"2014-29"
"2014-31",27,60,0,83.0286738351254,62.3189964157706,3.4336917562724,"2014-30"
"2014-32",38,67,0,83.728125,61.071875,1.70625,"2014-31"
"2014-33",11,41,0,80.5714285714286,60.515873015873,4.2988047808765,"2014-32"
"2014-34",8,36,42,81.9612676056338,56.3169014084507,2.07067137809187,"2014-33"
"2014-35",35,62,28,77.2456896551724,60.1853448275862,3.77489177489177,"2014-34"
"2014-36",58,126,0,80.8375451263538,66.0108303249097,4.1985559566787,"2014-35"
"2014-37",0,7,79,84.1277955271566,55.0670926517572,2.63782051282051,"2014-36"
"2014-38",0,22,167,83.8489425981873,49.8308157099698,1.99090909090909,"2014-37"
"2014-39",12,17,133,83.4496644295302,51.2718120805369,2.4949494949495,"2014-38"
"2014-40",0,1,29,89.2372881355932,55.1559322033898,4.4554794520548,"2014-39"
"2014-41",0,0,135,82.1102661596958,46.0570342205323,3.20532319391635,"2014-40"
"2014-42",0,12,31,82.8391608391608,58.2482517482518,5.72473867595819,"2014-41"
"2014-43",0,0,41,83.006968641115,50.4843205574913,7.82229965156795,"2014-42"
"2014-44",0,0,156,80.1755102040816,43.7795918367347,5.91836734693877,"2014-43"
"2014-45",0,0,140,73.7982062780269,42.0134529147982,4.41891891891892,"2014-44"
"2014-46",0,0,195,80.9609375,37.74609375,2.37890625,"2014-45"
"2014-47",0,0,181,65.9285714285715,35.7410714285714,6.11160714285715,"2014-46"
"2014-48",0,0,209,81.2114093959731,39.7013422818792,7.53355704697987,"2014-47"
"2014-49",0,0,208,77.0734693877551,38.6326530612245,6.1469387755102,"2014-48"
"2014-50",0,0,267,84.3377926421405,37.5016722408027,5.76254180602007,"2014-49"
"2014-51",0,0,258,82.9494163424124,34.3540856031128,3.44961240310077,"2014-50"
"2014-52",0,0,192,84.0574712643678,44.0919540229885,4.95019157088122,"2014-51"
"2015-01",0,0,142,76.8466257668712,33.3435582822086,5.50306748466257,"2014-52"
"2015-02",0,0,191,58.4715025906736,16.9585492227979,7.14507772020726,"2015-01"
"2015-03",0,0,230,73.0289256198347,27.0909090909091,6.0206611570248,"2015-02"
"2015-04",0,0,241,72.1742738589211,29.7095435684647,5.44957983193278,"2015-03"
"2015-05",0,0,279,71.9462365591398,18.989247311828,8.50729927007299,"2015-04"
"2015-06",0,0,298,75.0872483221477,21.1778523489933,6.41946308724832,"2015-05"
"2015-07",0,0,300,77.19,20.6733333333333,8.61666666666666,"2015-06"
"2015-08",0,0,281,73.1850533807829,20.6370106761566,5.23297491039427,"2015-07"
"2015-09",0,0,236,68.2203389830509,16.3574468085106,4.05106382978723,"2015-08"
"2015-10",0,0,245,73.1918367346939,26.0244897959184,5.23673469387755,"2015-09"
"2015-11",0,0,230,70.6639344262295,34.0491803278689,6.36475409836065,"2015-10"
"2015-12",0,0,215,58.802752293578,27.3073394495413,7.04587155963302,"2015-11"
"2015-13",0,0,284,79.503125,34.971875,5.39184952978057,"2015-12"
"2015-14",0,0,159,68.2152466367713,39.0896860986547,6.98654708520179,"2015-13"
"2015-15",0,0,199,81.2824427480916,39.7137404580153,5.40384615384615,"2015-14"
"2015-16",0,0,101,68.5021834061135,44.6288209606987,4.47161572052402,"2015-15"
"2015-17",0,0,112,70.9574468085106,44.4510638297872,7.32905982905983,"2015-16"
"2015-18",0,0,99,65.1761658031088,44.3937823834197,5.58115183246073,"2015-17"
"2015-19",10,29,32,67.1990291262136,55.0825242718447,5.27317073170731,"2015-18"
"2015-20",14,25,44,72.6125,53.3166666666667,4.09243697478991,"2015-19"
"2015-21",0,9,16,67.5422222222222,52.32,6.47533632286996,"2015-20"
"2015-22",7,43,1,79.2716049382716,60.1316872427983,7.23949579831933,"2015-21"
"2015-23",0,0,111,82.029197080292,49.1167883211679,4.23430962343096,"2015-22"
"2015-24",28,50,0,72.2714285714286,62.852380952381,6.4384236453202,"2015-23"
"2015-25",10,30,14,81.3090277777778,61.0833333333333,4.4910394265233,"2015-24"
"2015-26",25,45,6,78.4303797468354,61.1814345991561,4.62666666666667,"2015-25"
"2015-27",25,50,0,78.5542635658915,60.1627906976744,3.1417004048583,"2015-26"
"2015-28",72,116,0,78.9358108108108,65.9493243243243,3.875,"2015-27"
"2015-29",37,90,0,77.2701612903226,66.6612903225806,4.26446280991735,"2015-28"
"2015-30",39,76,0,78,63.3012048192771,2.73895582329317,"2015-29"
"2015-31",66,105,0,79.5367647058824,67.3823529411765,3.45220588235294,"2015-30"
"2015-32",35,77,0,78.9644128113879,61.4768683274021,3.37634408602151,"2015-31"
"2015-33",43,67,0,81.6829268292683,63.2334494773519,3.0418118466899,"2015-32"
"2015-34",58,136,0,83.5184049079755,70.2055214723926,3.87384615384615,"2015-33"
"2015-35",49,92,0,80.9407894736842,64.0921052631579,2.41254125412541,"2015-34"
"2015-36",41,59,38,82.4761904761905,60.3269841269841,2.05714285714286,"2015-35"
"2015-37",30,76,0,84.3789808917198,65.8471337579618,4.08306709265176,"2015-36"
"2015-38",32,49,1,80.2591240875912,60.0109489051095,2.4963503649635,"2015-37"
"2015-39",0,2,206,83.2710843373494,47.1777108433735,1.43865030674846,"2015-38"
"2015-40",7,48,25,85.0351906158358,58.5777126099707,6.96470588235295,"2015-39"
"2015-41",0,0,111,79.6078431372549,49.2117647058824,3.48031496062992,"2015-40"
"2015-42",0,1,111,76.6512605042017,46.6890756302521,3.33193277310924,"2015-41"
"2015-43",0,0,58,67.4391534391535,47.5026455026455,4.89893617021277,"2015-42"
"2015-44",0,0,108,74.8008474576271,45.2796610169492,5.85593220338983,"2015-43"
"2015-45",0,0,110,78.9847908745247,48.6045627376426,4.0722433460076,"2015-44"
"2015-46",0,0,99,76.3214285714286,45.1205357142857,6.51785714285715,"2015-45"
"2015-47",0,0,137,77.0913043478261,41.495652173913,4.23478260869565,"2015-46"
"2015-48",0,0,167,75.3809523809524,37.8380952380952,4.15238095238095,"2015-47"
"2015-49",0,0,185,78.4955752212389,39.6106194690265,3.42857142857143,"2015-48"
"2015-50",0,0,142,77.1919642857143,44.0089285714286,3.86160714285714,"2015-49"
"2015-51",0,0,142,77.6765799256506,44.9776951672862,5.60074626865671,"2015-50"
"2015-52",0,0,65,83.9328621908127,51.886925795053,5.4645390070922,"2015-51"
"2015-53",0,0,195,83.6111111111111,33.9191919191919,4.95454545454545,"2015-52"
"2016-01",0,0,203,74.7075098814229,33.2806324110672,5.69565217391304,"2015-53"
"2016-02",0,0,231,70.017094017094,29.7820512820513,5.80769230769231,"2016-01"
"2016-03",0,0,225,61.4044444444444,23.3066666666667,9.03111111111111,"2016-02"
"2016-04",0,0,166,67.413407821229,32.1508379888268,5.28491620111732,"2016-03"
"2016-05",0,0,159,78.2203389830509,36.7372881355932,5.81276595744681,"2016-04"
"2016-06",0,0,238,65.5714285714285,19.1386554621849,7.92016806722689,"2016-05"
"2016-07",0,0,169,67.4410480349345,35,7.52838427947598,"2016-06"
"2016-08",0,0,187,69.1370967741935,40.1895161290323,8.41463414634146,"2016-07"
"2016-09",0,0,183,62.0456621004566,32.4246575342466,8.15068493150685,"2016-08"
"2016-10",0,0,117,68.2877358490566,41.9103773584906,4.34905660377359,"2016-09"
"2016-11",0,0,204,71.9330543933055,40.2217573221757,5.85232067510548,"2016-10"
"2016-12",0,0,219,70.7528957528958,37.6138996138996,6.27027027027027,"2016-11"
"2016-13",0,0,165,73.3809523809524,43.4920634920635,8.73015873015873,"2016-12"
"2016-14",0,0,170,65.3243243243243,34.8153153153153,7.72072072072072,"2016-13"
"2016-15",0,0,116,64.1826923076923,39.1201923076923,5.90338164251208,"2016-14"
"2016-16",2,6,68,59.8090452261307,46.748743718593,5.01515151515152,"2016-15"
"2016-17",0,0,149,66.9431279620853,40.0758293838863,3.87142857142857,"2016-16"
"2016-18",0,0,155,81.944262295082,47.4688524590164,5.57049180327869,"2016-17"
"2016-19",1,15,69,62.1659388646288,49.9344978165939,5.34497816593886,"2016-18"
"2016-20",0,2,54,61.8160377358491,49.5990566037736,4.49760765550239,"2016-19"
"2016-21",37,51,19,70.5394736842105,58.4210526315789,4.56363636363636,"2016-20"
"2016-22",11,38,0,80.3524096385542,61.578313253012,3.84036144578313,"2016-21"
"2016-23",24,36,14,64.512077294686,58.1642512077295,5.98550724637681,"2016-22"
"2016-24",15,45,24,62.2849162011173,55.1284916201117,4.33838383838384,"2016-23"
"2016-25",29,74,39,72.5289575289575,56.3938223938224,3.43295019157088,"2016-24"
"2016-26",29,85,2,76.2567049808429,64.0344827586207,4.87084870848708,"2016-25"
"2016-27",41,68,0,80.7009966777409,64.4352159468438,3.70764119601329,"2016-26"
"2016-28",54,125,0,81.5492063492064,67.1460317460317,3.38853503184713,"2016-27"
"2016-29",71,103,0,70.5806451612903,65.8433179723502,5.00925925925926,"2016-28"
"2016-30",55,111,0,79.0076045627376,67.7908745247148,2.99619771863118,"2016-29"
"2016-31",48,74,0,81.3187919463087,61.0771812080537,2.73489932885906,"2016-30"
"2016-32",84,159,0,80.7439446366782,69.0657439446367,4.39100346020762,"2016-31"
"2016-33",79,119,0,72.6811594202898,67.2657004830918,4.62135922330097,"2016-32"
"2016-34",49,93,4,75.0528634361234,65.193832599119,4.34801762114537,"2016-33"
"2016-35",23,47,0,81.910780669145,61.6505576208178,2.68283582089552,"2016-34"
"2016-36",28,60,0,83.9049295774648,67.6971830985916,5.76760563380282,"2016-35"
"2016-37",18,44,92,77.76,54.736,3.51807228915663,"2016-36"
"2016-38",20,37,29,84.1806853582554,58.5451713395638,1.95,"2016-37"
"2016-39",0,0,25,87.6207865168539,54.9269662921348,4.65714285714286,"2016-38"
"2016-40",0,4,178,87.2903225806452,49.7493796526054,2.26865671641791,"2016-39"
"2016-41",0,0,147,78.8319327731092,42.718487394958,2.49579831932773,"2016-40"
"2016-42",3,16,61,83.009900990099,57.7986798679868,5.09240924092409,"2016-41"
"2016-43",0,0,131,72.0873786407767,43.0679611650485,6.45588235294118,"2016-42"
"2016-44",0,0,118,76.9230769230769,43.0961538461538,3.6875,"2016-43"
"2016-45",0,0,137,60.4438502673797,37.668449197861,5.18181818181818,"2016-44"
"2016-46",0,0,142,80.2851851851852,45.4222222222222,5.16666666666667,"2016-45"
"2016-47",0,0,204,73.747572815534,36.1747572815534,4.83980582524272,"2016-46"
"2016-48",0,0,130,77.0608695652174,42.3173913043478,6.09130434782609,"2016-47"
"2016-49",0,0,258,79.1279069767442,30.0736434108527,2.4922480620155,"2016-48"
"2016-50",0,0,245,75.984962406015,30.4436090225564,5.02264150943396,"2016-49"
"2016-51",0,0,159,64.0691823899371,30.1761006289308,4.4818652849741,"2016-50"
"2016-52",0,0,155,73.563829787234,35.1276595744681,7.59574468085106,"2016-51"
"2016-53",0,0,72,57.25,30.8472222222222,6.875,"2016-52"
"2017-01",0,0,267,77.2164179104478,28.9589552238806,5.7910447761194,"2016-52"
"2017-02",0,0,148,70.5692307692308,30.7435897435898,6.29230769230769,"2017-01"
"2017-03",0,0,253,82.9769230769231,35.7461538461538,3.14615384615385,"2017-02"
"2017-04",0,0,209,71.645933014354,35.5741626794258,9.27403846153846,"2017-03"
"2017-05",0,0,229,65.467248908297,24.4934497816594,4.01310043668123,"2017-04"
"2017-06",0,0,269,79.4436363636363,27.4109090909091,5.83941605839416,"2017-05"
"2017-07",0,0,206,69.7625570776256,30.5844748858447,7.34703196347032,"2017-06"
"2017-08",0,0,111,73.7004830917874,42.7149758454106,6.65700483091787,"2017-07"
"2017-09",0,0,143,59.7056074766355,34.8130841121495,9.49765258215963,"2017-08"
"2017-10",0,0,189,59.8778280542986,29.0180995475113,7.36199095022624,"2017-09"
"2017-11",0,0,231,64.9220779220779,27.4439461883408,8.78787878787879,"2017-10"
"2017-12",0,0,185,59.1919191919192,29.8737373737374,5.76142131979695,"2017-11"
"2017-13",0,0,295,83.640522875817,37.3344370860927,6.64705882352941,"2017-12"
"2017-14",0,0,197,74.5840336134454,40.4957627118644,7.37130801687764,"2017-13"
"2017-15",7,13,90,67.3378378378379,45.5675675675676,5.23873873873874,"2017-14"
"2017-16",0,0,218,80.2765957446808,43.7056737588652,5.21631205673759,"2017-15"
"2017-17",6,15,51,82.5498392282958,53.5209003215434,5.15112540192926,"2017-16"
"2017-18",0,0,44,79.0140845070422,52.0422535211268,7.08127208480566,"2017-17"
"2017-19",0,0,166,77.6064257028112,43.9156626506024,4.86290322580645,"2017-18"
"2017-20",34,45,51,64.2010050251256,54.1909547738693,5.84422110552764,"2017-19"
"2017-21",0,0,6,85.1883561643836,53.0856164383562,4.30769230769231,"2017-20"
"2017-22",0,3,64,83.9358974358974,52.8397435897436,3.41750841750842,"2017-21"
"2017-23",19,27,40,77.45,53.6416666666667,5.375,"2017-22"
"2017-24",28,53,19,77.1015625,62.828125,4.71764705882353,"2017-23"
"2017-25",39,72,0,74.3671497584541,66.3671497584541,7.6280193236715,"2017-24"
"2017-26",20,56,1,72.2562814070352,63.8793969849246,6.76381909547739,"2017-25"
"2017-27",47,67,4,78.7934782608696,61.3840579710145,3.21454545454545,"2017-26"
"2017-28",35,62,0,84.5182724252492,65.9800664451827,3.33670033670034,"2017-27"
"2017-29",56,95,0,81.1979166666667,67.1423611111111,2.7212543554007,"2017-28"
"2017-30",9,25,29,83.5205992509363,58.3857677902622,3.50751879699248,"2017-29"
"2017-31",34,77,19,78.4588235294118,64.4980392156863,3.85433070866141,"2017-30"
"2017-32",30,51,0,81.1007194244604,61.6870503597122,2.58273381294964,"2017-31"
"2017-33",40,83,2,81.6872852233677,64.5876288659794,3.13793103448276,"2017-32"
"2017-34",29,74,82,82.1842900302115,56.1873111782478,2.55589123867069,"2017-33"
"2017-35",2,10,113,81.3851590106007,51.8268551236749,2.96466431095406,"2017-34"
"2017-36",2,13,32,80.2570093457944,58.5327102803738,4.8411214953271,"2017-35"
"2017-37",27,53,65,83.6466666666667,58.7466666666667,1.9,"2017-36"
"2017-38",7,11,0,88.5522388059701,62.4179104477612,6.93993993993994,"2017-37"
"2017-39",26,48,69,84.036036036036,58.5045045045045,1.97280966767372,"2017-38"
"2017-40",2,19,89,83.2448275862069,55.2586206896552,3.88620689655173,"2017-39"
"2017-41",0,7,69,86.8368580060423,55.1812688821752,3.1,"2017-40"
"2017-42",0,4,102,74.2325581395349,47.6976744186046,3.09813084112149,"2017-41"
"2017-43",0,3,40,84.2975778546713,57.4913494809688,7.40484429065744,"2017-42"
"2017-44",0,0,78,77.3191489361702,49.1191489361702,5.64377682403434,"2017-43"
"2017-45",0,0,175,76.2652173913043,37.9695652173913,5.00434782608696,"2017-44"
"2017-46",0,0,179,81.9471365638766,40.0660792951542,6.12444444444444,"2017-45"
"2017-47",0,0,132,72.3073170731707,39.7365853658536,6.16585365853658,"2017-46"
"2017-48",0,0,169,73.0257731958763,36.0360824742268,3.86082474226804,"2017-47"
"2017-49",0,0,207,81.4291497975708,35.9919028340081,5.48178137651822,"2017-48"
"2017-50",0,0,216,73.3472222222222,24.1805555555556,5.14814814814815,"2017-49"
"2017-51",0,0,245,79.1968503937008,32.0511811023622,3.28174603174603,"2017-50"
"2017-52",0,0,246,65.5609756097561,18.3918367346939,6.39430894308943,"2017-51"
"2018-01",0,0,224,61.4726368159204,13.5273631840796,9.33035714285714,"2017-52"
"2018-02",0,0,159,76.0896226415094,34.6745283018868,8.76446280991736,"2018-01"
"2018-03",0,0,213,75.3133640552995,28.1244239631336,4.40552995391705,"2018-02"
"2018-04",0,0,200,80.300395256917,37.4545454545455,5.93280632411067,"2018-03"
"2018-05",0,0,249,74.8273092369478,28.3453815261044,7.74898785425101,"2018-04"
"2018-06",0,0,243,83.9691780821918,36.3287671232877,4.32876712328767,"2018-05"
"2018-07",0,0,252,80.1326164874552,37.5985663082437,4.67383512544803,"2018-06"
"2018-08",0,0,163,85.3167938931298,42.6641221374046,6.01526717557252,"2018-07"
"2018-09",0,0,222,74.0408163265306,37.8408163265306,10.1570247933884,"2018-08"
"2018-10",0,0,268,75.3917910447761,32.5373134328358,9.04477611940299,"2018-09"
"2018-11",0,0,191,63.130890052356,28.4450261780105,9.24736842105263,"2018-10"
"2018-12",0,0,274,73.1678832116788,31.2116788321168,6.24354243542435,"2018-11"
"2018-13",0,0,148,69.5529953917051,39.0460829493087,5.38709677419355,"2018-12"
"2018-14",0,0,237,73.8694029850746,36.4365671641791,6.52434456928839,"2018-13"
"2018-15",0,0,224,74.4661654135338,36.4624060150376,4.90601503759398,"2018-14"
"2018-16",0,0,189,74.5018315018315,40.5897435897436,7.81985294117648,"2018-15"
"2018-17",0,0,71,81.2350993377483,48.5596026490066,5.27574750830565,"2018-16"
"2018-18",18,29,52,63.6153846153846,52.2980769230769,5.66826923076923,"2018-17"
"2018-19",0,4,90,82.8730158730159,50.5174603174603,3.12540192926045,"2018-18"
"2018-20",2,7,25,86.4466858789625,55.3746397694525,3.83768115942029,"2018-19"
"2018-21",21,33,35,77.4409448818897,55.1968503937008,4.01581027667985,"2018-20"
"2018-22",19,54,12,82.5051546391753,59.4639175257732,3.7439446366782,"2018-21"
"2018-23",8,17,10,81.1901408450704,54.3802816901408,3.59558823529412,"2018-22"
"2018-24",22,30,7,69.0398009950249,58.5422885572139,5.65,"2018-23"
"2018-25",27,53,5,79.0445344129554,60.834008097166,3.87916666666667,"2018-24"
"2018-26",37,53,32,81.0212765957447,64.3758865248227,4.14388489208633,"2018-25"
"2018-27",70,120,0,75.1644444444444,69.2444444444445,4.71621621621622,"2018-26"
"2018-28",50,83,0,73.6694560669456,62.5481171548117,3.17226890756303,"2018-27"
"2018-29",53,108,16,82.0802469135803,63.9938271604938,3.71207430340557,"2018-28"
"2018-30",93,211,0,81.0790378006873,72.0927835051546,6.16206896551724,"2018-29"
"2018-31",75,171,0,83.12,69.9138461538461,4.18153846153846,"2018-30"
"2018-32",73,152,0,83.7418300653595,71.5653594771242,3.59868421052632,"2018-31"
"2018-33",57,107,0,84.8742331288344,70.1349693251534,4.00307692307692,"2018-32"
"2018-34",24,61,26,82.7033333333333,61.57,3.31333333333333,"2018-33"
"2018-35",59,92,0,76.6363636363636,67.4114832535885,3.3719806763285,"2018-34"
"2018-36",43,73,0,80.9683257918552,68.158371040724,3.63013698630137,"2018-35"
"2018-37",20,56,0,89.1379310344828,65.6477832512315,2.31280788177339,"2018-36"
"2018-38",3,19,32,87.003367003367,61.1851851851852,3.45454545454545,"2018-37"
"2018-39",1,18,89,87.9454022988506,55.9454022988506,3.88081395348837,"2018-38"
"2018-40",0,6,39,87.2266288951841,57.8951841359773,3.03693181818182,"2018-39"
"2018-41",6,20,64,87.514950166113,57.7906976744186,4.71666666666667,"2018-40"
"2018-42",0,0,117,70.2156862745098,44.0196078431373,6.2843137254902,"2018-41"
"2018-43",0,0,200,82.4019933554817,43.8737541528239,4.96677740863787,"2018-42"
"2018-44",0,0,76,79.3975903614458,50.4899598393574,6.18875502008032,"2018-43"
"2018-45",0,0,114,79.5176056338029,45.6866197183098,5.46808510638298,"2018-44"
"2018-46",0,0,209,74.4795081967213,37.5901639344262,6.5,"2018-45"
"2018-47",0,0,250,72.2677165354331,34.5708661417323,5.25296442687747,"2018-46"
"2018-48",0,0,248,82.115523465704,40.6064981949458,6.07971014492754,"2018-47"
"2018-49",0,0,147,61.0697674418605,29.1976744186047,4.98255813953488,"2018-48"
"2018-50",0,0,223,76.2875536480687,34.107296137339,3.57510729613734,"2018-49"
"2018-51",0,0,154,73.6944444444444,38.3472222222222,8.17592592592593,"2018-50"
"2018-52",0,0,167,73.806167400881,35.5550660792952,5.2787610619469,"2018-51"
"2019-01",0,0,325,79.9678362573099,37.4736842105263,6.25,"2018-52"
"2019-02",0,0,225,63.1111111111111,28.64,6.61607142857143,"2019-01"
"2019-03",0,0,253,75.7707509881423,27.0079051383399,4.94071146245059,"2019-02"
"2019-04",0,0,148,65.0491803278689,28.1912568306011,9.12637362637363,"2019-03"
"2019-05",0,0,214,60.2102803738318,22.8364485981308,6.56398104265402,"2019-04"
"2019-06",0,0,237,75.0118577075098,34.5138339920949,5.15079365079365,"2019-05"
"2019-07",0,0,224,69.2914979757085,31.9392712550607,5.83400809716599,"2019-06"
"2019-08",0,0,304,76.6414473684211,30.5065789473684,4.98679867986799,"2019-07"
"2019-09",0,0,265,67.8490566037736,25.6301886792453,6.22727272727272,"2019-08"
"2019-10",0,0,248,68.5322580645162,27.1209677419355,6.36885245901639,"2019-09"
"2019-11",0,0,132,62.1472081218274,37.9543147208122,7.98461538461539,"2019-10"
"2019-12",0,0,201,63.377990430622,33.1722488038277,7.90338164251207,"2019-11"
"2019-13",0,0,138,65.9157894736842,38.5885714285714,6.15263157894737,"2019-12"
"2019-14",0,0,174,63.0357142857143,36.625,5.98660714285714,"2019-13"
"2019-15",0,0,128,79.3879003558719,47.2491103202847,5.58718861209964,"2019-14"
"2019-16",0,0,45,75.521568627451,54.0627450980392,9.92913385826772,"2019-15"
"2019-17",0,0,71,79.9515570934256,48.8373702422145,6.719723183391,"2019-16"
"2019-18",0,0,117,81.4192439862543,46.360824742268,3.26206896551724,"2019-17"
"2019-19",0,0,103,73.573275862069,46.7413793103448,4.5974025974026,"2019-18"
"2019-20",0,0,175,78.8322147651007,47.1778523489933,4.36700336700337,"2019-19"
"2019-21",14,26,27,65.8045454545454,55.3636363636364,7.38356164383562,"2019-20"
"2019-22",0,18,0,78.8,55.7153846153846,3.6147859922179,"2019-21"
"2019-23",2,37,28,66.4304932735426,56.3811659192825,5.14349775784753,"2019-22"
"2019-24",0,26,7,77.1571428571429,59.6535714285714,5.584229390681,"2019-23"
"2019-25",12,31,0,81.0163934426229,63.5901639344262,3.58223684210527,"2019-24"
"2019-26",42,78,0,78.4601449275362,66.3224637681159,3.59636363636364,"2019-25"
"2019-27",69,110,0,75.412213740458,66.1412213740458,2.95785440613027,"2019-26"
"2019-28",70,100,0,78.6593059936909,65.7192429022082,2.31012658227848,"2019-27"
"2019-29",78,137,0,75.6147186147186,69.545045045045,3.8304347826087,"2019-28"
"2019-30",45,76,0,77.2096069868996,65.2863636363636,3.80973451327434,"2019-29"
"2019-31",76,108,0,73.4657534246575,67.4953271028037,3.24657534246576,"2019-30"
"2019-32",46,120,0,77.7898305084746,65.1728813559322,3.68135593220339,"2019-31"
"2019-33",39,90,0,81.1013071895425,66.6797385620915,2.90849673202614,"2019-32"
"2019-34",60,117,0,78.5584905660377,66.2641509433962,3.75190839694657,"2019-33"
"2019-35",19,47,47,81.0432098765432,58.5,1.97523219814241,"2019-34"
"2019-36",3,21,0,78.0471698113208,59.4811320754717,3.87677725118483,"2019-35"
"2019-37",10,20,81,82.8123076923077,56.4615384615385,2.64197530864198,"2019-36"
"2019-38",15,24,164,80.7126099706745,48.5131964809384,1.29117647058823,"2019-37"
"2019-39",8,30,67,80.7933333333333,57.21,3.26262626262626,"2019-38"
"2019-40",1,6,58,76.3448275862069,50.2155172413793,4.13419913419913,"2019-39"
"2019-41",0,6,46,82.2671232876713,52.6952054794521,6.02413793103448,"2019-40"
"2019-42",0,0,112,77.2758620689655,45.48828125,4.72413793103449,"2019-41"
"2019-43",0,0,107,81.3878787878788,48.8538961038961,3.65757575757576,"2019-42"
"2019-44",0,0,59,79.6894197952219,48.1386554621849,5.04436860068259,"2019-43"
"2019-45",0,0,153,72.4772727272727,38.5636363636364,4.48623853211009,"2019-44"
"2019-46",0,0,173,63.9227053140097,33.3140096618358,4.68599033816425,"2019-45"
"2019-47",0,0,229,81.3861788617886,40.2122448979592,5.59859154929577,"2019-46"
"2019-48",0,0,216,72.2386363636364,35.4144486692015,5.10227272727273,"2019-47"
"2019-49",0,0,263,76.4144486692015,30.2952755905512,6.26819923371648,"2019-48"
"2019-50",0,0,179,83.5102040816327,43.0699088145897,7.20991253644315,"2019-49"
"2019-51",0,0,232,69.8836206896552,26.431718061674,5.30172413793103,"2019-50"
"2019-52",0,0,189,72.2,33.5024390243902,3.07843137254902,"2019-51"
"2020-01",0,0,179,75.7932960893855,38.854748603352,4.97206703910614,"2019-52"
"2020-02",0,0,158,73.3029045643154,38.0954356846473,7.73858921161825,"2020-01"
"2020-03",0,0,259,75.3053435114504,30.8358778625954,4.27862595419847,"2020-02"
"2020-04",0,0,197,72.0731707317073,27.9951219512195,4.56585365853659,"2020-03"
"2020-05",0,0,193,69.0569948186529,30.119170984456,3.43523316062176,"2020-04"
"2020-06",0,0,238,80.9224489795918,33.0452674897119,4.31020408163265,"2020-05"
"2020-07",0,0,265,79.2415094339623,33.6981132075472,4.10606060606061,"2020-06"
"2020-08",0,0,182,59.5080213903743,27.7914438502674,5.07027027027027,"2020-07"
"2020-09",0,0,192,68.1866028708134,34.8947368421053,6.20192307692308,"2020-08"
"2020-10",0,0,155,60.989847715736,35.243654822335,8.49238578680203,"2020-09"
"2020-11",0,0,123,63.8028169014084,40.206572769953,6.88151658767772,"2020-10"
"2020-12",0,0,223,75.763779527559,37.3543307086614,5.07086614173228,"2020-11"
"2020-13",0,0,243,76.862962962963,38.4518518518518,6.49442379182156,"2020-12"
"2020-14",0,0,323,84.0757575757576,38.4454545454546,8.28048780487805,"2020-13"
"2020-15",0,0,186,70.8697478991597,38.8697478991597,6.08403361344537,"2020-14"
"2020-16",0,0,166,74.0700389105058,40.3346303501946,7.77075098814228,"2020-15"
"2020-17",0,0,205,70.5470085470085,37.5299145299145,6.24786324786325,"2020-16"
"2020-18",0,0,141,77.7256317689531,45.14440433213,7.47463768115942,"2020-17"
"2020-19",0,0,139,64.25,39.9318181818182,6.31336405529954,"2020-18"
"2020-20",0,3,59,63.4427083333333,47.4322916666667,6.26701570680628,"2020-19"
"2020-21",0,7,78,69.8557692307692,47.1778846153846,4.68115942028986,"2020-20"
"2020-22",16,35,19,79.7212543554007,61.1080139372822,6.25435540069687,"2020-21"
"2020-23",17,36,13,74.3601694915254,60.5296610169492,4.55555555555556,"2020-22"
"2020-24",10,36,23,73.96,60.208,4.77016129032258,"2020-23"
"2020-25",41,67,44,74.8273092369478,60.6586345381526,4.05691056910569,"2020-24"
"2020-26",61,94,0,78.6655172413793,66.3413793103448,3.70344827586207,"2020-25"
"2020-27",26,62,0,82.8571428571428,66.2044817927171,3.12215909090909,"2020-26"
"2020-28",68,148,0,78.8174904942966,70.3992395437262,6,"2020-27"
"2020-29",38,72,0,78.6943396226415,65.3283018867924,3.09848484848485,"2020-28"
"2020-30",81,144,0,74.7621145374449,70.2334801762115,3.3568281938326,"2020-29"
"2020-31",95,141,0,74.7860082304527,69.7078189300411,3.62139917695473,"2020-30"
"2020-32",77,115,0,74.7284482758621,68.0948275862069,4.5646551724138,"2020-31"
"2020-33",61,116,0,79.0322580645162,68.6308243727598,4.16304347826087,"2020-32"
"2020-34",40,65,0,79.7213622291022,62.7275541795666,3.10248447204969,"2020-33"
"2020-35",28,89,0,77.5729927007299,66.2116788321168,3.77655677655678,"2020-34"
"2020-36",12,60,8,79.1891891891892,64.2596899224806,3.27027027027027,"2020-35"
"2020-37",20,72,55,83.5919003115265,60.9408099688473,2.50155763239875,"2020-36"
"2020-38",0,11,56,68.3179487179487,51.2410256410256,4.25520833333333,"2020-37"
"2020-39",6,45,46,75.28125,55.18359375,2.90196078431373,"2020-38"
"2020-40",0,31,99,82.4864048338369,56.0513595166163,4.07575757575758,"2020-39"
"2020-41",0,0,72,74.9045643153527,50.6307053941909,4.44583333333334,"2020-40"
"2020-42",0,0,114,83.6822429906542,49.9968847352025,4.15625,"2020-41"
"2020-43",0,3,58,84.5635179153094,55.2214983713355,2.24590163934426,"2020-42"
"2020-44",0,0,197,85.384126984127,44.2207792207792,3.32165605095541,"2020-43"
"2020-45",0,4,109,71.1219512195122,45.6048780487805,5.0390243902439,"2020-44"
"2020-46",0,4,128,83.6341463414634,48.6829268292683,4.00347222222222,"2020-45"
"2020-47",0,0,108,59.7616279069767,38.296511627907,6.13372093023256,"2020-46"
"2020-48",0,0,108,80.8134920634921,46.3466135458167,4.73412698412698,"2020-47"
"2020-49",0,0,142,72.9825327510917,42.7652582159624,10.825327510917,"2020-48"
"2020-50",0,0,209,79.734693877551,36.4367346938776,2.99183673469387,"2020-49"
"2020-51",0,0,248,75.3387096774193,27.0241935483871,4.86693548387096,"2020-50"
"2020-52",0,0,189,78.3699633699634,37.3846153846154,6.21611721611721,"2020-51"
"2020-53",0,0,100,63.5945945945946,34.9417475728155,6.77477477477477,"2020-52"
"2021-01",0,0,225,66.3866666666667,29.5822222222222,5.54666666666667,"2020-53"
"2021-02",0,0,188,72.7511961722488,35.0765550239234,5.04306220095695,"2021-01"
"2021-03",0,0,177,55.5511363636364,27.5340909090909,6.25423728813559,"2021-02"
"2021-04",0,0,248,69.9032258064516,23.8137651821862,4.23076923076923,"2021-03"
"2021-05",0,0,294,78.8707482993197,32.2857142857143,6.38965517241379,"2021-04"
"2021-06",0,0,212,60.9292452830189,24.4905660377359,3.32863849765258,"2021-05"
"2021-07",0,0,320,79.8277945619335,31.2537764350453,5.02127659574468,"2021-06"
"2021-08",0,0,212,72.2294372294372,35.8528138528139,6.62770562770562,"2021-07"
"2021-09",0,0,176,47.6444444444445,27.0611111111111,8.39106145251397,"2021-08"
"2021-10",0,0,137,53.1914893617021,33.3829787234043,6.87234042553192,"2021-09"
"2021-11",0,0,175,56.6230366492147,29.9842931937173,5.55263157894737,"2021-10"
"2021-12",0,0,153,83.2181818181818,43.8121212121212,5.36280487804877,"2021-11"
"2021-13",0,0,126,62.947619047619,40.1809523809524,7.31730769230769,"2021-12"
"2021-14",0,0,150,75.6090534979424,42.4650205761317,3.9,"2021-13"
"2021-15",0,0,176,78.4813084112149,40.5233644859813,6.92890995260664,"2021-14"
"2021-16",0,0,106,62.1581632653061,43.5396825396825,6.84536082474227,"2021-15"
"2021-17",0,1,69,67.646511627907,47.4186046511628,5.78604651162791,"2021-16"
"2021-18",0,0,84,76.3022222222222,47.52,4.24,"2021-17"
"2021-19",0,9,104,65,46.8458149779736,3.49333333333333,"2021-18"
"2021-20",16,42,66,69.4976076555024,53.9090909090909,3.14832535885167,"2021-19"
"2021-21",9,18,141,78.3333333333333,51.2984496124031,6.65748031496063,"2021-20"
"2021-22",21,35,9,81.2175572519084,60.1526717557252,4.46360153256705,"2021-21"
"2021-23",36,51,7,71.1530054644809,62.4262295081967,4.04419889502763,"2021-22"
"2021-24",17,46,8,75.7564102564103,61.2948717948718,3.97863247863248,"2021-23"
"2021-25",23,69,11,82.6348122866894,65.5358361774744,5.96219931271477,"2021-24"
"2021-26",46,62,0,85.9331210191083,64.7356687898089,4.48064516129032,"2021-25"
"2021-27",18,41,0,85.8892405063291,66.2278481012658,4.64102564102564,"2021-26"
"2021-28",49,87,0,88.3083573487032,69.6628242074928,2.98550724637681,"2021-27"
"2021-29",21,47,0,84.2892857142857,65.4142857142857,2.23928571428571,"2021-28"
"2021-30",24,46,1,76.607476635514,63.5,3.46009389671362,"2021-29"
"2021-31",25,54,0,85.6925675675676,65.0945945945946,2.5472972972973,"2021-30"
"2021-32",51,109,0,82.4576923076923,70.1807692307692,3.35907335907336,"2021-31"
"2021-33",47,127,0,84.7892857142857,70.525,5.61428571428572,"2021-32"
"2021-34",52,89,0,82.4789272030651,70.3026819923372,3.0919540229885,"2021-33"
"2021-35",18,37,0,83.2612244897959,63.2530612244898,4.46502057613169,"2021-34"
"2021-36",9,35,3,81.1005025125628,64.5879396984925,4.01015228426396,"2021-35"
"2021-37",12,30,0,86.578431372549,64.3627450980392,3.33114754098361,"2021-36"
"2021-38",3,55,20,84.3860294117647,63.4926470588235,4.34191176470588,"2021-37"
"2021-39",0,2,32,80.9954545454545,55.6590909090909,2.87214611872146,"2021-38"
"2021-40",0,0,68,88.9742765273312,54.5176848874598,2.39677419354839,"2021-39"
"2021-41",0,5,7,85.777027027027,58.2060810810811,3.32432432432433,"2021-40"
"2021-42",0,0,39,69.2294117647059,50.2764705882353,4.48235294117647,"2021-41"
"2021-43",0,0,55,88.0123076923077,53.3446153846154,6.67080745341615,"2021-42"
"2021-44",0,0,125,74.1055555555556,36.2722222222222,2.12777777777778,"2021-43"
"2021-45",0,0,127,79.1842105263158,44.5745614035088,4.80263157894737,"2021-44"
"2021-46",0,0,139,70.0710382513661,40.1092896174863,5.26923076923077,"2021-45"
"2021-47",0,0,169,66.7598039215686,35.156862745098,5.57635467980295,"2021-46"
"2021-48",0,0,159,66.0625,33.1590909090909,4.88636363636363,"2021-47"
"2021-49",0,0,172,79.6823529411765,41.6196078431373,7.52549019607843,"2021-48"
"2021-50",0,0,136,67.6907216494845,37.8092783505155,5.94329896907217,"2021-49"
"2021-51",0,0,253,76.3201581027668,30.0158102766798,3.51778656126482,"2021-50"
"2021-52",0,0,250,88.588,38.596,1.096,"2021-51"
"2021-53",0,0,108,80.0277777777778,35.5925925925926,4.19444444444445,"2021-52"
"2022-01",0,0,226,74.9471698113208,30.5396226415094,6.67300380228137,"2021-52"
"2022-02",0,0,192,60.9947916666667,21.4322916666667,5.95833333333333,"2022-01"
"2022-03",0,0,211,68.2843601895734,27.4739336492891,7.63507109004739,"2022-02"
"2022-04",0,0,235,71.0340425531915,21.2042553191489,5.81196581196581,"2022-03"
"2022-05",0,0,300,83.6509433962264,29.0125786163522,3.77044025157233,"2022-04"
"2022-06",0,0,291,79.0886075949367,33.0917721518987,4.27848101265822,"2022-05"
"2022-07",0,0,176,67.3562231759657,29.9871244635193,9.62231759656653,"2022-06"
"2022-08",0,0,209,73.6728624535316,32.0557620817844,5.71910112359551,"2022-07"
"2022-09",0,0,174,65.0194174757282,31.747572815534,6.84390243902439,"2022-08"
"2022-10",0,0,243,76.9381443298969,35.0793103448276,6.49484536082474,"2022-09"
"2022-11",0,0,147,81.8013468013468,45.4848484848485,3.56418918918919,"2022-10"
"2022-12",0,0,194,68.5304347826087,39.1434782608696,6.74561403508771,"2022-11"
"2022-13",0,0,135,62.8071748878924,39.6008968609866,8.66216216216216,"2022-12"
"2022-14",0,0,144,74.1440329218107,43.6337448559671,6.87654320987654,"2022-13"
"2022-15",0,0,90,65.043062200957,45.8755980861244,6.44711538461538,"2022-14"
"2022-16",0,0,97,58.8191489361702,41.9202127659574,8.19354838709678,"2022-15"
"2022-17",0,0,100,64.9144144144144,42.045045045045,4.45495495495495,"2022-16"
"2022-18",0,0,135,77.472027972028,46.6118881118881,4.14840989399293,"2022-17"
"2022-19",6,18,25,78.1454545454545,56.4581818181818,5.17602996254682,"2022-18"
"2022-20",17,30,32,78.0643939393939,57.2878787878788,4.6780303030303,"2022-19"
"2022-21",0,10,18,76.4605809128631,58.7095435684647,6.12133891213389,"2022-20"
"2022-22",9,20,8,76.6156862745098,56.8149606299213,3.44313725490196,"2022-21"
"2022-23",9,47,14,75.3487394957983,60.8803418803419,5.25531914893617,"2022-22"
"2022-24",15,34,3,73.5074626865672,60.318407960199,4.91,"2022-23"
"2022-25",21,48,9,75.8313253012048,58.3493975903615,2.91497975708502,"2022-24"
"2022-26",37,67,0,77.1380753138075,65.0836820083682,4.13392857142857,"2022-25"
"2022-27",25,65,3,68.8709677419355,61.4086021505376,4.04419889502762,"2022-26"
"2022-28",54,84,0,79.6065573770492,64.3049180327869,3.06907894736842,"2022-27"
"2022-29",96,161,0,75.0971659919028,71.9919028340081,5.24390243902439,"2022-28"
"2022-30",88,142,0,71.0183486238532,68.9357798165138,5.1336405529954,"2022-29"
"2022-31",75,128,0,75.890350877193,70.9561403508772,4.88986784140969,"2022-30"
"2022-32",27,90,0,82.5301204819277,71.2650602409639,4.90243902439024,"2022-31"
"2022-33",0,0,0,NA,NA,NA,"2022-32"
"2022-34",0,0,0,NA,NA,NA,"2022-33"
"2022-35",0,0,0,NA,NA,NA,"2022-34"
"2022-36",0,0,0,NA,NA,NA,"2022-35"
"2022-37",0,0,0,NA,NA,NA,"2022-36"
"2022-38",0,0,0,NA,NA,NA,"2022-37"
"2022-39",0,0,0,NA,NA,NA,"2022-38"
"2022-40",0,0,0,NA,NA,NA,"2022-39"
"2022-41",0,0,0,NA,NA,NA,"2022-40"
"2022-42",0,0,0,NA,NA,NA,"2022-41"
"2022-43",0,0,0,NA,NA,NA,"2022-42"
"2022-44",0,0,0,NA,NA,NA,"2022-43"
"2022-45",0,0,0,NA,NA,NA,"2022-44"
"2022-46",0,0,0,NA,NA,NA,"2022-45"
"2022-47",0,0,0,NA,NA,NA,"2022-46"
"2022-48",0,0,0,NA,NA,NA,"2022-47"
"2022-49",0,0,0,NA,NA,NA,"2022-48"
"2022-50",0,0,0,NA,NA,NA,"2022-49"
"2022-51",0,0,0,NA,NA,NA,"2022-50"
"2022-52",0,0,68,94.1632653061224,47.8843537414966,3.43537414965986,"2022-51"
"2023-01",0,0,0,NA,NA,NA,"2022-52"
"2023-02",0,0,0,NA,NA,NA,"2023-01"
"2023-03",0,0,0,NA,NA,NA,"2023-02"
"2023-04",0,0,0,NA,NA,NA,"2023-03"
"2023-05",0,0,0,NA,NA,NA,"2023-04"
"2023-06",0,0,0,NA,NA,NA,"2023-05"
"2023-07",0,0,0,NA,NA,NA,"2023-06"
"2023-08",0,0,0,NA,NA,NA,"2023-07"
"2023-09",0,0,0,NA,NA,NA,"2023-08"
"2023-10",0,0,0,NA,NA,NA,"2023-09"
"2023-11",0,0,0,NA,NA,NA,"2023-10"
"2023-12",0,0,0,NA,NA,NA,"2023-11"
"2023-13",0,0,0,NA,NA,NA,"2023-12"
"2023-14",0,0,0,NA,NA,NA,"2023-13"
"2023-15",15,28,6,64.54802259887,54.2203389830508,5.15819209039548,"2023-14"
"2023-16",0,0,58,73.9264069264069,47.2554112554113,6.77922077922078,"2023-15"
"2023-17",0,0,126,80.7587412587413,48.1853146853147,4.80985915492958,"2023-16"
"2023-18",1,9,133,75.09375,46.96875,4.89019607843138,"2023-17"
"2023-19",15,25,41,59.3662790697674,49.953488372093,3.46153846153846,"2023-18"
"2023-20",0,7,34,67.0407239819004,52.9909502262444,6.50684931506849,"2023-19"
"2023-21",5,14,64,64.635,49.575,3.81,"2023-20"
"2023-22",14,25,89,75.6,50.4703703703704,4.18045112781955,"2023-21"
"2023-23",4,11,52,79.8724832214765,52.4060402684564,2.11965811965812,"2023-22"
"2023-24",9,39,0,79.5851851851852,62.4888888888889,3.93333333333333,"2023-23"
"2023-25",16,39,39,82.055900621118,61.2049689440994,3.05625,"2023-24"
"2023-26",32,110,0,83.3074792243767,67.7313019390582,4.54166666666667,"2023-25"
"2023-27",80,125,0,82.006329113924,71.2183544303797,2.88888888888889,"2023-26"
"2023-28",54,160,0,83.3731884057971,72.2101449275362,5.40727272727273,"2023-27"
"2023-29",79,133,0,78.7836879432624,69.7446808510638,2.79432624113475,"2023-28"
"2023-30",71,112,0,77.018018018018,69.2772727272727,4.2262443438914,"2023-29"
"2023-31",26,74,0,68.6927083333333,62.59375,3.11052631578947,"2023-30"
"2023-32",50,122,0,76.6594827586207,68.6465517241379,5.07391304347826,"2023-31"
"2023-33",19,47,0,81.3583061889251,66.8827361563518,3.89108910891089,"2023-32"
"2023-34",15,60,0,79.9029850746269,64.4962686567164,3.48449612403101,"2023-33"
"2023-35",10,48,9,79.2448132780083,64.0497925311203,2.66808510638298,"2023-34"
"2023-36",89,155,0,81.5,71.4253246753247,2.53511705685618,"2023-35"
"2023-37",12,55,0,81.5738255033557,65.4093959731544,2.57801418439716,"2023-36"
"2023-38",0,7,8,82.5326086956522,59.3768115942029,3.84920634920635,"2023-37"
"2023-39",0,0,66,85.9472049689441,53.7267080745342,2.58741258741259,"2023-38"
"2023-40",9,31,20,83.2877094972067,59.1201117318436,2.29106628242075,"2023-39"
"2023-41",0,0,85,74.3872549019608,48.0490196078431,2.35897435897436,"2023-40"
"2023-42",0,0,79,81.7312925170068,52.030612244898,2.7870036101083,"2023-41"
"2023-43",9,18,30,73.132701421801,52.739336492891,3.03381642512077,"2023-42"
"2023-44",0,0,21,80.7093023255814,47.2093023255814,2.55696202531646,"2023-43"
"2023-52",0,0,0,NA,NA,NA,"2023-51"
