"week_num","Hrs_Above_80_lag","Hrs_Above_75_lag","Hrs_Below_50_lag","Hrs_Between_50_86_lag","Avg_HourlyDryBulbTemp_lag","Avg_HourlyWetBulbTemp_lag","Year","Week","Lead_week_num"
"2006-01",0,0,283,0,32.1413427561837,30.886925795053,2006,1,"2006-02"
"2006-02",0,0,161,130,43.6048109965636,41.7319587628866,2006,2,"2006-03"
"2006-03",0,0,149,37,38.6397849462366,34.2204301075269,2006,3,"2006-04"
"2006-04",0,0,249,14,34.9657794676806,32.1603053435115,2006,4,"2006-05"
"2006-05",0,0,273,56,41.5015197568389,40.1768292682927,2006,5,"2006-06"
"2006-06",0,0,216,0,27.3564814814815,23.5,2006,6,"2006-07"
"2006-07",0,0,169,28,32.7969543147208,28.6974358974359,2006,7,"2006-08"
"2006-08",0,0,204,0,27.5490196078431,23.9558823529412,2006,8,"2006-09"
"2006-09",0,0,199,0,25.894472361809,21.572864321608,2006,9,"2006-10"
"2006-10",0,0,148,38,39.8333333333333,36.0161290322581,2006,10,"2006-11"
"2006-11",0,0,164,42,39.8398058252427,35.1165048543689,2006,11,"2006-12"
"2006-12",0,0,187,9,36.6377551020408,31.7857142857143,2006,12,"2006-13"
"2006-13",0,0,105,93,44.8181818181818,38.0959595959596,2006,13,"2006-14"
"2006-14",0,0,180,50,41.6,38.2260869565217,2006,14,"2006-15"
"2006-15",0,0,96,138,49.3076923076923,44.3333333333333,2006,15,"2006-16"
"2006-16",0,0,113,76,48.984126984127,42.6243386243386,2006,16,"2006-17"
"2006-17",0,0,111,70,47.9337016574586,41.608938547486,2006,17,"2006-18"
"2006-18",4,10,123,102,52.8,48.0844444444444,2006,18,"2006-19"
"2006-19",0,0,123,195,50.9433962264151,49.1666666666667,2006,19,"2006-20"
"2006-20",0,0,14,245,56.3166023166023,53.0428015564202,2006,20,"2006-21"
"2006-21",9,23,63,193,58.6953125,54.0625,2006,21,"2006-22"
"2006-22",12,28,0,284,61.9508771929825,59.3263157894737,2006,22,"2006-23"
"2006-23",0,0,0,334,58.5119760479042,56.2492492492492,2006,23,"2006-24"
"2006-24",22,53,0,221,65.8648648648649,60.4660633484163,2006,24,"2006-25"
"2006-25",23,52,0,318,69.0869565217391,65.9968944099379,2006,25,"2006-26"
"2006-26",24,77,0,248,72.2782258064516,68.1451612903226,2006,26,"2006-27"
"2006-27",38,71,0,219,70.8461538461538,65.8371040723982,2006,27,"2006-28"
"2006-28",42,83,0,264,72.4080882352941,68.7022058823529,2006,28,"2006-29"
"2006-29",44,142,0,285,74.3993399339934,70.5412541254125,2006,29,"2006-30"
"2006-30",65,112,0,168,76.5901639344262,70.1639344262295,2006,30,"2006-31"
"2006-31",68,108,0,232,73.0415094339623,67.6969696969697,2006,31,"2006-32"
"2006-32",31,73,24,196,66.9090909090909,60.351598173516,2006,32,"2006-33"
"2006-33",30,67,16,290,66.0359477124183,62.5049180327869,2006,33,"2006-34"
"2006-34",11,22,5,270,62.5418181818182,59.2145454545455,2006,34,"2006-35"
"2006-35",0,5,4,309,62.8945686900958,60.3863636363636,2006,35,"2006-36"
"2006-36",5,22,10,284,61.1258503401361,57.9305555555556,2006,36,"2006-37"
"2006-37",3,13,70,192,57.030534351145,53.9230769230769,2006,37,"2006-38"
"2006-38",2,23,41,231,61.9080882352941,58.2222222222222,2006,38,"2006-39"
"2006-39",0,0,156,189,52.4405797101449,49.8495575221239,2006,39,"2006-40"
"2006-40",0,2,158,149,50.4527687296417,47.599348534202,2006,40,"2006-41"
"2006-41",0,3,140,140,50.3571428571429,46.9820788530466,2006,41,"2006-42"
"2006-42",0,0,118,171,50.5501730103806,47.5363321799308,2006,42,"2006-43"
"2006-43",0,0,119,98,48.5207373271889,44,2006,43,"2006-44"
"2006-44",0,0,181,77,44.1782945736434,40.8988326848249,2006,44,"2006-45"
"2006-45",0,0,78,237,51.6634920634921,49.5555555555556,2006,45,"2006-46"
"2006-46",0,0,59,241,55.9233333333333,53.5,2006,46,"2006-47"
"2006-47",0,0,246,18,41.3712121212121,38.9204545454545,2006,47,"2006-48"
"2006-48",0,0,151,115,47.9473684210526,45.777358490566,2006,48,"2006-49"
"2006-49",0,0,173,19,34.1822916666667,29.4607329842932,2006,49,"2006-50"
"2006-50",0,0,160,70,44.0347826086957,41.2838427947598,2006,50,"2006-51"
"2006-51",0,0,145,50,42.7589743589744,38.5670103092784,2006,51,"2006-52"
"2006-52",0,0,253,6,35.7799227799228,33.0466926070039,2006,52,"2007-01"
"2007-01",0,0,159,132,48.1305841924399,44.8969072164948,2007,1,"2007-02"
"2007-02",0,0,205,47,41.2142857142857,38.1071428571429,2007,2,"2007-03"
"2007-03",0,0,267,0,33.063670411985,30.4794007490637,2007,3,"2007-04"
"2007-04",0,0,203,0,23.5960591133005,20.3251231527094,2007,4,"2007-05"
"2007-05",0,0,217,0,27.7603686635945,24.2222222222222,2007,5,"2007-06"
"2007-06",0,0,168,0,20.4285714285714,15.9404761904762,2007,6,"2007-07"
"2007-07",0,0,226,0,27.4601769911504,23.25,2007,7,"2007-08"
"2007-08",0,0,213,3,31.4398148148148,27.4305555555556,2007,8,"2007-09"
"2007-09",0,0,263,27,36.5689655172414,33.7413793103448,2007,9,"2007-10"
"2007-10",0,0,167,17,27.6521739130435,23.2065217391304,2007,10,"2007-11"
"2007-11",0,0,217,44,38.7624521072797,35.3524904214559,2007,11,"2007-12"
"2007-12",0,0,190,45,39.6723404255319,35.3914893617021,2007,12,"2007-13"
"2007-13",0,0,170,53,43.7354260089686,37.2780269058296,2007,13,"2007-14"
"2007-14",0,0,240,0,38.625,35.15,2007,14,"2007-15"
"2007-15",0,0,214,19,41.480686695279,37.2403433476395,2007,15,"2007-16"
"2007-16",0,3,231,82,45.297124600639,41.0511182108626,2007,16,"2007-17"
"2007-17",2,11,135,148,51.8621908127208,47.547703180212,2007,17,"2007-18"
"2007-18",0,0,73,120,54.0103626943005,44.3471502590674,2007,18,"2007-19"
"2007-19",8,17,43,200,58.6584362139918,52.5473251028807,2007,19,"2007-20"
"2007-20",2,6,124,192,52.5696202531646,48.503164556962,2007,20,"2007-21"
"2007-21",30,42,61,155,60.8590308370044,53.1145374449339,2007,21,"2007-22"
"2007-22",24,47,14,237,65.2470588235294,59.2,2007,22,"2007-23"
"2007-23",0,11,6,292,63.741610738255,59.5637583892617,2007,23,"2007-24"
"2007-24",11,28,20,252,62.4160583941606,57.029197080292,2007,24,"2007-25"
"2007-25",16,43,5,210,67.7906976744186,60.106976744186,2007,25,"2007-26"
"2007-26",54,81,0,167,74.4598930481283,65.9197860962567,2007,26,"2007-27"
"2007-27",32,63,16,224,69.064,62.252,2007,27,"2007-28"
"2007-28",71,134,0,256,74.0559701492537,67.7761194029851,2007,28,"2007-29"
"2007-29",35,115,0,322,72.3343558282209,66.739263803681,2007,29,"2007-30"
"2007-30",67,131,0,261,74.4982206405694,68.2989323843416,2007,30,"2007-31"
"2007-31",81,121,0,233,75.9625468164794,69.0973782771536,2007,31,"2007-32"
"2007-32",44,115,0,270,70.247311827957,64.3763440860215,2007,32,"2007-33"
"2007-33",30,84,20,249,67.760147601476,62.0666666666667,2007,33,"2007-34"
"2007-34",33,68,3,276,67.01393728223,61.6748251748252,2007,34,"2007-35"
"2007-35",45,71,36,289,63.7469879518072,57.9728915662651,2007,35,"2007-36"
"2007-36",31,58,27,201,66.3276595744681,59.9404255319149,2007,36,"2007-37"
"2007-37",0,24,109,218,58.3333333333333,54.319018404908,2007,37,"2007-38"
"2007-38",13,32,166,260,55.5539906103286,51.7253521126761,2007,38,"2007-39"
"2007-39",23,59,37,186,66.5575221238938,59.858407079646,2007,39,"2007-40"
"2007-40",19,40,87,220,61.7882736156352,57.4723127035831,2007,40,"2007-41"
"2007-41",0,0,30,265,58.8949152542373,54.9593220338983,2007,41,"2007-42"
"2007-42",0,7,98,195,57.4470989761092,52.9863481228669,2007,42,"2007-43"
"2007-43",1,8,72,215,56.4146341463415,51.9335664335664,2007,43,"2007-44"
"2007-44",0,0,121,105,47.7566371681416,42.4380530973451,2007,44,"2007-45"
"2007-45",0,0,170,38,40.6826923076923,36.3125,2007,45,"2007-46"
"2007-46",0,0,176,93,44.1710037174721,40.3059701492537,2007,46,"2007-47"
"2007-47",0,0,213,45,40.0038759689922,36.8837209302326,2007,47,"2007-48"
"2007-48",0,0,139,60,41.3366834170854,37.0353535353535,2007,48,"2007-49"
"2007-49",0,0,209,0,30.4162679425837,27.4306220095694,2007,49,"2007-50"
"2007-50",0,0,286,16,33.0728476821192,30.8907284768212,2007,50,"2007-51"
"2007-51",0,0,272,17,31.9826989619377,29.8373702422145,2007,51,"2007-52"
"2007-52",0,0,201,24,38.9555555555556,35.8705357142857,2007,52,"2008-01"
"2008-01",0,0,259,0,28.9073359073359,25.4015444015444,2008,1,"2008-02"
"2008-02",0,0,152,85,45.5949367088608,42.0464135021097,2008,2,"2008-03"
"2008-03",0,0,275,0,31,28.2690909090909,2008,3,"2008-04"
"2008-04",0,0,230,0,26.9434782608696,24,2008,4,"2008-05"
"2008-05",0,0,197,11,36.5721153846154,32.6682692307692,2008,5,"2008-06"
"2008-06",0,0,347,2,36.214899713467,34.6561604584527,2008,6,"2008-07"
"2008-07",0,0,197,48,33.9551020408163,30.7102040816327,2008,7,"2008-08"
"2008-08",0,0,207,43,33.3,30.184,2008,8,"2008-09"
"2008-09",0,0,257,0,31.8054474708171,29.0038910505837,2008,9,"2008-10"
"2008-10",0,0,218,73,43.2302405498282,40.1280276816609,2008,10,"2008-11"
"2008-11",0,0,197,8,36.2878048780488,32.4048780487805,2008,11,"2008-12"
"2008-12",0,0,186,17,38.3546798029557,32.8226600985222,2008,12,"2008-13"
"2008-13",0,0,188,15,37.7241379310345,32.7881773399015,2008,13,"2008-14"
"2008-14",0,0,207,64,44.2177121771218,41.1623616236162,2008,14,"2008-15"
"2008-15",0,0,161,109,46.1444444444444,42.4259259259259,2008,15,"2008-16"
"2008-16",0,7,100,81,48.4696132596685,39.7182320441989,2008,16,"2008-17"
"2008-17",2,8,118,104,52.0990990990991,45.5765765765766,2008,17,"2008-18"
"2008-18",0,0,172,138,48.3935483870968,45.2953736654804,2008,18,"2008-19"
"2008-19",0,3,145,123,50.7611940298507,46.0085106382979,2008,19,"2008-20"
"2008-20",0,0,124,105,51.825327510917,46.1875,2008,20,"2008-21"
"2008-21",0,2,70,120,54.3842105263158,47.1631578947368,2008,21,"2008-22"
"2008-22",2,16,28,165,60.9844559585492,54.0725388601036,2008,22,"2008-23"
"2008-23",28,45,10,277,61.8361204013378,57.5685618729097,2008,23,"2008-24"
"2008-24",55,76,4,201,70.4780701754386,62.75,2008,24,"2008-25"
"2008-25",8,33,2,281,64.6042402826855,59.9010600706714,2008,25,"2008-26"
"2008-26",25,84,0,292,70.7407407407407,66.3367003367003,2008,26,"2008-27"
"2008-27",45,68,0,289,70.9100346020761,66.4290657439446,2008,27,"2008-28"
"2008-28",73,103,0,207,74.8095238095238,67.4238095238095,2008,28,"2008-29"
"2008-29",82,117,0,260,71.8518518518518,65.7609427609428,2008,29,"2008-30"
"2008-30",36,95,0,337,71.6133720930233,67.4186046511628,2008,30,"2008-31"
"2008-31",54,83,0,299,70.7161716171617,65.8184818481848,2008,31,"2008-32"
"2008-32",7,37,0,328,65.2865853658537,61.7774390243902,2008,32,"2008-33"
"2008-33",11,48,0,319,65.6739811912226,61.6551724137931,2008,33,"2008-34"
"2008-34",18,49,20,261,62.4163701067616,57.5302491103203,2008,34,"2008-35"
"2008-35",14,45,20,239,65.050193050193,59.992277992278,2008,35,"2008-36"
"2008-36",26,110,0,310,69.4083601286174,64.9549839228296,2008,36,"2008-37"
"2008-37",0,12,60,272,61.8373493975904,58.8403614457831,2008,37,"2008-38"
"2008-38",7,16,112,216,54.6737804878049,51.1310975609756,2008,38,"2008-39"
"2008-39",0,0,141,274,57.0433734939759,54.7831325301205,2008,39,"2008-40"
"2008-40",0,0,72,240,56.8301282051282,53.6762820512821,2008,40,"2008-41"
"2008-41",0,0,155,118,48.989010989011,45,2008,41,"2008-42"
"2008-42",0,0,113,137,50.8,47.3,2008,42,"2008-43"
"2008-43",0,0,141,95,47.5084745762712,43.4745762711864,2008,43,"2008-44"
"2008-44",0,0,176,75,43.2629482071713,39.2709163346614,2008,44,"2008-45"
"2008-45",0,0,88,254,52.7690058479532,50.5877192982456,2008,45,"2008-46"
"2008-46",0,0,100,150,51.82,48.3,2008,46,"2008-47"
"2008-47",0,0,167,0,30.3053892215569,24.6287425149701,2008,47,"2008-48"
"2008-48",0,0,198,40,39.2647058823529,36.9411764705882,2008,48,"2008-49"
"2008-49",0,0,188,26,38.0560747663551,34.3785046728972,2008,49,"2008-50"
"2008-50",0,0,186,60,39.5934959349593,36.9387755102041,2008,50,"2008-51"
"2008-51",0,0,323,30,31.4305949008499,29.7337110481586,2008,51,"2008-52"
"2008-52",0,0,177,52,37.8078602620087,35.3493449781659,2008,52,"2009-01"
"2009-01",0,0,104,0,22.8942307692308,19.375,2009,1,"2009-02"
"2009-02",0,0,268,0,29.2835820895522,26.396694214876,2009,2,"2009-03"
"2009-03",0,0,267,0,21.3408239700375,19.5430711610487,2009,3,"2009-04"
"2009-04",0,0,244,0,24.7745901639344,22.4467213114754,2009,4,"2009-05"
"2009-05",0,0,216,0,25.5462962962963,22.9814814814815,2009,5,"2009-06"
"2009-06",0,0,227,6,26.4034334763948,23.5321888412017,2009,6,"2009-07"
"2009-07",0,0,173,15,36.5691489361702,32.1914893617021,2009,7,"2009-08"
"2009-08",0,0,234,0,32.0555555555556,29.4102564102564,2009,8,"2009-09"
"2009-09",0,0,200,22,33.1846846846847,29.7207207207207,2009,9,"2009-10"
"2009-10",0,0,204,29,31.0944206008584,27.4291845493562,2009,10,"2009-11"
"2009-11",0,0,223,13,37.4745762711864,34.0805084745763,2009,11,"2009-12"
"2009-12",0,0,194,11,36.2585365853659,32.4536585365854,2009,12,"2009-13"
"2009-13",0,0,194,24,40.0642201834862,36.1834862385321,2009,13,"2009-14"
"2009-14",0,0,171,132,46.8052805280528,44.4950495049505,2009,14,"2009-15"
"2009-15",0,0,233,48,42.5124555160142,39.3167259786477,2009,15,"2009-16"
"2009-16",0,0,111,73,45.6521739130435,38.1358695652174,2009,16,"2009-17"
"2009-17",9,14,72,176,54.8174603174603,50.3650793650794,2009,17,"2009-18"
"2009-18",6,13,37,182,56.6255707762557,50.7625570776256,2009,18,"2009-19"
"2009-19",0,0,50,236,55.1048951048951,52.2587412587413,2009,19,"2009-20"
"2009-20",0,1,87,189,53.8188405797101,49.963768115942,2009,20,"2009-21"
"2009-21",13,23,29,170,60.572864321608,53.1708542713568,2009,21,"2009-22"
"2009-22",1,16,40,220,57.3807692307692,53.3615384615385,2009,22,"2009-23"
"2009-23",4,7,6,245,58.9681274900398,54.7290836653386,2009,23,"2009-24"
"2009-24",0,5,0,296,60.472972972973,57.7736486486486,2009,24,"2009-25"
"2009-25",0,1,60,301,59.4487534626039,57.0083102493075,2009,25,"2009-26"
"2009-26",2,17,0,389,62.9048843187661,60.8431876606684,2009,26,"2009-27"
"2009-27",1,33,0,361,65.5706371191136,62.7839335180055,2009,27,"2009-28"
"2009-28",4,25,53,298,60.7207977207977,57.4843304843305,2009,28,"2009-29"
"2009-29",23,57,4,247,68.3531746031746,62.9523809523809,2009,29,"2009-30"
"2009-30",16,49,0,328,67.6920731707317,65.0884146341463,2009,30,"2009-31"
"2009-31",36,118,0,314,72.447619047619,69.2698412698413,2009,31,"2009-32"
"2009-32",28,62,4,261,67.988679245283,63.5849056603774,2009,32,"2009-33"
"2009-33",43,60,0,257,70.0698529411765,66.6727941176471,2009,33,"2009-34"
"2009-34",80,153,0,247,76.0902255639098,71.8308270676692,2009,34,"2009-35"
"2009-35",20,48,0,280,67.6227758007118,63.9893238434164,2009,35,"2009-36"
"2009-36",5,20,157,194,54.7321937321937,51.7521367521367,2009,36,"2009-37"
"2009-37",0,7,80,284,58.8379120879121,56.706043956044,2009,37,"2009-38"
"2009-38",0,10,88,199,53.6411149825784,50.1010452961672,2009,38,"2009-39"
"2009-39",2,17,105,198,55.9306930693069,53.3046357615894,2009,39,"2009-40"
"2009-40",0,0,31,208,58.4560669456067,55.3221757322176,2009,40,"2009-41"
"2009-41",0,0,50,182,55.3620689655172,51.4094827586207,2009,41,"2009-42"
"2009-42",0,0,226,30,42.29296875,39.7890625,2009,42,"2009-43"
"2009-43",0,0,144,128,49.1727941176471,45.9595588235294,2009,43,"2009-44"
"2009-44",0,0,137,126,46.5893536121673,44.5572519083969,2009,44,"2009-45"
"2009-45",0,0,170,33,41.6699507389163,38.0693069306931,2009,45,"2009-46"
"2009-46",0,0,47,188,53.7659574468085,50.6042553191489,2009,46,"2009-47"
"2009-47",0,0,254,77,41.4078549848943,39.1570996978852,2009,47,"2009-48"
"2009-48",0,0,253,33,46.527972027972,44.6118881118881,2009,48,"2009-49"
"2009-49",0,0,149,72,43.1447963800905,40.1221719457014,2009,49,"2009-50"
"2009-50",0,0,229,6,34.9191489361702,32.2765957446809,2009,50,"2009-51"
"2009-51",0,0,228,0,29.0789473684211,25.9254385964912,2009,51,"2009-52"
"2009-52",0,0,215,29,32.3032786885246,29.7901234567901,2009,52,"2009-53"
"2009-53",0,0,124,0,26.6693548387097,23.9274193548387,2009,53,"2010-01"
"2010-01",0,0,186,0,24.241935483871,20.9516129032258,2010,1,"2010-02"
"2010-02",0,0,176,0,28.25,25.0909090909091,2010,2,"2010-03"
"2010-03",0,0,233,0,32.6137339055794,30.4334763948498,2010,3,"2010-04"
"2010-04",0,0,179,48,33.6079295154185,30.4273127753304,2010,4,"2010-05"
"2010-05",0,0,204,0,25.8627450980392,21.9264705882353,2010,5,"2010-06"
"2010-06",0,0,205,0,29.9512195121951,26.0048780487805,2010,6,"2010-07"
"2010-07",0,0,216,1,33.8986175115207,30.2073732718894,2010,7,"2010-08"
"2010-08",0,0,309,0,37.4077669902913,35.5179153094463,2010,8,"2010-09"
"2010-09",0,0,312,15,35.5504587155963,32.3669724770642,2010,9,"2010-10"
"2010-10",0,0,195,25,42.6045454545455,38.65,2010,10,"2010-11"
"2010-11",0,0,149,63,45.9716981132075,40.2594339622642,2010,11,"2010-12"
"2010-12",0,0,255,32,42.5052264808362,39.780487804878,2010,12,"2010-13"
"2010-13",0,4,184,166,48.5057142857143,46.0857142857143,2010,13,"2010-14"
"2010-14",7,9,76,147,54.3660714285714,48.4151785714286,2010,14,"2010-15"
"2010-15",0,0,215,48,42.8060836501901,38.8136882129278,2010,15,"2010-16"
"2010-16",0,0,139,121,48.2269230769231,43.4230769230769,2010,16,"2010-17"
"2010-17",4,16,111,101,52.6037735849057,46.311320754717,2010,17,"2010-18"
"2010-18",1,16,18,206,60.2008928571429,53.4553571428571,2010,18,"2010-19"
"2010-19",0,0,97,124,49.3393665158371,43.5294117647059,2010,19,"2010-20"
"2010-20",0,8,49,215,56.3522727272727,51.8755364806867,2010,20,"2010-21"
"2010-21",22,46,3,202,66.6064814814815,61.1990049751244,2010,21,"2010-22"
"2010-22",8,47,0,320,66.753125,64.0375,2010,22,"2010-23"
"2010-23",0,1,26,221,58.9797570850202,55.9554655870445,2010,23,"2010-24"
"2010-24",14,39,1,265,65.1348314606742,61.5131086142322,2010,24,"2010-25"
"2010-25",53,87,0,241,70.6088709677419,66.1088709677419,2010,25,"2010-26"
"2010-26",39,70,4,165,70.6576086956522,62.5054347826087,2010,26,"2010-27"
"2010-27",80,130,0,290,74.290625,70.271875,2010,27,"2010-28"
"2010-28",59,149,0,277,74.3076923076923,71.1471571906355,2010,28,"2010-29"
"2010-29",46,92,0,253,73.1544401544402,69.988416988417,2010,29,"2010-30"
"2010-30",37,82,1,202,68.0676328502416,61.7777777777778,2010,30,"2010-31"
"2010-31",46,111,0,219,73.2328767123288,68.2831050228311,2010,31,"2010-32"
"2010-32",30,70,36,224,65.2121212121212,61.2395437262357,2010,32,"2010-33"
"2010-33",36,78,14,238,67.87109375,64.07421875,2010,33,"2010-34"
"2010-34",18,32,18,276,63.95,61.4066666666667,2010,34,"2010-35"
"2010-35",49,89,0,231,71.3590733590734,66.7528957528958,2010,35,"2010-36"
"2010-36",8,23,65,157,60.5585585585586,56.2432432432432,2010,36,"2010-37"
"2010-37",0,6,92,190,56.4397163120567,53.8368794326241,2010,37,"2010-38"
"2010-38",8,21,8,221,64.1528384279476,60.2489082969432,2010,38,"2010-39"
"2010-39",8,65,13,263,65.9528985507246,63.7065217391304,2010,39,"2010-40"
"2010-40",0,0,36,184,54.8909090909091,51.8545454545455,2010,40,"2010-41"
"2010-41",0,0,141,133,47.7992700729927,44.9963503649635,2010,41,"2010-42"
"2010-42",0,0,165,68,44.0643776824034,41.0603448275862,2010,42,"2010-43"
"2010-43",0,0,33,203,58.7330508474576,55.5805084745763,2010,43,"2010-44"
"2010-44",0,0,138,96,45.7008547008547,43.2478632478633,2010,44,"2010-45"
"2010-45",0,0,216,42,41.9767441860465,39.6770428015564,2010,45,"2010-46"
"2010-46",0,0,106,108,46.696261682243,43.303738317757,2010,46,"2010-47"
"2010-47",0,0,139,49,41.4308510638298,36.8191489361702,2010,47,"2010-48"
"2010-48",0,0,173,31,38.4950980392157,35.3676470588235,2010,48,"2010-49"
"2010-49",0,0,166,26,31.5052083333333,28.2395833333333,2010,49,"2010-50"
"2010-50",0,0,178,17,29.3692307692308,26.7230769230769,2010,50,"2010-51"
"2010-51",0,0,301,0,30.2956810631229,28.2491694352159,2010,51,"2010-52"
"2010-52",0,0,150,0,28.38,26.0133333333333,2010,52,"2011-01"
"2010-53",0,0,198,0,25.520202020202,24.0808080808081,2010,53,"2010-54"
"2011-01",0,0,221,0,28.0588235294118,25.4027149321267,2011,1,"2011-02"
"2011-02",0,0,249,0,26.3855421686747,24.2730923694779,2011,2,"2011-03"
"2011-03",0,0,252,0,26.3134920634921,24.6706349206349,2011,3,"2011-04"
"2011-04",0,0,316,0,20.8670886075949,19.6582278481013,2011,4,"2011-05"
"2011-05",0,0,283,3,26.4475524475524,24.6560283687943,2011,5,"2011-06"
"2011-06",0,0,207,0,27.1884057971014,24.2463768115942,2011,6,"2011-07"
"2011-07",0,0,152,16,35.1309523809524,29.8869047619048,2011,7,"2011-08"
"2011-08",0,0,264,8,30.6875,27.8609022556391,2011,8,"2011-09"
"2011-09",0,0,154,40,36.7886597938144,33.2268041237113,2011,9,"2011-10"
"2011-10",0,0,206,53,41.7220077220077,39.3552123552124,2011,10,"2011-11"
"2011-11",0,0,209,28,40,36.4894514767932,2011,11,"2011-12"
"2011-12",0,0,240,0,34.0666666666667,30.4,2011,12,"2011-13"
"2011-13",0,0,187,21,38.4134615384615,33.4326923076923,2011,13,"2011-14"
"2011-14",0,0,180,78,40.8992248062016,37.3294573643411,2011,14,"2011-15"
"2011-15",0,0,126,110,48.9364406779661,45.7754237288136,2011,15,"2011-16"
"2011-16",0,3,121,99,48.7681818181818,45.1272727272727,2011,16,"2011-17"
"2011-17",0,2,54,221,56.4763636363636,53.6181818181818,2011,17,"2011-18"
"2011-18",0,0,86,168,53.0787401574803,49.2322834645669,2011,18,"2011-19"
"2011-19",0,0,101,169,51.6555555555556,48.8185185185185,2011,19,"2011-20"
"2011-20",0,0,83,243,55.1748466257669,54.0858895705521,2011,20,"2011-21"
"2011-21",6,34,8,268,64.5935251798561,62.1258992805755,2011,21,"2011-22"
"2011-22",13,29,37,191,61.8070175438597,56.6008771929825,2011,22,"2011-23"
"2011-23",27,51,15,243,63.3584905660377,59.7320754716981,2011,23,"2011-24"
"2011-24",10,25,6,255,61.8390804597701,58.1532567049808,2011,24,"2011-25"
"2011-25",5,27,14,291,63.8688524590164,61.5803278688525,2011,25,"2011-26"
"2011-26",22,70,0,246,68.1463414634146,64.1788617886179,2011,26,"2011-27"
"2011-27",49,79,0,265,71.1768953068592,66.9675090252708,2011,27,"2011-28"
"2011-28",52,79,0,212,70.283185840708,64.7920353982301,2011,28,"2011-29"
"2011-29",64,113,0,211,74.7161572052402,69.9956331877729,2011,29,"2011-30"
"2011-30",30,81,0,255,68.9351145038168,65.030534351145,2011,30,"2011-31"
"2011-31",25,62,0,235,71.25,67.3237704918033,2011,31,"2011-32"
"2011-32",32,64,0,296,68.4256756756757,65.5439189189189,2011,32,"2011-33"
"2011-33",34,62,0,292,68.3458904109589,65.7123287671233,2011,33,"2011-34"
"2011-34",15,102,0,262,71.2,67.7018867924528,2011,34,"2011-35"
"2011-35",18,47,0,273,62.3040293040293,58.5257352941176,2011,35,"2011-36"
"2011-36",4,23,55,318,59.7560321715818,58.2332439678284,2011,36,"2011-37"
"2011-37",15,31,65,210,59.6690909090909,56.7163636363636,2011,37,"2011-38"
"2011-38",5,28,45,317,64.5220994475138,63.1077348066298,2011,38,"2011-39"
"2011-39",5,25,0,318,65.685534591195,63.7610062893082,2011,39,"2011-40"
"2011-40",6,12,60,194,54.4409448818898,51.1062992125984,2011,40,"2011-41"
"2011-41",6,7,54,269,58.9628482972136,56.3095975232198,2011,41,"2011-42"
"2011-42",0,0,104,160,50.7007575757576,47.5416666666667,2011,42,"2011-43"
"2011-43",0,0,222,37,41.2548262548263,39.027027027027,2011,43,"2011-44"
"2011-44",0,0,206,40,37.5487804878049,34.5541125541126,2011,44,"2011-45"
"2011-45",0,0,118,155,50.1721611721612,47.9512195121951,2011,45,"2011-46"
"2011-46",0,0,65,142,50.6086956521739,47.5072463768116,2011,46,"2011-47"
"2011-47",0,0,190,43,40.5579399141631,38.093023255814,2011,47,"2011-48"
"2011-48",0,0,138,81,44.7625570776256,41.7971698113208,2011,48,"2011-49"
"2011-49",0,0,171,95,45.3496240601504,43.1048387096774,2011,49,"2011-50"
"2011-50",0,0,182,28,34.9523809523809,32.1904761904762,2011,50,"2011-51"
"2011-51",0,0,158,39,37.746192893401,34.9578947368421,2011,51,"2011-52"
"2011-52",0,0,235,28,39.4600760456274,37.3802281368821,2011,52,"2012-01"
"2012-01",0,0,181,15,32.5102040816327,27.5052631578947,2012,1,"2012-02"
"2012-02",0,0,196,4,32,29.315,2012,2,"2012-03"
"2012-03",0,0,237,3,28.4208333333333,26.2050209205021,2012,3,"2012-04"
"2012-04",0,0,176,22,41.1616161616162,38.2121212121212,2012,4,"2012-05"
"2012-05",0,0,164,17,35.4364640883978,30.8729281767956,2012,5,"2012-06"
"2012-06",0,0,206,2,33.75,29.7932692307692,2012,6,"2012-07"
"2012-07",0,0,225,3,36.0087719298246,33.1140350877193,2012,7,"2012-08"
"2012-08",0,0,203,21,37.7455357142857,35.6666666666667,2012,8,"2012-09"
"2012-09",0,0,247,14,36.7662835249042,35.007874015748,2012,9,"2012-10"
"2012-10",0,0,130,40,39.3705882352941,34.3,2012,10,"2012-11"
"2012-11",0,0,189,69,44.3372093023256,41.7354085603113,2012,11,"2012-12"
"2012-12",2,14,97,152,54.0843373493976,50.0602409638554,2012,12,"2012-13"
"2012-13",0,0,258,13,39.1549815498155,35.5,2012,13,"2012-14"
"2012-14",0,0,128,52,43.6666666666667,36.4444444444444,2012,14,"2012-15"
"2012-15",0,0,115,100,46.4697674418605,40.4976744186047,2012,15,"2012-16"
"2012-16",14,19,39,172,59.1421800947867,52.7630331753555,2012,16,"2012-17"
"2012-17",0,0,67,136,51.9950738916256,45.7290640394089,2012,17,"2012-18"
"2012-18",0,0,88,188,51.1123188405797,48.4420289855072,2012,18,"2012-19"
"2012-19",3,12,27,197,58.28125,52.8616071428571,2012,19,"2012-20"
"2012-20",3,8,56,188,59.3811475409836,54.6885245901639,2012,20,"2012-21"
"2012-21",7,27,4,320,63.8487654320988,61.4814814814815,2012,21,"2012-22"
"2012-22",14,41,0,271,64.9522058823529,61.1397058823529,2012,22,"2012-23"
"2012-23",2,21,42,299,55.1642228739003,51.871186440678,2012,23,"2012-24"
"2012-24",0,0,102,237,58.0058997050147,54.9705014749263,2012,24,"2012-25"
"2012-25",52,70,42,183,67.255905511811,61.8937007874016,2012,25,"2012-26"
"2012-26",37,58,0,249,69.6,64.1576923076923,2012,26,"2012-27"
"2012-27",68,93,0,251,70.6743295019157,65.360153256705,2012,27,"2012-28"
"2012-28",64,93,0,202,70.6318181818182,63.1727272727273,2012,28,"2012-29"
"2012-29",54,84,0,218,70.0164609053498,64.5925925925926,2012,29,"2012-30"
"2012-30",37,87,0,264,71.6431226765799,67.2899628252788,2012,30,"2012-31"
"2012-31",63,139,0,302,72.0601265822785,68.2436708860759,2012,31,"2012-32"
"2012-32",75,190,0,370,72.6951871657754,69.0614973262032,2012,32,"2012-33"
"2012-33",39,61,0,292,68.9417808219178,65.3595890410959,2012,33,"2012-34"
"2012-34",39,62,0,284,65.5298245614035,61.3298245614035,2012,34,"2012-35"
"2012-35",23,94,16,241,65.9540229885057,60.6360153256705,2012,35,"2012-36"
"2012-36",14,113,1,370,68.2183288409703,65.5876010781671,2012,36,"2012-37"
"2012-37",1,18,107,226,55.2102102102102,51.966966966967,2012,37,"2012-38"
"2012-38",0,4,104,204,57.1298701298701,53.9090909090909,2012,38,"2012-39"
"2012-39",0,1,89,230,54.3949843260188,51.7805642633229,2012,39,"2012-40"
"2012-40",0,8,21,253,60.0547445255474,57.463503649635,2012,40,"2012-41"
"2012-41",0,0,85,150,51.3957446808511,48.0468085106383,2012,41,"2012-42"
"2012-42",0,0,121,195,53.8575949367089,50.8386075949367,2012,42,"2012-43"
"2012-43",0,0,155,146,48.3189368770764,45.2624584717608,2012,43,"2012-44"
"2012-44",0,0,68,195,53.1787072243346,50.0608365019011,2012,44,"2012-45"
"2012-45",0,0,177,28,39.3560975609756,35.7512195121951,2012,45,"2012-46"
"2012-46",0,0,188,56,42.3770491803279,39.4139344262295,2012,46,"2012-47"
"2012-47",0,0,303,26,37.4255319148936,35.0759878419453,2012,47,"2012-48"
"2012-48",0,0,239,17,35.62890625,32.95703125,2012,48,"2012-49"
"2012-49",0,0,230,64,42.2619047619048,39.969387755102,2012,49,"2012-50"
"2012-50",0,0,157,77,42.6666666666667,39.7905982905983,2012,50,"2012-51"
"2012-51",0,0,249,43,43.6746575342466,40.8664383561644,2012,51,"2012-52"
"2012-52",0,0,301,20,34.607476635514,32.3616352201258,2012,52,"2013-01"
"2013-01",0,0,209,0,28.4641148325359,24.5837320574163,2013,1,"2013-02"
"2013-02",0,0,214,20,39.0470085470085,36.508547008547,2013,2,"2013-03"
"2013-03",0,0,191,45,39.5550847457627,35.7203389830508,2013,3,"2013-04"
"2013-04",0,0,200,0,19.895,16.21,2013,4,"2013-05"
"2013-05",0,0,210,58,36.589552238806,33.4626865671642,2013,5,"2013-06"
"2013-06",0,0,230,0,25.3739130434783,22.6695652173913,2013,6,"2013-07"
"2013-07",0,0,298,0,33.6476510067114,31.0436241610738,2013,7,"2013-08"
"2013-08",0,0,243,0,35.0164609053498,31.4526748971193,2013,8,"2013-09"
"2013-09",0,0,256,0,39.4921875,36.27734375,2013,9,"2013-10"
"2013-10",0,0,295,0,35.4542372881356,32.5932203389831,2013,10,"2013-11"
"2013-11",0,0,159,47,40.7669902912621,36.0922330097087,2013,11,"2013-12"
"2013-12",0,0,261,3,34.4659090909091,30.6742424242424,2013,12,"2013-13"
"2013-13",0,0,178,42,41.0090909090909,35.4909090909091,2013,13,"2013-14"
"2013-14",0,0,166,31,42.507614213198,35.6345177664975,2013,14,"2013-15"
"2013-15",0,4,176,78,47.8976377952756,43.3464566929134,2013,15,"2013-16"
"2013-16",0,0,102,161,50.5627376425856,45.5817490494297,2013,16,"2013-17"
"2013-17",0,0,189,92,45.8861209964413,41.44128113879,2013,17,"2013-18"
"2013-18",0,1,189,88,45.1046931407942,40.4079422382671,2013,18,"2013-19"
"2013-19",1,10,42,286,59.9207317073171,56.3353658536585,2013,19,"2013-20"
"2013-20",2,7,99,134,52.6824034334764,46.7715517241379,2013,20,"2013-21"
"2013-21",10,15,27,341,59.9211956521739,57.375,2013,21,"2013-22"
"2013-22",36,53,34,176,66.0043859649123,59.8738738738739,2013,22,"2013-23"
"2013-23",2,13,40,313,60.5184135977337,57.2011331444759,2013,23,"2013-24"
"2013-24",0,15,6,285,61.020618556701,57.3883161512028,2013,24,"2013-25"
"2013-25",28,50,16,221,65.1308016877637,59.6962025316456,2013,25,"2013-26"
"2013-26",32,80,0,294,72.9839743589744,69.6698717948718,2013,26,"2013-27"
"2013-27",69,140,0,209,77.5481171548117,73.3347280334728,2013,27,"2013-28"
"2013-28",40,126,0,343,73.5887323943662,70.7909604519774,2013,28,"2013-29"
"2013-29",86,139,0,210,77.3474903474903,72.5328185328185,2013,29,"2013-30"
"2013-30",40,85,0,285,71.1087719298246,67.7754385964912,2013,30,"2013-31"
"2013-31",28,73,0,260,68.8461538461538,64.4961538461538,2013,31,"2013-32"
"2013-32",16,63,27,244,66.7232472324723,62.1455223880597,2013,32,"2013-33"
"2013-33",11,36,5,269,62.6240875912409,58.5510948905109,2013,33,"2013-34"
"2013-34",31,60,29,210,65.7119341563786,60.7818930041152,2013,34,"2013-35"
"2013-35",16,65,0,318,70.3459119496855,67.625786163522,2013,35,"2013-36"
"2013-36",12,62,68,240,64.012987012987,60.6590909090909,2013,36,"2013-37"
"2013-37",13,30,52,153,62.2464454976303,58.3317535545024,2013,37,"2013-38"
"2013-38",2,14,124,182,54.2614379084967,50.6633986928105,2013,38,"2013-39"
"2013-39",0,0,126,124,51.74,48.22,2013,39,"2013-40"
"2013-40",8,19,148,247,54.6886075949367,52.1772151898734,2013,40,"2013-41"
"2013-41",0,14,170,164,52.1916167664671,49.5359281437126,2013,41,"2013-42"
"2013-42",0,0,206,152,48.1368715083799,45.5083798882682,2013,42,"2013-43"
"2013-43",0,0,134,68,43.9257425742574,39.3316831683168,2013,43,"2013-44"
"2013-44",0,0,155,95,45.8,42.772,2013,44,"2013-45"
"2013-45",0,0,121,71,44.5625,40.859375,2013,45,"2013-46"
"2013-46",0,0,170,67,41.7932489451477,37.253164556962,2013,46,"2013-47"
"2013-47",0,0,138,66,43.2647058823529,38.6372549019608,2013,47,"2013-48"
"2013-48",0,0,176,71,42.0566801619433,38.6032388663968,2013,48,"2013-49"
"2013-49",0,0,185,84,41.9182156133829,39.7806691449814,2013,49,"2013-50"
"2013-50",0,0,320,0,31.165625,28.984375,2013,50,"2013-51"
"2013-51",0,0,159,58,37.7373271889401,34.2811059907834,2013,51,"2013-52"
"2013-52",0,0,229,2,35.3896103896104,32.5974025974026,2013,52,"2014-01"
"2014-01",0,0,317,0,24.8170347003155,22.2555205047319,2014,1,"2014-02"
"2014-02",0,0,184,71,36.2,33.3372549019608,2014,2,"2014-03"
"2014-03",0,0,309,15,38.3981481481481,36.6882716049383,2014,3,"2014-04"
"2014-04",0,0,231,0,19.6363636363636,16.6060606060606,2014,4,"2014-05"
"2014-05",0,0,192,6,28.2373737373737,24.3787878787879,2014,5,"2014-06"
"2014-06",0,0,274,0,27.3430656934307,25.1204379562044,2014,6,"2014-07"
"2014-07",0,0,256,0,28.3984375,26.0546875,2014,7,"2014-08"
"2014-08",0,0,213,29,36.0082644628099,33.0206611570248,2014,8,"2014-09"
"2014-09",0,0,184,0,25.2445652173913,20.9402173913043,2014,9,"2014-10"
"2014-10",0,0,169,8,27.3954802259887,22.7683615819209,2014,10,"2014-11"
"2014-11",0,0,189,45,36.4444444444444,32.1923076923077,2014,11,"2014-12"
"2014-12",0,0,170,18,36.5531914893617,31.0957446808511,2014,12,"2014-13"
"2014-13",0,0,231,28,38.3938223938224,34.7992277992278,2014,13,"2014-14"
"2014-14",0,0,176,45,41.1266968325792,36.4570135746606,2014,14,"2014-15"
"2014-15",0,0,50,155,52.5268292682927,45.8439024390244,2014,15,"2014-16"
"2014-16",0,0,122,104,49.4115044247788,44.2389380530973,2014,16,"2014-17"
"2014-17",0,0,123,137,48.4423076923077,43.7038461538462,2014,17,"2014-18"
"2014-18",0,0,98,142,52.6416666666667,47.7416666666667,2014,18,"2014-19"
"2014-19",7,14,33,173,59.1601941747573,51.8883495145631,2014,19,"2014-20"
"2014-20",7,17,36,195,62.1212121212121,56.3722943722944,2014,20,"2014-21"
"2014-21",0,0,59,201,55.2115384615385,51.3846153846154,2014,21,"2014-22"
"2014-22",0,14,120,166,51.4895104895105,47.8251748251748,2014,22,"2014-23"
"2014-23",23,41,17,262,61.4377224199288,56.8790035587189,2014,23,"2014-24"
"2014-24",5,28,0,279,66.921146953405,62.8602150537634,2014,24,"2014-25"
"2014-25",22,68,34,172,66.152380952381,58.5571428571429,2014,25,"2014-26"
"2014-26",39,96,17,238,65.8923076923077,59.3923076923077,2014,26,"2014-27"
"2014-27",53,115,0,241,73.531746031746,67.7539682539683,2014,27,"2014-28"
"2014-28",48,81,0,217,71.5113122171946,65.8009049773756,2014,28,"2014-29"
"2014-29",13,93,0,349,69.404011461318,66.5816618911175,2014,29,"2014-30"
"2014-30",25,63,0,232,69.6765957446809,65.131914893617,2014,30,"2014-31"
"2014-31",27,60,0,279,66.0358422939068,62.3189964157706,2014,31,"2014-32"
"2014-32",38,67,0,320,64.98125,61.071875,2014,32,"2014-33"
"2014-33",11,41,0,252,64.8690476190476,60.515873015873,2014,33,"2014-34"
"2014-34",8,36,42,242,60.2605633802817,56.3169014084507,2014,34,"2014-35"
"2014-35",35,62,28,198,65.4396551724138,60.1853448275862,2014,35,"2014-36"
"2014-36",58,126,0,262,70.7436823104693,66.0108303249097,2014,36,"2014-37"
"2014-37",0,7,79,234,58.1916932907348,55.0670926517572,2014,37,"2014-38"
"2014-38",0,22,167,164,52.8519637462236,49.8308157099698,2014,38,"2014-39"
"2014-39",12,17,133,165,54.5469798657718,51.2718120805369,2014,39,"2014-40"
"2014-40",0,1,29,266,57.0271186440678,55.1559322033898,2014,40,"2014-41"
"2014-41",0,0,135,128,49.2813688212928,46.0570342205323,2014,41,"2014-42"
"2014-42",0,12,31,255,61.4475524475524,58.2482517482517,2014,42,"2014-43"
"2014-43",0,0,41,246,53.3379790940767,50.4843205574913,2014,43,"2014-44"
"2014-44",0,0,156,89,46.8857142857143,43.7795918367347,2014,44,"2014-45"
"2014-45",0,0,140,83,46.0313901345291,42.0134529147982,2014,45,"2014-46"
"2014-46",0,0,195,61,40.32421875,37.74609375,2014,46,"2014-47"
"2014-47",0,0,181,43,39.8928571428571,35.7410714285714,2014,47,"2014-48"
"2014-48",0,0,209,89,42.1744966442953,39.7013422818792,2014,48,"2014-49"
"2014-49",0,0,208,37,41.5142857142857,38.6326530612245,2014,49,"2014-50"
"2014-50",0,0,267,32,39.2341137123746,37.5016722408027,2014,50,"2014-51"
"2014-51",0,0,258,0,36.3837209302326,34.3540856031128,2014,51,"2014-52"
"2014-52",0,0,192,69,46.3218390804598,44.0919540229885,2014,52,"2015-01"
"2015-01",0,0,142,21,35.8159509202454,33.3435582822086,2015,1,"2015-02"
"2015-02",0,0,191,2,20.3160621761658,16.9585492227979,2015,2,"2015-03"
"2015-03",0,0,230,12,29.5330578512397,27.0909090909091,2015,3,"2015-04"
"2015-04",0,0,241,0,32.6680497925311,29.7095435684647,2015,4,"2015-05"
"2015-05",0,0,279,0,21.1756272401434,18.989247311828,2015,5,"2015-06"
"2015-06",0,0,298,0,23.1241610738255,21.1778523489933,2015,6,"2015-07"
"2015-07",0,0,300,0,22.4,20.6733333333333,2015,7,"2015-08"
"2015-08",0,0,281,0,22.5444839857651,20.6370106761566,2015,8,"2015-09"
"2015-09",0,0,236,0,18.8177966101695,16.3574468085106,2015,9,"2015-10"
"2015-10",0,0,245,0,28.6204081632653,26.0244897959184,2015,10,"2015-11"
"2015-11",0,0,230,14,37.7213114754098,34.0491803278689,2015,11,"2015-12"
"2015-12",0,0,215,3,31.6743119266055,27.3073394495413,2015,12,"2015-13"
"2015-13",0,0,284,36,37.253125,34.971875,2015,13,"2015-14"
"2015-14",0,0,159,64,43.5739910313901,39.0896860986547,2015,14,"2015-15"
"2015-15",0,0,199,63,42.5152671755725,39.7137404580153,2015,15,"2015-16"
"2015-16",0,0,101,128,50.471615720524,44.6288209606987,2015,16,"2015-17"
"2015-17",0,0,112,123,49.1446808510638,44.4510638297872,2015,17,"2015-18"
"2015-18",0,0,99,94,50.2279792746114,44.3937823834197,2015,18,"2015-19"
"2015-19",10,29,32,174,62.2330097087379,55.0825242718447,2015,19,"2015-20"
"2015-20",14,25,44,196,59.0083333333333,53.3166666666667,2015,20,"2015-21"
"2015-21",0,9,16,209,58.8,52.32,2015,21,"2015-22"
"2015-22",7,43,1,242,64.5308641975309,60.1316872427984,2015,22,"2015-23"
"2015-23",0,0,111,163,52.2956204379562,49.1167883211679,2015,23,"2015-24"
"2015-24",28,50,0,208,69.2238095238095,62.852380952381,2015,24,"2015-25"
"2015-25",10,30,14,273,65,61.0833333333333,2015,25,"2015-26"
"2015-26",25,45,6,228,66.0379746835443,61.1814345991561,2015,26,"2015-27"
"2015-27",25,50,0,258,64.9031007751938,60.1627906976744,2015,27,"2015-28"
"2015-28",72,116,0,285,70.8817567567568,65.9493243243243,2015,28,"2015-29"
"2015-29",37,90,0,244,71.7782258064516,66.6612903225806,2015,29,"2015-30"
"2015-30",39,76,0,237,68.4979919678715,63.3012048192771,2015,30,"2015-31"
"2015-31",66,105,0,253,72.3639705882353,67.3823529411765,2015,31,"2015-32"
"2015-32",35,77,0,278,66.3345195729537,61.4768683274021,2015,32,"2015-33"
"2015-33",43,67,0,277,67.4703832752613,63.2334494773519,2015,33,"2015-34"
"2015-34",58,136,0,311,74.0460122699387,70.2055214723926,2015,34,"2015-35"
"2015-35",49,92,0,297,68.4802631578947,64.0921052631579,2015,35,"2015-36"
"2015-36",41,59,38,272,64.2253968253968,60.3269841269841,2015,36,"2015-37"
"2015-37",30,76,0,302,69.2929936305732,65.8471337579618,2015,37,"2015-38"
"2015-38",32,49,1,273,64.3394160583942,60.0109489051095,2015,38,"2015-39"
"2015-39",0,2,206,126,50.2018072289157,47.1777108433735,2015,39,"2015-40"
"2015-40",7,48,25,316,61.2521994134897,58.5777126099707,2015,40,"2015-41"
"2015-41",0,0,111,144,52.8745098039216,49.2117647058824,2015,41,"2015-42"
"2015-42",0,1,111,127,50.6134453781513,46.6890756302521,2015,42,"2015-43"
"2015-43",0,0,58,131,52.9100529100529,47.5026455026455,2015,43,"2015-44"
"2015-44",0,0,108,128,49.4618644067797,45.2796610169492,2015,44,"2015-45"
"2015-45",0,0,110,153,52.2357414448669,48.6045627376426,2015,45,"2015-46"
"2015-46",0,0,99,125,48.7767857142857,45.1205357142857,2015,46,"2015-47"
"2015-47",0,0,137,93,44.9260869565217,41.495652173913,2015,47,"2015-48"
"2015-48",0,0,167,43,41.0142857142857,37.8380952380952,2015,48,"2015-49"
"2015-49",0,0,185,41,42.4557522123894,39.6106194690265,2015,49,"2015-50"
"2015-50",0,0,142,82,47.3928571428571,44.0089285714286,2015,50,"2015-51"
"2015-51",0,0,142,127,48.0743494423792,44.9776951672862,2015,51,"2015-52"
"2015-52",0,0,65,218,54.4664310954064,51.886925795053,2015,52,"2015-53"
"2015-53",0,0,195,3,35.7525252525253,33.9191919191919,2015,53,"2016-01"
"2016-01",0,0,203,50,36.0513833992095,33.2806324110672,2016,1,"2016-02"
"2016-02",0,0,231,3,32.9316239316239,29.7820512820513,2016,2,"2016-03"
"2016-03",0,0,225,0,26.8622222222222,23.3066666666667,2016,3,"2016-04"
"2016-04",0,0,166,13,36.2625698324022,32.1508379888268,2016,4,"2016-05"
"2016-05",0,0,159,77,39.6525423728814,36.7372881355932,2016,5,"2016-06"
"2016-06",0,0,238,0,21.7142857142857,19.1386554621849,2016,6,"2016-07"
"2016-07",0,0,169,60,38.9825327510917,35,2016,7,"2016-08"
"2016-08",0,0,187,61,44.1572580645161,40.1895161290323,2016,8,"2016-09"
"2016-09",0,0,183,36,37.0913242009132,32.4246575342466,2016,9,"2016-10"
"2016-10",0,0,117,95,47.1745283018868,41.9103773584906,2016,10,"2016-11"
"2016-11",0,0,204,35,43.9832635983264,40.2217573221757,2016,11,"2016-12"
"2016-12",0,0,219,40,41.6177606177606,37.6138996138996,2016,12,"2016-13"
"2016-13",0,0,165,87,47.4007936507937,43.4920634920635,2016,13,"2016-14"
"2016-14",0,0,170,52,39.2882882882883,34.8153153153153,2016,14,"2016-15"
"2016-15",0,0,116,92,44.7451923076923,39.1201923076923,2016,15,"2016-16"
"2016-16",2,6,68,131,54.1407035175879,46.748743718593,2016,16,"2016-17"
"2016-17",0,0,149,62,45.4218009478673,40.0758293838863,2016,17,"2016-18"
"2016-18",0,0,155,150,50.1540983606557,47.4688524590164,2016,18,"2016-19"
"2016-19",1,15,69,160,57.6637554585153,49.9344978165939,2016,19,"2016-20"
"2016-20",0,2,54,158,56.9622641509434,49.5990566037736,2016,20,"2016-21"
"2016-21",37,51,19,194,65.0526315789474,58.4210526315789,2016,21,"2016-22"
"2016-22",11,38,0,332,65.6234939759036,61.578313253012,2016,22,"2016-23"
"2016-23",24,36,14,193,65.8212560386473,58.1642512077295,2016,23,"2016-24"
"2016-24",15,45,24,155,63.8379888268156,55.1284916201117,2016,24,"2016-25"
"2016-25",29,74,39,220,62.9034749034749,56.3938223938224,2016,25,"2016-26"
"2016-26",29,85,2,259,69.544061302682,64.0344827586207,2016,26,"2016-27"
"2016-27",41,68,0,286,68.8039867109635,64.4352159468439,2016,27,"2016-28"
"2016-28",54,125,0,302,71.5111111111111,67.1460317460318,2016,28,"2016-29"
"2016-29",71,103,0,190,73.3133640552995,65.8433179723502,2016,29,"2016-30"
"2016-30",55,111,0,234,73.0228136882129,67.7908745247148,2016,30,"2016-31"
"2016-31",48,74,0,293,65.4664429530201,61.0771812080537,2016,31,"2016-32"
"2016-32",84,159,0,258,73.8546712802768,69.0657439446367,2016,32,"2016-33"
"2016-33",79,119,0,196,74.0869565217391,67.2657004830918,2016,33,"2016-34"
"2016-34",49,93,4,212,71.2775330396476,65.1938325991189,2016,34,"2016-35"
"2016-35",23,47,0,263,65.7472118959108,61.6505576208178,2016,35,"2016-36"
"2016-36",28,60,0,278,71.2781690140845,67.6971830985916,2016,36,"2016-37"
"2016-37",18,44,92,156,59.48,54.736,2016,37,"2016-38"
"2016-38",20,37,29,292,61.981308411215,58.5451713395639,2016,38,"2016-39"
"2016-39",0,0,25,331,57.0870786516854,54.9269662921348,2016,39,"2016-40"
"2016-40",0,4,178,225,51.9875930521092,49.7493796526055,2016,40,"2016-41"
"2016-41",0,0,147,91,46.327731092437,42.718487394958,2016,41,"2016-42"
"2016-42",3,16,61,242,61.036303630363,57.7986798679868,2016,42,"2016-43"
"2016-43",0,0,131,75,47.2815533980583,43.0679611650485,2016,43,"2016-44"
"2016-44",0,0,118,90,46.7115384615385,43.0961538461538,2016,44,"2016-45"
"2016-45",0,0,137,50,43.7112299465241,37.668449197861,2016,45,"2016-46"
"2016-46",0,0,142,128,48.4518518518518,45.4222222222222,2016,46,"2016-47"
"2016-47",0,0,204,2,39.2718446601942,36.1747572815534,2016,47,"2016-48"
"2016-48",0,0,130,100,45.4869565217391,42.3173913043478,2016,48,"2016-49"
"2016-49",0,0,258,0,32.2364341085271,30.0736434108527,2016,49,"2016-50"
"2016-50",0,0,245,21,32.7481203007519,30.4436090225564,2016,50,"2016-51"
"2016-51",0,0,159,0,34.0440251572327,30.1761006289308,2016,51,"2016-52"
"2016-52",0,0,155,33,38.3031914893617,35.1276595744681,2016,52,"2017-01"
"2016-53",0,0,72,0,35.9444444444444,30.8472222222222,2016,53,"2016-54"
"2017-01",0,0,267,1,31.1492537313433,28.9589552238806,2017,1,"2017-02"
"2017-02",0,0,148,47,33.9692307692308,30.7435897435897,2017,2,"2017-03"
"2017-03",0,0,253,7,37.8346153846154,35.7461538461538,2017,3,"2017-04"
"2017-04",0,0,209,0,39.0861244019139,35.5741626794258,2017,4,"2017-05"
"2017-05",0,0,229,0,27.9694323144105,24.4934497816594,2017,5,"2017-06"
"2017-06",0,0,269,6,29.4509090909091,27.4109090909091,2017,6,"2017-07"
"2017-07",0,0,206,13,34.1917808219178,30.5844748858447,2017,7,"2017-08"
"2017-08",0,0,111,96,46.5265700483092,42.7149758454106,2017,8,"2017-09"
"2017-09",0,0,143,71,39.1635514018692,34.8130841121495,2017,9,"2017-10"
"2017-10",0,0,189,32,33.4389140271493,29.0180995475113,2017,10,"2017-11"
"2017-11",0,0,231,0,31.4761904761905,27.4439461883408,2017,11,"2017-12"
"2017-12",0,0,185,13,34.8636363636364,29.8737373737374,2017,12,"2017-13"
"2017-13",0,0,295,11,39.3986928104575,37.3344370860927,2017,13,"2017-14"
"2017-14",0,0,197,41,44.2563025210084,40.4957627118644,2017,14,"2017-15"
"2017-15",7,13,90,132,51.7882882882883,45.5675675675676,2017,15,"2017-16"
"2017-16",0,0,218,64,46.8936170212766,43.7056737588652,2017,16,"2017-17"
"2017-17",6,15,51,260,56.7684887459807,53.5209003215434,2017,17,"2017-18"
"2017-18",0,0,44,240,55.7887323943662,52.0422535211268,2017,18,"2017-19"
"2017-19",0,0,166,83,47.3975903614458,43.9156626506024,2017,19,"2017-20"
"2017-20",34,45,51,134,62.1859296482412,54.1909547738693,2017,20,"2017-21"
"2017-21",0,0,6,286,55.777397260274,53.0856164383562,2017,21,"2017-22"
"2017-22",0,3,64,248,55.7884615384615,52.8397435897436,2017,22,"2017-23"
"2017-23",19,27,40,200,58.475,53.6416666666667,2017,23,"2017-24"
"2017-24",28,53,19,218,68.11328125,62.828125,2017,24,"2017-25"
"2017-25",39,72,0,206,72.4009661835749,66.3671497584541,2017,25,"2017-26"
"2017-26",20,56,1,192,70.1909547738694,63.8793969849246,2017,26,"2017-27"
"2017-27",47,67,4,267,66.3731884057971,61.3840579710145,2017,27,"2017-28"
"2017-28",35,62,0,300,69.3687707641196,65.9800664451827,2017,28,"2017-29"
"2017-29",56,95,0,270,71.6493055555556,67.1423611111111,2017,29,"2017-30"
"2017-30",9,25,29,238,61.7602996254682,58.3857677902622,2017,30,"2017-31"
"2017-31",34,77,19,232,69.443137254902,64.4980392156863,2017,31,"2017-32"
"2017-32",30,51,0,278,65.9532374100719,61.6870503597122,2017,32,"2017-33"
"2017-33",40,83,2,286,68.8281786941581,64.5876288659794,2017,33,"2017-34"
"2017-34",29,74,82,248,60.202416918429,56.1873111782477,2017,34,"2017-35"
"2017-35",2,10,113,170,55.4805653710247,51.8268551236749,2017,35,"2017-36"
"2017-36",2,13,32,182,62.5327102803738,58.5327102803738,2017,36,"2017-37"
"2017-37",27,53,65,235,62.3633333333333,58.7466666666667,2017,37,"2017-38"
"2017-38",7,11,0,334,64.6865671641791,62.4179104477612,2017,38,"2017-39"
"2017-39",26,48,69,264,61.7567567567568,58.5045045045045,2017,39,"2017-40"
"2017-40",2,19,89,201,58.5724137931035,55.2586206896552,2017,40,"2017-41"
"2017-41",0,7,69,262,57.583081570997,55.1812688821752,2017,41,"2017-42"
"2017-42",0,4,102,113,52.4790697674419,47.6976744186046,2017,42,"2017-43"
"2017-43",0,3,40,249,60.3460207612457,57.4913494809689,2017,43,"2017-44"
"2017-44",0,0,78,157,52.931914893617,49.1191489361702,2017,44,"2017-45"
"2017-45",0,0,175,55,41.0086956521739,37.9695652173913,2017,45,"2017-46"
"2017-46",0,0,179,48,42.3832599118943,40.0660792951542,2017,46,"2017-47"
"2017-47",0,0,132,73,43.5609756097561,39.7365853658537,2017,47,"2017-48"
"2017-48",0,0,169,25,39.6030927835052,36.0360824742268,2017,48,"2017-49"
"2017-49",0,0,207,40,38.2550607287449,35.9919028340081,2017,49,"2017-50"
"2017-50",0,0,216,0,26.6296296296296,24.1805555555556,2017,50,"2017-51"
"2017-51",0,0,245,9,34.3622047244095,32.0511811023622,2017,51,"2017-52"
"2017-52",0,0,246,0,21.0487804878049,18.3918367346939,2017,52,"2018-01"
"2018-01",0,0,224,0,17.3526785714286,13.5273631840796,2018,1,"2018-02"
"2018-02",0,0,159,84,40.1728395061728,34.6745283018868,2018,2,"2018-03"
"2018-03",0,0,213,4,30.7142857142857,28.1244239631336,2018,3,"2018-04"
"2018-04",0,0,200,53,39.501976284585,37.4545454545455,2018,4,"2018-05"
"2018-05",0,0,249,0,30.6947791164659,28.3453815261044,2018,5,"2018-06"
"2018-06",0,0,243,49,37.9657534246575,36.3287671232877,2018,6,"2018-07"
"2018-07",0,0,252,27,39.8817204301075,37.5985663082437,2018,7,"2018-08"
"2018-08",0,0,163,99,44.6984732824427,42.6641221374046,2018,8,"2018-09"
"2018-09",0,0,222,23,41.4285714285714,37.8408163265306,2018,9,"2018-10"
"2018-10",0,0,268,0,35.4440298507463,32.5373134328358,2018,10,"2018-11"
"2018-11",0,0,191,0,32.5130890052356,28.4450261780105,2018,11,"2018-12"
"2018-12",0,0,274,0,34.3540145985401,31.2116788321168,2018,12,"2018-13"
"2018-13",0,0,148,69,43.4423963133641,39.0460829493088,2018,13,"2018-14"
"2018-14",0,0,237,31,39.7014925373134,36.4365671641791,2018,14,"2018-15"
"2018-15",0,0,224,42,39.9436090225564,36.4624060150376,2018,15,"2018-16"
"2018-16",0,0,189,84,44.5274725274725,40.5897435897436,2018,16,"2018-17"
"2018-17",0,0,71,231,51.9867549668874,48.5596026490066,2018,17,"2018-18"
"2018-18",18,29,52,148,60.0625,52.2980769230769,2018,18,"2018-19"
"2018-19",0,4,90,225,53.8539682539683,50.5174603174603,2018,19,"2018-20"
"2018-20",2,7,25,322,57.8587896253602,55.3746397694525,2018,20,"2018-21"
"2018-21",21,33,35,210,60.2007874015748,55.1968503937008,2018,21,"2018-22"
"2018-22",19,54,12,277,63.1477663230241,59.4639175257732,2018,22,"2018-23"
"2018-23",8,17,10,274,58.2816901408451,54.3802816901408,2018,23,"2018-24"
"2018-24",22,30,7,190,65.4975124378109,58.5422885572139,2018,24,"2018-25"
"2018-25",27,53,5,242,65.5141700404858,60.834008097166,2018,25,"2018-26"
"2018-26",37,53,32,228,68.7836879432624,64.3758865248227,2018,26,"2018-27"
"2018-27",70,120,0,192,75.3155555555556,69.2444444444444,2018,27,"2018-28"
"2018-28",50,83,0,230,68.8326359832636,62.5481171548117,2018,28,"2018-29"
"2018-29",53,108,16,299,68.2253086419753,63.9938271604938,2018,29,"2018-30"
"2018-30",93,211,0,281,76.6701030927835,72.0927835051546,2018,30,"2018-31"
"2018-31",75,171,0,299,73.9846153846154,69.9138461538462,2018,31,"2018-32"
"2018-32",73,152,0,271,75.5228758169935,71.5653594771242,2018,32,"2018-33"
"2018-33",57,107,0,309,73.6288343558282,70.1349693251534,2018,33,"2018-34"
"2018-34",24,61,26,274,65.3433333333333,61.57,2018,34,"2018-35"
"2018-35",59,92,0,182,73.0717703349282,67.4114832535885,2018,35,"2018-36"
"2018-36",43,73,0,202,72.4524886877828,68.158371040724,2018,36,"2018-37"
"2018-37",20,56,0,406,67.8817733990148,65.6477832512315,2018,37,"2018-38"
"2018-38",3,19,32,265,63.7407407407407,61.1851851851852,2018,38,"2018-39"
"2018-39",1,18,89,259,58.1293103448276,55.9454022988506,2018,39,"2018-40"
"2018-40",0,6,39,314,60.1416430594901,57.8951841359773,2018,40,"2018-41"
"2018-41",6,20,64,237,60.0166112956811,57.7906976744186,2018,41,"2018-42"
"2018-42",0,0,117,87,48.7352941176471,44.0196078431373,2018,42,"2018-43"
"2018-43",0,0,200,101,46.375415282392,43.8737541528239,2018,43,"2018-44"
"2018-44",0,0,76,173,53.8473895582329,50.4899598393574,2018,44,"2018-45"
"2018-45",0,0,114,170,48.7147887323944,45.6866197183099,2018,45,"2018-46"
"2018-46",0,0,209,35,40.6475409836066,37.5901639344262,2018,46,"2018-47"
"2018-47",0,0,250,4,37.4212598425197,34.5708661417323,2018,47,"2018-48"
"2018-48",0,0,248,29,42.8231046931408,40.6064981949458,2018,48,"2018-49"
"2018-49",0,0,147,25,33.5639534883721,29.1976744186047,2018,49,"2018-50"
"2018-50",0,0,223,10,36.755364806867,34.1072961373391,2018,50,"2018-51"
"2018-51",0,0,154,62,41.5185185185185,38.3472222222222,2018,51,"2018-52"
"2018-52",0,0,167,60,38.6563876651982,35.5550660792952,2018,52,"2019-01"
"2019-01",0,0,325,17,39.8801169590643,37.4736842105263,2019,1,"2019-02"
"2019-02",0,0,225,0,32.1333333333333,28.64,2019,2,"2019-03"
"2019-03",0,0,253,0,29.3675889328063,27.0079051383399,2019,3,"2019-04"
"2019-04",0,0,148,35,31.551912568306,28.1912568306011,2019,4,"2019-05"
"2019-05",0,0,214,0,26.2383177570093,22.8364485981308,2019,5,"2019-06"
"2019-06",0,0,237,16,37.4584980237154,34.5138339920949,2019,6,"2019-07"
"2019-07",0,0,224,23,35.3805668016194,31.9392712550607,2019,7,"2019-08"
"2019-08",0,0,304,0,32.9210526315789,30.5065789473684,2019,8,"2019-09"
"2019-09",0,0,265,0,28.7811320754717,25.6301886792453,2019,9,"2019-10"
"2019-10",0,0,248,0,30.1612903225806,27.1209677419355,2019,10,"2019-11"
"2019-11",0,0,132,65,43.1472081218274,37.9543147208122,2019,11,"2019-12"
"2019-12",0,0,201,8,38,33.1722488038277,2019,12,"2019-13"
"2019-13",0,0,138,52,44.1,38.5885714285714,2019,13,"2019-14"
"2019-14",0,0,174,50,42.21875,36.625,2019,14,"2019-15"
"2019-15",0,0,128,153,50.4163701067616,47.2491103202847,2019,15,"2019-16"
"2019-16",0,0,45,210,58.2941176470588,54.0627450980392,2019,16,"2019-17"
"2019-17",0,0,71,218,52.1522491349481,48.8373702422145,2019,17,"2019-18"
"2019-18",0,0,117,174,49.2920962199313,46.360824742268,2019,18,"2019-19"
"2019-19",0,0,103,129,51.4051724137931,46.7413793103448,2019,19,"2019-20"
"2019-20",0,0,175,123,50.7315436241611,47.1778523489933,2019,20,"2019-21"
"2019-21",14,26,27,189,62.45,55.3636363636364,2019,21,"2019-22"
"2019-22",0,18,0,260,59.9230769230769,55.7153846153846,2019,22,"2019-23"
"2019-23",2,37,28,195,63.6905829596413,56.3811659192825,2019,23,"2019-24"
"2019-24",0,26,7,273,64.4928571428571,59.6535714285714,2019,24,"2019-25"
"2019-25",12,31,0,305,67.7081967213115,63.5901639344262,2019,25,"2019-26"
"2019-26",42,78,0,265,71.3115942028985,66.3224637681159,2019,26,"2019-27"
"2019-27",69,110,0,234,72.0801526717557,66.1412213740458,2019,27,"2019-28"
"2019-28",70,100,0,295,70.8895899053628,65.7192429022082,2019,28,"2019-29"
"2019-29",78,137,0,197,75.6233766233766,69.545045045045,2019,29,"2019-30"
"2019-30",45,76,0,223,70.7685589519651,65.2863636363636,2019,30,"2019-31"
"2019-31",76,108,0,184,74.351598173516,67.4953271028037,2019,31,"2019-32"
"2019-32",46,120,0,294,70.328813559322,65.1728813559322,2019,32,"2019-33"
"2019-33",39,90,0,300,70.9542483660131,66.6797385620915,2019,33,"2019-34"
"2019-34",60,117,0,250,71.1547169811321,66.2641509433962,2019,34,"2019-35"
"2019-35",19,47,47,277,62.4845679012346,58.5,2019,35,"2019-36"
"2019-36",3,21,0,212,63.9905660377358,59.4811320754717,2019,36,"2019-37"
"2019-37",10,20,81,244,59.7938461538462,56.4615384615385,2019,37,"2019-38"
"2019-38",15,24,164,177,52.0791788856305,48.5131964809384,2019,38,"2019-39"
"2019-39",8,30,67,233,61.08,57.21,2019,39,"2019-40"
"2019-40",1,6,58,174,54.3060344827586,50.2155172413793,2019,40,"2019-41"
"2019-41",0,6,46,246,55.8116438356164,52.6952054794521,2019,41,"2019-42"
"2019-42",0,0,112,149,49.2375478927203,45.48828125,2019,42,"2019-43"
"2019-43",0,0,107,223,51.6818181818182,48.8538961038961,2019,43,"2019-44"
"2019-44",0,0,59,234,54.1672354948805,48.1386554621849,2019,44,"2019-45"
"2019-45",0,0,153,67,42.2454545454545,38.5636363636364,2019,45,"2019-46"
"2019-46",0,0,173,34,37.4927536231884,33.3140096618357,2019,46,"2019-47"
"2019-47",0,0,229,31,40.3653846153846,40.2122448979592,2019,47,"2019-48"
"2019-48",0,0,216,48,38.8522727272727,35.4144486692015,2019,48,"2019-49"
"2019-49",0,0,263,0,32.6121673003802,30.2952755905512,2019,49,"2019-50"
"2019-50",0,0,179,164,45.463556851312,43.0699088145897,2019,50,"2019-51"
"2019-51",0,0,232,0,29.2672413793103,26.431718061674,2019,51,"2019-52"
"2019-52",0,0,189,16,36.990243902439,33.5024390243902,2019,52,"2020-01"
"2020-01",0,0,179,0,41.8715083798883,38.854748603352,2020,1,"2020-02"
"2020-02",0,0,158,83,41.4605809128631,38.0954356846473,2020,2,"2020-03"
"2020-03",0,0,259,3,33.3587786259542,30.8358778625954,2020,3,"2020-04"
"2020-04",0,0,197,8,30.8390243902439,27.9951219512195,2020,4,"2020-05"
"2020-05",0,0,193,0,33.6321243523316,30.119170984456,2020,5,"2020-06"
"2020-06",0,0,238,7,35.265306122449,33.0452674897119,2020,6,"2020-07"
"2020-07",0,0,265,0,35.8037735849057,33.6981132075472,2020,7,"2020-08"
"2020-08",0,0,182,5,32.3582887700535,27.7914438502674,2020,8,"2020-09"
"2020-09",0,0,192,17,38.6411483253588,34.8947368421053,2020,9,"2020-10"
"2020-10",0,0,155,42,40.746192893401,35.243654822335,2020,10,"2020-11"
"2020-11",0,0,123,90,45.7793427230047,40.206572769953,2020,11,"2020-12"
"2020-12",0,0,223,31,40.4763779527559,37.3543307086614,2020,12,"2020-13"
"2020-13",0,0,243,27,41.7740740740741,38.4518518518518,2020,13,"2020-14"
"2020-14",0,0,323,7,40.4454545454545,38.4454545454545,2020,14,"2020-15"
"2020-15",0,0,186,52,43.3403361344538,38.8697478991597,2020,15,"2020-16"
"2020-16",0,0,166,91,44.1673151750973,40.3346303501946,2020,16,"2020-17"
"2020-17",0,0,205,29,41.7863247863248,37.5299145299145,2020,17,"2020-18"
"2020-18",0,0,141,136,48.870036101083,45.14440433213,2020,18,"2020-19"
"2020-19",0,0,139,81,45.9454545454545,39.9318181818182,2020,19,"2020-20"
"2020-20",0,3,59,133,53.9739583333333,47.4322916666667,2020,20,"2020-21"
"2020-21",0,7,78,130,52.6201923076923,47.1778846153846,2020,21,"2020-22"
"2020-22",16,35,19,268,65.3484320557491,61.1080139372822,2020,22,"2020-23"
"2020-23",17,36,13,223,65.9279661016949,60.5296610169492,2020,23,"2020-24"
"2020-24",10,36,23,227,65.732,60.208,2020,24,"2020-25"
"2020-25",41,67,44,195,66.1847389558233,60.6586345381526,2020,25,"2020-26"
"2020-26",61,94,0,290,71.3,66.3413793103448,2020,26,"2020-27"
"2020-27",26,62,0,357,69.8795518207283,66.2044817927171,2020,27,"2020-28"
"2020-28",68,148,0,254,75.3269961977186,70.3992395437262,2020,28,"2020-29"
"2020-29",38,72,0,249,70.1169811320755,65.3283018867925,2020,29,"2020-30"
"2020-30",81,144,0,186,76.726872246696,70.2334801762115,2020,30,"2020-31"
"2020-31",95,141,0,205,76.156378600823,69.7078189300412,2020,31,"2020-32"
"2020-32",77,115,0,211,74.3663793103448,68.0948275862069,2020,32,"2020-33"
"2020-33",61,116,0,252,73.6093189964158,68.6308243727599,2020,33,"2020-34"
"2020-34",40,65,0,314,67.2848297213622,62.7275541795666,2020,34,"2020-35"
"2020-35",28,89,0,263,71.2956204379562,66.2116788321168,2020,35,"2020-36"
"2020-36",12,60,8,248,68.8571428571429,64.2596899224806,2020,36,"2020-37"
"2020-37",20,72,55,266,64.2803738317757,60.9408099688474,2020,37,"2020-38"
"2020-38",0,11,56,139,57.2820512820513,51.2410256410256,2020,38,"2020-39"
"2020-39",6,45,46,210,60.15234375,55.18359375,2020,39,"2020-40"
"2020-40",0,31,99,232,59.3897280966767,56.0513595166163,2020,40,"2020-41"
"2020-41",0,0,72,169,55.2489626556017,50.6307053941909,2020,41,"2020-42"
"2020-42",0,0,114,207,52.7663551401869,49.9968847352025,2020,42,"2020-43"
"2020-43",0,3,58,249,57.885993485342,55.2214983713355,2020,43,"2020-44"
"2020-44",0,0,197,118,45.9015873015873,44.2207792207792,2020,44,"2020-45"
"2020-45",0,4,109,96,50.2243902439024,45.6048780487805,2020,45,"2020-46"
"2020-46",0,4,128,159,51.3797909407665,48.6829268292683,2020,46,"2020-47"
"2020-47",0,0,108,64,44.1162790697674,38.296511627907,2020,47,"2020-48"
"2020-48",0,0,108,144,49.0674603174603,46.3466135458167,2020,48,"2020-49"
"2020-49",0,0,142,87,47.82096069869,42.7652582159624,2020,49,"2020-50"
"2020-50",0,0,209,36,38.7551020408163,36.4367346938776,2020,50,"2020-51"
"2020-51",0,0,248,0,29.4153225806452,27.0241935483871,2020,51,"2020-52"
"2020-52",0,0,189,84,40.0915750915751,37.3846153846154,2020,52,"2020-53"
"2020-53",0,0,100,11,39.1351351351351,34.9417475728155,2020,53,"2021-01"
"2021-01",0,0,225,0,33.3822222222222,29.5822222222222,2021,1,"2021-02"
"2021-02",0,0,188,21,38.4210526315789,35.0765550239234,2021,2,"2021-03"
"2021-03",0,0,177,0,32.3728813559322,27.5340909090909,2021,3,"2021-04"
"2021-04",0,0,248,0,26.3346774193548,23.8137651821862,2021,4,"2021-05"
"2021-05",0,0,294,0,34.7074829931973,32.2857142857143,2021,5,"2021-06"
"2021-06",0,0,212,0,28.3207547169811,24.4905660377358,2021,6,"2021-07"
"2021-07",0,0,320,11,33.2749244712991,31.2537764350453,2021,7,"2021-08"
"2021-08",0,0,212,19,39.4155844155844,35.8528138528139,2021,8,"2021-09"
"2021-09",0,0,176,4,32.7055555555556,27.0611111111111,2021,9,"2021-10"
"2021-10",0,0,137,51,40.2446808510638,33.3829787234043,2021,10,"2021-11"
"2021-11",0,0,175,16,35.1465968586387,29.9842931937173,2021,11,"2021-12"
"2021-12",0,0,153,177,46.5333333333333,43.8121212121212,2021,12,"2021-13"
"2021-13",0,0,126,84,45.6809523809524,40.1809523809524,2021,13,"2021-14"
"2021-14",0,0,150,93,46.4897119341564,42.4650205761317,2021,14,"2021-15"
"2021-15",0,0,176,38,43.6401869158879,40.5233644859813,2021,15,"2021-16"
"2021-16",0,0,106,90,49.8673469387755,43.5396825396825,2021,16,"2021-17"
"2021-17",0,1,69,146,53.3116279069767,47.4186046511628,2021,17,"2021-18"
"2021-18",0,0,84,141,51.7155555555556,47.52,2021,18,"2021-19"
"2021-19",0,9,104,123,53.9251101321586,46.8458149779736,2021,19,"2021-20"
"2021-20",16,42,66,140,60.7655502392345,53.9090909090909,2021,20,"2021-21"
"2021-21",9,18,141,117,55.2906976744186,51.2984496124031,2021,21,"2021-22"
"2021-22",21,35,9,245,64.3091603053435,60.1526717557252,2021,22,"2021-23"
"2021-23",36,51,7,160,69.0710382513661,62.4262295081967,2021,23,"2021-24"
"2021-24",17,46,8,226,66.7649572649573,61.2948717948718,2021,24,"2021-25"
"2021-25",23,69,11,282,69.2525597269625,65.5358361774744,2021,25,"2021-26"
"2021-26",46,62,0,289,67.8885350318471,64.7356687898089,2021,26,"2021-27"
"2021-27",18,41,0,309,69.2405063291139,66.2278481012658,2021,27,"2021-28"
"2021-28",49,87,0,334,72.2766570605187,69.6628242074928,2021,28,"2021-29"
"2021-29",21,47,0,280,68.9214285714286,65.4142857142857,2021,29,"2021-30"
"2021-30",24,46,1,202,68.8130841121495,63.5,2021,30,"2021-31"
"2021-31",25,54,0,294,68.2094594594595,65.0945945945946,2021,31,"2021-32"
"2021-32",51,109,0,236,74.35,70.1807692307692,2021,32,"2021-33"
"2021-33",47,127,0,279,73.95,70.525,2021,33,"2021-34"
"2021-34",52,89,0,235,74.3793103448276,70.3026819923372,2021,34,"2021-35"
"2021-35",18,37,0,245,66.7877551020408,63.2530612244898,2021,35,"2021-36"
"2021-36",9,35,3,196,68.7085427135678,64.5879396984925,2021,36,"2021-37"
"2021-37",12,30,0,306,67.2516339869281,64.3627450980392,2021,37,"2021-38"
"2021-38",3,55,20,252,66.8382352941177,63.4926470588235,2021,38,"2021-39"
"2021-39",0,2,32,188,59.3409090909091,55.6590909090909,2021,39,"2021-40"
"2021-40",0,0,68,243,56.5852090032154,54.5176848874598,2021,40,"2021-41"
"2021-41",0,5,7,289,61.0810810810811,58.2060810810811,2021,41,"2021-42"
"2021-42",0,0,39,131,55.8588235294118,50.2764705882353,2021,42,"2021-43"
"2021-43",0,0,55,270,55.2892307692308,53.3446153846154,2021,43,"2021-44"
"2021-44",0,0,125,55,40.2333333333333,36.2722222222222,2021,44,"2021-45"
"2021-45",0,0,127,101,47.9298245614035,44.5745614035088,2021,45,"2021-46"
"2021-46",0,0,139,44,44.3333333333333,40.1092896174863,2021,46,"2021-47"
"2021-47",0,0,169,35,39.2205882352941,35.156862745098,2021,47,"2021-48"
"2021-48",0,0,159,17,37.3579545454545,33.1590909090909,2021,48,"2021-49"
"2021-49",0,0,172,83,44.2941176470588,41.6196078431373,2021,49,"2021-50"
"2021-50",0,0,136,58,42.4536082474227,37.8092783505155,2021,50,"2021-51"
"2021-51",0,0,253,0,32.4110671936759,30.0158102766798,2021,51,"2021-52"
"2021-52",0,0,250,0,39.84,38.596,2021,52,"2022-01"
"2021-53",0,0,108,0,37.8703703703704,35.5925925925926,2021,53,"2021-54"
"2022-01",0,0,226,39,33.0377358490566,30.5396226415094,2022,1,"2022-02"
"2022-02",0,0,192,0,24.7447916666667,21.4322916666667,2022,2,"2022-03"
"2022-03",0,0,211,0,30.5450236966825,27.4739336492891,2022,3,"2022-04"
"2022-04",0,0,235,0,23.6893617021277,21.2042553191489,2022,4,"2022-05"
"2022-05",0,0,300,18,30.3805031446541,29.0125786163522,2022,5,"2022-06"
"2022-06",0,0,291,25,35.629746835443,33.0917721518987,2022,6,"2022-07"
"2022-07",0,0,176,57,33.3261802575107,29.9871244635193,2022,7,"2022-08"
"2022-08",0,0,209,60,35.0817843866171,32.0557620817844,2022,8,"2022-09"
"2022-09",0,0,174,32,35.6116504854369,31.747572815534,2022,9,"2022-10"
"2022-10",0,0,243,48,37.9553264604811,35.0793103448276,2022,10,"2022-11"
"2022-11",0,0,147,150,48.4208754208754,45.4848484848485,2022,11,"2022-12"
"2022-12",0,0,194,36,43.7391304347826,39.1434782608696,2022,12,"2022-13"
"2022-13",0,0,135,88,44.5022421524664,39.6008968609865,2022,13,"2022-14"
"2022-14",0,0,144,99,47.6625514403292,43.6337448559671,2022,14,"2022-15"
"2022-15",0,0,90,119,52.0287081339713,45.8755980861244,2022,15,"2022-16"
"2022-16",0,0,97,91,48.7712765957447,41.9202127659574,2022,16,"2022-17"
"2022-17",0,0,100,122,47.8108108108108,42.045045045045,2022,17,"2022-18"
"2022-18",0,0,135,151,50.2902097902098,46.6118881118881,2022,18,"2022-19"
"2022-19",6,18,25,250,60.5345454545455,56.4581818181818,2022,19,"2022-20"
"2022-20",17,30,32,224,61.875,57.2878787878788,2022,20,"2022-21"
"2022-21",0,10,18,223,63.3195020746888,58.7095435684647,2022,21,"2022-22"
"2022-22",9,20,8,246,61.6980392156863,56.8149606299213,2022,22,"2022-23"
"2022-23",9,47,14,224,66.3781512605042,60.8803418803419,2022,23,"2022-24"
"2022-24",15,34,3,198,66.0049751243781,60.318407960199,2022,24,"2022-25"
"2022-25",21,48,9,230,63.85140562249,58.3493975903614,2022,25,"2022-26"
"2022-26",37,67,0,237,70.4309623430962,65.0836820083682,2022,26,"2022-27"
"2022-27",25,65,3,183,68.6827956989247,61.4086021505376,2022,27,"2022-28"
"2022-28",54,84,0,295,69.0622950819672,64.3049180327869,2022,28,"2022-29"
"2022-29",96,161,0,199,78.4615384615385,71.9919028340081,2022,29,"2022-30"
"2022-30",88,142,0,210,76.1926605504587,68.9357798165138,2022,30,"2022-31"
"2022-31",75,128,0,186,77.0043859649123,70.9561403508772,2022,31,"2022-32"
"2022-32",27,90,0,152,75.2771084337349,71.2650602409639,2022,32,"2022-33"
"2022-33",0,0,0,0,NA,NA,2022,33,"2022-34"
"2022-34",0,0,0,0,NA,NA,2022,34,"2022-35"
"2022-35",0,0,0,0,NA,NA,2022,35,"2022-36"
"2022-36",0,0,0,0,NA,NA,2022,36,"2022-37"
"2022-37",0,0,0,0,NA,NA,2022,37,"2022-38"
"2022-38",0,0,0,0,NA,NA,2022,38,"2022-39"
"2022-39",0,0,0,0,NA,NA,2022,39,"2022-40"
"2022-40",0,0,0,0,NA,NA,2022,40,"2022-41"
"2022-41",0,0,0,0,NA,NA,2022,41,"2022-42"
"2022-42",0,0,0,0,NA,NA,2022,42,"2022-43"
"2022-43",0,0,0,0,NA,NA,2022,43,"2022-44"
"2022-44",0,0,0,0,NA,NA,2022,44,"2022-45"
"2022-45",0,0,0,0,NA,NA,2022,45,"2022-46"
"2022-46",0,0,0,0,NA,NA,2022,46,"2022-47"
"2022-47",0,0,0,0,NA,NA,2022,47,"2022-48"
"2022-48",0,0,0,0,NA,NA,2022,48,"2022-49"
"2022-49",0,0,0,0,NA,NA,2022,49,"2022-50"
"2022-50",0,0,0,0,NA,NA,2022,50,"2022-51"
"2022-51",0,0,0,0,NA,NA,2022,51,"2022-52"
"2022-52",0,0,68,79,48.7619047619048,47.8843537414966,2022,52,"2023-01"
"2023-01",0,0,0,0,NA,NA,2023,1,"2023-02"
"2023-02",0,0,0,0,NA,NA,2023,2,"2023-03"
"2023-03",0,0,0,0,NA,NA,2023,3,"2023-04"
"2023-04",0,0,0,0,NA,NA,2023,4,"2023-05"
"2023-05",0,0,0,0,NA,NA,2023,5,"2023-06"
"2023-06",0,0,0,0,NA,NA,2023,6,"2023-07"
"2023-07",0,0,0,0,NA,NA,2023,7,"2023-08"
"2023-08",0,0,0,0,NA,NA,2023,8,"2023-09"
"2023-09",0,0,0,0,NA,NA,2023,9,"2023-10"
"2023-10",0,0,0,0,NA,NA,2023,10,"2023-11"
"2023-11",0,0,0,0,NA,NA,2023,11,"2023-12"
"2023-12",0,0,0,0,NA,NA,2023,12,"2023-13"
"2023-13",0,0,0,0,NA,NA,2023,13,"2023-14"
"2023-14",0,0,0,0,NA,NA,2023,14,"2023-15"
"2023-15",15,28,6,166,62.2655367231638,54.2203389830508,2023,15,"2023-16"
"2023-16",0,0,58,173,51.5281385281385,47.2554112554113,2023,16,"2023-17"
"2023-17",0,0,126,160,51.2482517482517,48.1853146853147,2023,17,"2023-18"
"2023-18",1,9,133,123,51.49609375,46.96875,2023,18,"2023-19"
"2023-19",15,25,41,131,58.8081395348837,49.953488372093,2023,19,"2023-20"
"2023-20",0,7,34,187,59.4886877828054,52.9909502262443,2023,20,"2023-21"
"2023-21",5,14,64,136,56.75,49.575,2023,21,"2023-22"
"2023-22",14,25,89,178,55.262962962963,50.4703703703704,2023,22,"2023-23"
"2023-23",4,11,52,246,56.238255033557,52.4060402684564,2023,23,"2023-24"
"2023-24",9,39,0,270,66.8296296296296,62.4888888888889,2023,24,"2023-25"
"2023-25",16,39,39,283,64.8385093167702,61.2049689440994,2023,25,"2023-26"
"2023-26",32,110,0,361,71.4626038781163,67.7313019390582,2023,26,"2023-27"
"2023-27",80,125,0,297,75.4841772151899,71.2183544303797,2023,27,"2023-28"
"2023-28",54,160,0,267,76.0652173913043,72.2101449275362,2023,28,"2023-29"
"2023-29",79,133,0,275,74.8404255319149,69.7446808510638,2023,29,"2023-30"
"2023-30",71,112,0,205,74.7027027027027,69.2772727272727,2023,30,"2023-31"
"2023-31",26,74,0,192,69.9166666666667,62.59375,2023,31,"2023-32"
"2023-32",50,122,0,232,74.0775862068966,68.6465517241379,2023,32,"2023-33"
"2023-33",19,47,0,307,70.8729641693811,66.8827361563518,2023,33,"2023-34"
"2023-34",15,60,0,267,68.9216417910448,64.4962686567164,2023,34,"2023-35"
"2023-35",10,48,9,230,68.5269709543568,64.0497925311203,2023,35,"2023-36"
"2023-36",89,155,0,275,75.8896103896104,71.4253246753247,2023,36,"2023-37"
"2023-37",12,55,0,298,69.2348993288591,65.4093959731544,2023,37,"2023-38"
"2023-38",0,7,8,268,62.8079710144928,59.3768115942029,2023,38,"2023-39"
"2023-39",0,0,66,256,56.1024844720497,53.7267080745342,2023,39,"2023-40"
"2023-40",9,31,20,336,62.3938547486034,59.1201117318436,2023,40,"2023-41"
"2023-41",0,0,85,119,52.4754901960784,48.0490196078431,2023,41,"2023-42"
"2023-42",0,0,79,215,55.0340136054422,52.030612244898,2023,42,"2023-43"
"2023-43",9,18,30,181,57.914691943128,52.739336492891,2023,43,"2023-44"
"2023-44",0,0,21,65,50.2558139534884,47.2093023255814,2023,44,"2023-45"
"2023-52",0,0,0,0,NA,NA,2023,52,"2024-01"
