MapDate,RegionName,None,D0,D1,D2,D3,D4,dsci,ValidStart,ValidEnd,StatisticFormatID
20231226,IV,34.24,65.76,48.33,29.72,15.03,3.77,96.85,12/26/23,1/1/24,1
20231219,IV,35.46,64.54,48.83,34.14,13.83,2.63,99.43,12/19/23,12/25/23,1
20231212,IV,30.11,69.89,51.39,32.7,12.05,2.28,98.42,12/12/23,12/18/23,1
20231205,IV,24.91,75.09,56.89,37.54,18.98,2.37,115.78,12/5/23,12/11/23,1
20231128,IV,25.3,74.7,60.34,41.17,22.24,4.29,128.04,11/28/23,12/4/23,1
20231121,IV,20.99,79.01,67.75,49.85,27.57,6.67,151.84,11/21/23,11/27/23,1
20231114,IV,19.67,80.33,64.48,46.21,28.14,8.33,147.16,11/14/23,11/20/23,1
20231107,IV,18.97,81.03,61.9,41.44,23.35,6.25,132.94,11/7/23,11/13/23,1
20231031,IV,26.03,73.97,55.96,33.68,20.13,4.32,114.09,10/31/23,11/6/23,1
20231024,IV,31.8,68.2,48.53,27.69,11.73,3.98,91.93,10/24/23,10/30/23,1
20231017,IV,32.62,67.38,44.42,22.91,9.23,3.86,80.42,10/17/23,10/23/23,1
20231010,IV,31.64,68.36,36.79,15.21,7.83,4.05,63.88,10/10/23,10/16/23,1
20231003,IV,39.67,60.33,31.33,12.89,7.57,3.24,55.03,10/3/23,10/9/23,1
20230926,IV,52.46,47.54,20.33,11.4,6.43,3.14,41.3,9/26/23,10/2/23,1
20230919,IV,60.08,39.92,14.89,8.49,5.63,2.64,31.65,9/19/23,9/25/23,1
20230912,IV,73.67,26.33,12.2,6.71,4.21,0.86,23.98,9/12/23,9/18/23,1
20230905,IV,77.99,22.01,9.6,5.33,2.62,0.09,17.64,9/5/23,9/11/23,1
20230829,IV,71.47,28.53,13.33,5.15,2.15,0,20.63,8/29/23,9/4/23,1
20230822,IV,71.86,28.14,10.58,2.89,0.11,0,13.58,8/22/23,8/28/23,1
20230815,IV,79.86,20.14,4.87,0.88,0.15,0,5.9,8/15/23,8/21/23,1
20230808,IV,88.13,11.87,1.32,0.54,0.14,0,2,8/8/23,8/14/23,1
20230801,IV,87.76,12.24,1.51,0.44,0.14,0,2.09,8/1/23,8/7/23,1
20230725,IV,91.01,8.99,1.71,0.44,0.14,0,2.29,7/25/23,7/31/23,1
20230718,IV,86.78,13.22,3.1,0.62,0,0,3.72,7/18/23,7/24/23,1
20230711,IV,83.46,16.54,3.55,0.59,0,0,4.14,7/11/23,7/17/23,1
20230704,IV,79.99,20.01,3.49,0,0,0,3.49,7/4/23,7/10/23,1
20230627,IV,76.02,23.98,4.44,0,0,0,4.44,6/27/23,7/3/23,1
20230620,IV,65.8,34.2,5.96,0,0,0,5.96,6/20/23,6/26/23,1
20230613,IV,64.06,35.94,6.33,0,0,0,6.33,6/13/23,6/19/23,1
20230606,IV,76.25,23.75,5.05,0.25,0,0,5.3,6/6/23,6/12/23,1
20230530,IV,86.92,13.08,2.1,1.2,0,0,3.3,5/30/23,6/5/23,1
20230523,IV,89.04,10.96,3.82,2.27,1.27,0,7.36,5/23/23,5/29/23,1
20230516,IV,83.83,16.17,6.63,2.13,1.33,0,10.09,5/16/23,5/22/23,1
20230509,IV,84.01,15.99,6.74,2.11,0.97,0,9.82,5/9/23,5/15/23,1
20230502,IV,83.52,16.48,7.09,2.11,0.79,0,9.99,5/2/23,5/8/23,1
20230425,IV,79.98,20.02,10.95,6.73,0.88,0,18.56,4/25/23,5/1/23,1
20230418,IV,80.68,19.32,10.93,6.84,0.7,0,18.47,4/18/23,4/24/23,1
20230411,IV,78.77,21.23,10.3,7.98,0.14,0,18.42,4/11/23,4/17/23,1
20230404,IV,67.46,32.54,10.95,8.24,0.67,0,19.86,4/4/23,4/10/23,1
20230328,IV,70.35,29.65,11.44,6.49,0.67,0,18.6,3/28/23,4/3/23,1
20230321,IV,72.6,27.4,11.49,2.73,0,0,14.22,3/21/23,3/27/23,1
20230314,IV,75.05,24.95,11.16,1.47,0,0,12.63,3/14/23,3/20/23,1
20230307,IV,72.98,27.02,12.81,0.58,0,0,13.39,3/7/23,3/13/23,1
20230228,IV,82.76,17.24,10.13,0,0,0,10.13,2/28/23,3/6/23,1
20230221,IV,85.04,14.96,4.89,0,0,0,4.89,2/21/23,2/27/23,1
20230214,IV,86.99,13.01,4.89,0,0,0,4.89,2/14/23,2/20/23,1
20230207,IV,83.04,16.96,4.61,1.19,0,0,5.8,2/7/23,2/13/23,1
20230131,IV,76.95,23.05,6.22,1.14,0,0,7.36,1/31/23,2/6/23,1
20230124,IV,76.45,23.55,10.51,1.43,0,0,11.94,1/24/23,1/30/23,1
20230117,IV,72.34,27.66,15.8,2.74,0,0,18.54,1/17/23,1/23/23,1
20230110,IV,70.01,29.99,14.89,3.1,0,0,17.99,1/10/23,1/16/23,1
20230103,IV,63.89,36.11,15.57,3.83,0,0,19.4,1/3/23,1/9/23,1
20221227,IV,54.89,45.11,17.73,4.2,0,0,21.93,12/27/22,1/2/23,1
20221220,IV,53.18,46.82,17.73,4.2,0,0,21.93,12/20/22,12/26/22,1
20221213,IV,38.02,61.98,25.83,6.11,0,0,31.94,12/13/22,12/19/22,1
20221206,IV,33.1,66.9,35.85,7.09,0,0,42.94,12/6/22,12/12/22,1
20221129,IV,30.42,69.58,46.52,16.14,0,0,62.66,11/29/22,12/5/22,1
20221122,IV,27.02,72.98,44.35,12.8,0,0,57.15,11/22/22,11/28/22,1
20221115,IV,28.59,71.41,42.35,11.06,0,0,53.41,11/15/22,11/21/22,1
20221108,IV,22.31,77.69,46.47,16.23,0,0,62.7,11/8/22,11/14/22,1
20221101,IV,23.73,76.27,42.03,13.12,0.43,0,55.58,11/1/22,11/7/22,1
20221025,IV,30.81,69.19,40.96,12.43,0.59,0,53.98,10/25/22,10/31/22,1
20221018,IV,38.74,61.26,27.9,2.95,0,0,30.85,10/18/22,10/24/22,1
20221011,IV,39.04,60.96,19.6,1.01,0,0,20.61,10/11/22,10/17/22,1
20221004,IV,58.78,41.22,5.96,0.3,0,0,6.26,10/4/22,10/10/22,1
20220927,IV,61.95,38.05,3.75,0,0,0,3.75,9/27/22,10/3/22,1
20220920,IV,87.12,12.88,2.68,0,0,0,2.68,9/20/22,9/26/22,1
20220913,IV,89.41,10.59,1.56,0,0,0,1.56,9/13/22,9/19/22,1
20220906,IV,86.76,13.24,2.09,0,0,0,2.09,9/6/22,9/12/22,1
20220830,IV,86.39,13.61,2.62,0.07,0,0,2.69,8/30/22,9/5/22,1
20220823,IV,83.43,16.57,3.14,0.54,0,0,3.68,8/23/22,8/29/22,1
20220816,IV,72.63,27.37,7.42,1.3,0,0,8.72,8/16/22,8/22/22,1
20220809,IV,71.07,28.93,8.88,1.87,0,0,10.75,8/9/22,8/15/22,1
20220802,IV,69.34,30.66,9.35,4.14,0.06,0,13.55,8/2/22,8/8/22,1
20220726,IV,60.73,39.27,11.85,5.17,0.31,0,17.33,7/26/22,8/1/22,1
20220719,IV,55.78,44.22,13.41,4.49,0,0,17.9,7/19/22,7/25/22,1
20220712,IV,45.67,54.33,20.31,1.88,0,0,22.19,7/12/22,7/18/22,1
20220705,IV,29.74,70.26,33.14,4.98,0,0,38.12,7/5/22,7/11/22,1
20220628,IV,25.52,74.48,26.66,3.62,0,0,30.28,6/28/22,7/4/22,1
20220621,IV,47.3,52.7,13.39,1.91,0,0,15.3,6/21/22,6/27/22,1
20220614,IV,71.24,28.76,8.49,1.91,0,0,10.4,6/14/22,6/20/22,1
20220607,IV,76.5,23.5,7.71,2.46,0,0,10.17,6/7/22,6/13/22,1
20220531,IV,76.03,23.97,7.9,2.35,0,0,10.25,5/31/22,6/6/22,1
20220524,IV,58.81,41.19,8.39,2.63,0,0,11.02,5/24/22,5/30/22,1
20220517,IV,57.95,42.05,12.22,2.85,0,0,15.07,5/17/22,5/23/22,1
20220510,IV,72.52,27.48,12.15,2.35,0,0,14.5,5/10/22,5/16/22,1
20220503,IV,70.97,29.03,12.14,1.98,0,0,14.12,5/3/22,5/9/22,1
20220426,IV,73.4,26.6,12.44,2.1,0,0,14.54,4/26/22,5/2/22,1
20220419,IV,73.4,26.6,11.44,1.59,0,0,13.03,4/19/22,4/25/22,1
20220412,IV,67.35,32.65,14.52,1.99,0,0,16.51,4/12/22,4/18/22,1
20220405,IV,65.35,34.65,17.55,3.15,0,0,20.7,4/5/22,4/11/22,1
20220329,IV,63.91,36.09,19.33,2.19,0,0,21.52,3/29/22,4/4/22,1
20220322,IV,62.23,37.77,17.06,2.4,0.29,0,19.75,3/22/22,3/28/22,1
20220315,IV,52.81,47.19,24.34,2.51,0.37,0,27.22,3/15/22,3/21/22,1
20220308,IV,45.95,54.05,25.65,3.83,0.74,0,30.22,3/8/22,3/14/22,1
20220301,IV,56.09,43.91,15.08,2.53,0.01,0,17.62,3/1/22,3/7/22,1
20220222,IV,59.48,40.52,10.65,2.68,0.24,0,13.57,2/22/22,2/28/22,1
20220215,IV,67.89,32.11,6.29,3.04,0.24,0,9.57,2/15/22,2/21/22,1
20220208,IV,72.37,27.63,6.03,1.83,0.01,0,7.87,2/8/22,2/14/22,1
20220201,IV,68.34,31.66,9.11,1.8,0.01,0,10.92,2/1/22,2/7/22,1
20220125,IV,71.02,28.98,8.76,1.8,0.01,0,10.57,1/25/22,1/31/22,1
20220118,IV,67.74,32.26,10.6,2.09,0.03,0,12.72,1/18/22,1/24/22,1
20220111,IV,62.75,37.25,15.63,2.04,0.03,0,17.7,1/11/22,1/17/22,1
20220104,IV,63.49,36.51,15.74,2.88,0.17,0,18.79,1/4/22,1/10/22,1
20211228,IV,51.89,48.11,17.05,7.55,0,0,24.6,12/28/21,1/3/22,1
20211221,IV,58.18,41.82,17.05,7.55,0,0,24.6,12/21/21,12/27/21,1
20211214,IV,46.57,53.43,17.05,7.55,0,0,24.6,12/14/21,12/20/21,1
20211207,IV,49.95,50.05,19.16,9.3,0,0,28.46,12/7/21,12/13/21,1
20211130,IV,62.15,37.85,13.94,3.34,0,0,17.28,11/30/21,12/6/21,1
20211123,IV,72.48,27.52,10.05,0,0,0,10.05,11/23/21,11/29/21,1
20211116,IV,80.6,19.4,7.44,0,0,0,7.44,11/16/21,11/22/21,1
20211109,IV,84.98,15.02,4.74,0,0,0,4.74,11/9/21,11/15/21,1
20211102,IV,83.77,16.23,3.64,0,0,0,3.64,11/2/21,11/8/21,1
20211026,IV,82.24,17.76,0.84,0,0,0,0.84,10/26/21,11/1/21,1
20211019,IV,91.85,8.15,0,0,0,0,0,10/19/21,10/25/21,1
20211012,IV,93.21,6.79,0,0,0,0,0,10/12/21,10/18/21,1
20211005,IV,92.78,7.22,0,0,0,0,0,10/5/21,10/11/21,1
20210928,IV,98.43,1.57,0,0,0,0,0,9/28/21,10/4/21,1
20210921,IV,95.83,4.17,0,0,0,0,0,9/21/21,9/27/21,1
20210914,IV,94.38,5.62,0,0,0,0,0,9/14/21,9/20/21,1
20210907,IV,95.09,4.91,0,0,0,0,0,9/7/21,9/13/21,1
20210831,IV,99.03,0.97,0,0,0,0,0,8/31/21,9/6/21,1
20210824,IV,98.42,1.58,0,0,0,0,0,8/24/21,8/30/21,1
20210817,IV,97.24,2.76,0.1,0,0,0,0.1,8/17/21,8/23/21,1
20210810,IV,94.24,5.76,0.1,0,0,0,0.1,8/10/21,8/16/21,1
20210803,IV,96.42,3.58,0.04,0,0,0,0.04,8/3/21,8/9/21,1
20210727,IV,97.19,2.81,0.04,0,0,0,0.04,7/27/21,8/2/21,1
20210720,IV,95.67,4.33,0.04,0,0,0,0.04,7/20/21,7/26/21,1
20210713,IV,94.9,5.1,0.04,0,0,0,0.04,7/13/21,7/19/21,1
20210706,IV,89.32,10.68,0.31,0,0,0,0.31,7/6/21,7/12/21,1
20210629,IV,88.25,11.75,0.6,0,0,0,0.6,6/29/21,7/5/21,1
20210622,IV,86.05,13.95,0.86,0,0,0,0.86,6/22/21,6/28/21,1
20210615,IV,80.18,19.82,4.14,0.05,0,0,4.19,6/15/21,6/21/21,1
20210608,IV,73.47,26.53,7.97,0.51,0,0,8.48,6/8/21,6/14/21,1
20210601,IV,70.04,29.96,11.68,2.68,0,0,14.36,6/1/21,6/7/21,1
20210525,IV,78.77,21.23,9.65,0,0,0,9.65,5/25/21,5/31/21,1
20210518,IV,85.58,14.42,3.61,0,0,0,3.61,5/18/21,5/24/21,1
20210511,IV,86.57,13.43,3.42,0,0,0,3.42,5/11/21,5/17/21,1
20210504,IV,82.93,17.07,0.25,0,0,0,0.25,5/4/21,5/10/21,1
20210427,IV,79.92,20.08,0.54,0,0,0,0.54,4/27/21,5/3/21,1
20210420,IV,81.32,18.68,0.26,0,0,0,0.26,4/20/21,4/26/21,1
20210413,IV,91.01,8.99,1.18,0,0,0,1.18,4/13/21,4/19/21,1
20210406,IV,90.47,9.53,1.18,0,0,0,1.18,4/6/21,4/12/21,1
20210330,IV,89.23,10.77,0.32,0,0,0,0.32,3/30/21,4/5/21,1
20210323,IV,82.82,17.18,0.3,0,0,0,0.3,3/23/21,3/29/21,1
20210316,IV,81.44,18.56,1.13,0,0,0,1.13,3/16/21,3/22/21,1
20210309,IV,86.66,13.34,1.21,0,0,0,1.21,3/9/21,3/15/21,1
20210302,IV,91.61,8.39,1.21,0,0,0,1.21,3/2/21,3/8/21,1
20210223,IV,84.35,15.65,1.59,0.13,0,0,1.72,2/23/21,3/1/21,1
20210216,IV,77.52,22.48,2.12,0.13,0,0,2.25,2/16/21,2/22/21,1
20210209,IV,73.63,26.37,2.91,0.13,0,0,3.04,2/9/21,2/15/21,1
20210202,IV,70.36,29.64,2.03,0.13,0,0,2.16,2/2/21,2/8/21,1
20210126,IV,80.34,19.66,1.31,0.13,0,0,1.44,1/26/21,2/1/21,1
20210119,IV,78.3,21.7,0.82,0,0,0,0.82,1/19/21,1/25/21,1
20210112,IV,89.99,10.01,0.57,0,0,0,0.57,1/12/21,1/18/21,1
20210105,IV,90.52,9.48,0.57,0,0,0,0.57,1/5/21,1/11/21,1
20201229,IV,79.75,20.25,1.34,0,0,0,1.34,12/29/20,1/4/21,1
20201222,IV,76.85,23.15,1.34,0,0,0,1.34,12/22/20,12/28/20,1
20201215,IV,75.53,24.47,1.24,0,0,0,1.24,12/15/20,12/21/20,1
20201208,IV,79.59,20.41,1.24,0,0,0,1.24,12/8/20,12/14/20,1
20201201,IV,85.28,14.72,1.13,0,0,0,1.13,12/1/20,12/7/20,1
20201124,IV,82.53,17.47,0.5,0,0,0,0.5,11/24/20,11/30/20,1
20201117,IV,95.32,4.68,0,0,0,0,0,11/17/20,11/23/20,1
20201110,IV,96.74,3.26,0,0,0,0,0,11/10/20,11/16/20,1
20201103,IV,97.29,2.71,0,0,0,0,0,11/3/20,11/9/20,1
20201027,IV,95.88,4.12,0,0,0,0,0,10/27/20,11/2/20,1
20201020,IV,96.87,3.13,0,0,0,0,0,10/20/20,10/26/20,1
20201013,IV,97.55,2.45,0,0,0,0,0,10/13/20,10/19/20,1
20201006,IV,95.99,4.01,0,0,0,0,0,10/6/20,10/12/20,1
20200929,IV,96.91,3.09,0,0,0,0,0,9/29/20,10/5/20,1
20200922,IV,93.53,6.47,0.42,0,0,0,0.42,9/22/20,9/28/20,1
20200915,IV,90.42,9.58,0.42,0,0,0,0.42,9/15/20,9/21/20,1
20200908,IV,90.14,9.86,0.43,0,0,0,0.43,9/8/20,9/14/20,1
20200901,IV,95.82,4.18,0,0,0,0,0,9/1/20,9/7/20,1
20200825,IV,93.41,6.59,0.01,0,0,0,0.01,8/25/20,8/31/20,1
20200818,IV,88.57,11.43,0.62,0,0,0,0.62,8/18/20,8/24/20,1
20200811,IV,82.85,17.15,0.49,0,0,0,0.49,8/11/20,8/17/20,1
20200804,IV,80.14,19.86,0.73,0,0,0,0.73,8/4/20,8/10/20,1
20200728,IV,77.46,22.54,0.86,0,0,0,0.86,7/28/20,8/3/20,1
20200721,IV,87.05,12.95,0.1,0,0,0,0.1,7/21/20,7/27/20,1
20200714,IV,97.18,2.82,0.1,0,0,0,0.1,7/14/20,7/20/20,1
20200707,IV,99.07,0.93,0,0,0,0,0,7/7/20,7/13/20,1
20200630,IV,96.25,3.75,0,0,0,0,0,6/30/20,7/6/20,1
20200623,IV,95.04,4.96,0,0,0,0,0,6/23/20,6/29/20,1
20200616,IV,94.52,5.48,0.41,0,0,0,0.41,6/16/20,6/22/20,1
20200609,IV,97.8,2.2,0.6,0,0,0,0.6,6/9/20,6/15/20,1
20200602,IV,90.89,9.11,3.18,1.06,0,0,4.24,6/2/20,6/8/20,1
20200526,IV,85.23,14.77,5.76,1.06,0,0,6.82,5/26/20,6/1/20,1
20200519,IV,83.98,16.02,7.73,1.89,0,0,9.62,5/19/20,5/25/20,1
20200512,IV,84.25,15.75,7.15,2.26,0,0,9.41,5/12/20,5/18/20,1
20200505,IV,85.86,14.14,5.65,1.55,0,0,7.2,5/5/20,5/11/20,1
20200428,IV,85.06,14.94,7.46,1.32,0,0,8.78,4/28/20,5/4/20,1
20200421,IV,82.29,17.71,10.76,4.19,0,0,14.95,4/21/20,4/27/20,1
20200414,IV,77.57,22.43,13.44,3.4,0,0,16.84,4/14/20,4/20/20,1
20200407,IV,73.58,26.42,13.44,0.27,0,0,13.71,4/7/20,4/13/20,1
20200331,IV,79.54,20.46,10.75,0.16,0,0,10.91,3/31/20,4/6/20,1
20200324,IV,83.34,16.66,0.74,0.16,0,0,0.9,3/24/20,3/30/20,1
20200317,IV,88.06,11.94,0.41,0.15,0,0,0.56,3/17/20,3/23/20,1
20200310,IV,91.52,8.48,0.41,0.15,0,0,0.56,3/10/20,3/16/20,1
20200303,IV,93.91,6.09,0.41,0.15,0,0,0.56,3/3/20,3/9/20,1
20200225,IV,93.89,6.11,0.54,0.15,0,0,0.69,2/25/20,3/2/20,1
20200218,IV,95.37,4.63,0.63,0.22,0,0,0.85,2/18/20,2/24/20,1
20200211,IV,94.97,5.03,0.6,0,0,0,0.6,2/11/20,2/17/20,1
20200204,IV,85.94,14.06,1.06,0,0,0,1.06,2/4/20,2/10/20,1
20200128,IV,84.41,15.59,0.62,0,0,0,0.62,1/28/20,2/3/20,1
20200121,IV,92.75,7.25,0.62,0,0,0,0.62,1/21/20,1/27/20,1
20200114,IV,95.71,4.29,0.62,0,0,0,0.62,1/14/20,1/20/20,1
20200107,IV,95.71,4.29,0.62,0,0,0,0.62,1/7/20,1/13/20,1
20191231,IV,94.41,5.59,1.32,0,0,0,1.32,12/31/19,1/6/20,1
20191224,IV,94.41,5.59,1.37,0,0,0,1.37,12/24/19,12/30/19,1
20191217,IV,81.68,18.32,5.59,0,0,0,5.59,12/17/19,12/23/19,1
20191210,IV,76.82,23.18,8.19,0.26,0,0,8.45,12/10/19,12/16/19,1
20191203,IV,78.1,21.9,7.54,0.26,0,0,7.8,12/3/19,12/9/19,1
20191126,IV,73.44,26.56,8.48,0.34,0,0,8.82,11/26/19,12/2/19,1
20191119,IV,70.32,29.68,10.21,0.28,0,0,10.49,11/19/19,11/25/19,1
20191112,IV,65.03,34.97,14.25,2.43,0,0,16.68,11/12/19,11/18/19,1
20191105,IV,60.74,39.26,23.24,4.97,0,0,28.21,11/5/19,11/11/19,1
20191029,IV,43.89,56.11,31.19,11.35,0.83,0,43.37,10/29/19,11/4/19,1
20191022,IV,37.1,62.9,42.47,16.47,2.67,0,61.61,10/22/19,10/28/19,1
20191015,IV,19.08,80.92,52.58,29.19,5.2,0,86.97,10/15/19,10/21/19,1
20191008,IV,20.84,79.16,51.25,19.56,3.52,0,74.33,10/8/19,10/14/19,1
20191001,IV,15.52,84.48,45.83,17.24,1.86,0,64.93,10/1/19,10/7/19,1
20190924,IV,22.48,77.52,36.93,5.77,0.03,0,42.73,9/24/19,9/30/19,1
20190917,IV,47.97,52.03,10.96,0.89,0,0,11.85,9/17/19,9/23/19,1
20190910,IV,75.6,24.4,5.86,0.89,0,0,6.75,9/10/19,9/16/19,1
20190903,IV,79.73,20.27,4.46,0.15,0,0,4.61,9/3/19,9/9/19,1
20190827,IV,77.35,22.65,5.17,0.26,0,0,5.43,8/27/19,9/2/19,1
20190820,IV,70.76,29.24,5.59,0.31,0,0,5.9,8/20/19,8/26/19,1
20190813,IV,73.73,26.27,5.77,0.43,0,0,6.2,8/13/19,8/19/19,1
20190806,IV,82.47,17.53,4.28,0.39,0,0,4.67,8/6/19,8/12/19,1
20190730,IV,82.53,17.47,4.33,0.66,0,0,4.99,7/30/19,8/5/19,1
20190723,IV,82.08,17.92,3.75,0.66,0,0,4.41,7/23/19,7/29/19,1
20190716,IV,81.21,18.79,3.73,0.6,0,0,4.33,7/16/19,7/22/19,1
20190709,IV,78.04,21.96,4.89,0.5,0,0,5.39,7/9/19,7/15/19,1
20190702,IV,78.78,21.22,5.34,0.32,0,0,5.66,7/2/19,7/8/19,1
20190625,IV,76.43,23.57,4.88,0.39,0,0,5.27,6/25/19,7/1/19,1
20190618,IV,71.81,28.19,9.02,0.58,0,0,9.6,6/18/19,6/24/19,1
20190611,IV,67.41,32.59,15.82,0.52,0,0,16.34,6/11/19,6/17/19,1
20190604,IV,50.77,49.23,22.64,2.12,0,0,24.76,6/4/19,6/10/19,1
20190528,IV,55.59,44.41,9.24,0,0,0,9.24,5/28/19,6/3/19,1
20190521,IV,75.15,24.85,4.73,0,0,0,4.73,5/21/19,5/27/19,1
20190514,IV,79.47,20.53,3.64,0,0,0,3.64,5/14/19,5/20/19,1
20190507,IV,77.99,22.01,6.93,0,0,0,6.93,5/7/19,5/13/19,1
20190430,IV,77.36,22.64,6.12,0,0,0,6.12,4/30/19,5/6/19,1
20190423,IV,76.37,23.63,5.39,0,0,0,5.39,4/23/19,4/29/19,1
20190416,IV,71.08,28.92,7.42,0,0,0,7.42,4/16/19,4/22/19,1
20190409,IV,69.95,30.05,9.52,0,0,0,9.52,4/9/19,4/15/19,1
20190402,IV,67.5,32.5,7.4,0,0,0,7.4,4/2/19,4/8/19,1
20190326,IV,78.34,21.66,2.22,0,0,0,2.22,3/26/19,4/1/19,1
20190319,IV,90.12,9.88,0.4,0,0,0,0.4,3/19/19,3/25/19,1
20190312,IV,91.71,8.29,0,0,0,0,0,3/12/19,3/18/19,1
20190305,IV,96.35,3.65,0,0,0,0,0,3/5/19,3/11/19,1
20190226,IV,96.21,3.79,0,0,0,0,0,2/26/19,3/4/19,1
20190219,IV,97.32,2.68,0,0,0,0,0,2/19/19,2/25/19,1
20190212,IV,97.58,2.42,0.47,0,0,0,0.47,2/12/19,2/18/19,1
20190205,IV,97.76,2.24,0.47,0,0,0,0.47,2/5/19,2/11/19,1
20190129,IV,96.12,3.88,0.58,0,0,0,0.58,1/29/19,2/4/19,1
20190122,IV,95.21,4.79,3.88,0.46,0,0,4.34,1/22/19,1/28/19,1
20190115,IV,95.21,4.79,3.88,0.46,0,0,4.34,1/15/19,1/21/19,1
20190108,IV,95.34,4.66,3.88,0,0,0,3.88,1/8/19,1/14/19,1
20190101,IV,95.34,4.66,3.36,0,0,0,3.36,1/1/19,1/7/19,1
20181225,IV,95.78,4.22,3.07,0,0,0,3.07,12/25/18,12/31/18,1
20181218,IV,95.27,4.73,3.06,0,0,0,3.06,12/18/18,12/24/18,1
20181211,IV,94.72,5.28,3.06,0,0,0,3.06,12/11/18,12/17/18,1
20181204,IV,94.47,5.53,1.18,0,0,0,1.18,12/4/18,12/10/18,1
20181127,IV,91.9,8.1,1.97,0,0,0,1.97,11/27/18,12/3/18,1
20181120,IV,92.09,7.91,1.97,0,0,0,1.97,11/20/18,11/26/18,1
20181113,IV,91.2,8.8,1.26,0,0,0,1.26,11/13/18,11/19/18,1
20181106,IV,90.94,9.06,0.72,0,0,0,0.72,11/6/18,11/12/18,1
20181030,IV,89.16,10.84,0.47,0,0,0,0.47,10/30/18,11/5/18,1
20181023,IV,87.34,12.66,1.16,0,0,0,1.16,10/23/18,10/29/18,1
20181016,IV,89.18,10.82,1.16,0,0,0,1.16,10/16/18,10/22/18,1
20181009,IV,83.07,16.93,2.37,0,0,0,2.37,10/9/18,10/15/18,1
20181002,IV,86.62,13.38,2.13,0,0,0,2.13,10/2/18,10/8/18,1
20180925,IV,86.97,13.03,2.59,0,0,0,2.59,9/25/18,10/1/18,1
20180918,IV,86.8,13.2,2.24,0,0,0,2.24,9/18/18,9/24/18,1
20180911,IV,87.45,12.55,1.56,0,0,0,1.56,9/11/18,9/17/18,1
20180904,IV,83.58,16.42,1.37,0,0,0,1.37,9/4/18,9/10/18,1
20180828,IV,89.99,10.01,0.44,0,0,0,0.44,8/28/18,9/3/18,1
20180821,IV,92.05,7.95,0.43,0,0,0,0.43,8/21/18,8/27/18,1
20180814,IV,90.83,9.17,0.98,0,0,0,0.98,8/14/18,8/20/18,1
20180807,IV,91.34,8.66,0.91,0,0,0,0.91,8/7/18,8/13/18,1
20180731,IV,87.59,12.41,0.65,0,0,0,0.65,7/31/18,8/6/18,1
20180724,IV,90.71,9.29,0.43,0,0,0,0.43,7/24/18,7/30/18,1
20180717,IV,90.92,9.08,0.42,0,0,0,0.42,7/17/18,7/23/18,1
20180710,IV,92.42,7.58,0.42,0,0,0,0.42,7/10/18,7/16/18,1
20180703,IV,92.96,7.04,0.42,0,0,0,0.42,7/3/18,7/9/18,1
20180626,IV,91.72,8.28,0.39,0,0,0,0.39,6/26/18,7/2/18,1
20180619,IV,96.54,3.46,0,0,0,0,0,6/19/18,6/25/18,1
20180612,IV,96.81,3.19,0,0,0,0,0,6/12/18,6/18/18,1
20180605,IV,98.06,1.94,0,0,0,0,0,6/5/18,6/11/18,1
20180529,IV,97.94,2.06,0,0,0,0,0,5/29/18,6/4/18,1
20180522,IV,85.11,14.89,0.49,0,0,0,0.49,5/22/18,5/28/18,1
20180515,IV,74.55,25.45,10.23,1.02,0,0,11.25,5/15/18,5/21/18,1
20180508,IV,73.47,26.53,11.38,1.79,0,0,13.17,5/8/18,5/14/18,1
20180501,IV,75.34,24.66,10.2,1.79,0,0,11.99,5/1/18,5/7/18,1
20180424,IV,73.55,26.45,11.94,2.77,0,0,14.71,4/24/18,4/30/18,1
20180417,IV,69.89,30.11,16.71,5.33,0,0,22.04,4/17/18,4/23/18,1
20180410,IV,62.86,37.14,18.81,5.42,0,0,24.23,4/10/18,4/16/18,1
20180403,IV,62.94,37.06,19.06,5.08,0,0,24.14,4/3/18,4/9/18,1
20180327,IV,63.67,36.33,16.07,1.93,0,0,18,3/27/18,4/2/18,1
20180320,IV,68.31,31.69,13.77,1.8,0,0,15.57,3/20/18,3/26/18,1
20180313,IV,66.61,33.39,14.96,1.16,0,0,16.12,3/13/18,3/19/18,1
20180306,IV,67,33,11.52,0.32,0,0,11.84,3/6/18,3/12/18,1
20180227,IV,64.93,35.07,8.24,0,0,0,8.24,2/27/18,3/5/18,1
20180220,IV,62.98,37.02,8.56,0,0,0,8.56,2/20/18,2/26/18,1
20180213,IV,57.39,42.61,10.78,0,0,0,10.78,2/13/18,2/19/18,1
20180206,IV,36.19,63.81,31.25,11.19,0,0,42.44,2/6/18,2/12/18,1
20180130,IV,35.19,64.81,32.41,15.34,0.37,0,48.12,1/30/18,2/5/18,1
20180123,IV,33.3,66.7,34.95,9.85,0,0,44.8,1/23/18,1/29/18,1
20180116,IV,39.9,60.1,29.1,6.46,0,0,35.56,1/16/18,1/22/18,1
20180109,IV,39.28,60.72,27.75,4.03,0,0,31.78,1/9/18,1/15/18,1
20180102,IV,44.06,55.94,24.74,1.32,0,0,26.06,1/2/18,1/8/18,1
20171226,IV,53.1,46.9,21.48,0.07,0,0,21.55,12/26/17,1/1/18,1
20171219,IV,39.37,60.63,24.03,0.13,0,0,24.16,12/19/17,12/25/17,1
20171212,IV,42.1,57.9,23.01,0.13,0,0,23.14,12/12/17,12/18/17,1
20171205,IV,46.3,53.7,23.67,0,0,0,23.67,12/5/17,12/11/17,1
20171128,IV,47.13,52.87,18.07,0,0,0,18.07,11/28/17,12/4/17,1
20171121,IV,59.97,40.03,11.35,0,0,0,11.35,11/21/17,11/27/17,1
20171114,IV,65.6,34.4,5.77,0,0,0,5.77,11/14/17,11/20/17,1
20171107,IV,78.19,21.81,4.81,0,0,0,4.81,11/7/17,11/13/17,1
20171031,IV,79.29,20.71,3.74,0,0,0,3.74,10/31/17,11/6/17,1
20171024,IV,78.67,21.33,3.76,0,0,0,3.76,10/24/17,10/30/17,1
20171017,IV,78.61,21.39,2.45,0,0,0,2.45,10/17/17,10/23/17,1
20171010,IV,85.77,14.23,2.45,0,0,0,2.45,10/10/17,10/16/17,1
20171003,IV,91.11,8.89,0,0,0,0,0,10/3/17,10/9/17,1
20170926,IV,95.34,4.66,0,0,0,0,0,9/26/17,10/2/17,1
20170919,IV,97.08,2.92,0,0,0,0,0,9/19/17,9/25/17,1
20170912,IV,98.44,1.56,0,0,0,0,0,9/12/17,9/18/17,1
20170905,IV,93.85,6.15,0,0,0,0,0,9/5/17,9/11/17,1
20170829,IV,91.1,8.9,0,0,0,0,0,8/29/17,9/4/17,1
20170822,IV,94.86,5.14,0,0,0,0,0,8/22/17,8/28/17,1
20170815,IV,96.01,3.99,0,0,0,0,0,8/15/17,8/21/17,1
20170808,IV,94.61,5.39,0,0,0,0,0,8/8/17,8/14/17,1
20170801,IV,95.11,4.89,0,0,0,0,0,8/1/17,8/7/17,1
20170725,IV,99.53,0.47,0,0,0,0,0,7/25/17,7/31/17,1
20170718,IV,99.72,0.28,0,0,0,0,0,7/18/17,7/24/17,1
20170711,IV,99.72,0.28,0,0,0,0,0,7/11/17,7/17/17,1
20170704,IV,99.26,0.74,0,0,0,0,0,7/4/17,7/10/17,1
20170627,IV,95,5,0.03,0,0,0,0.03,6/27/17,7/3/17,1
20170620,IV,90.57,9.43,1.55,0,0,0,1.55,6/20/17,6/26/17,1
20170613,IV,86.58,13.42,5.15,0.37,0,0,5.52,6/13/17,6/19/17,1
20170606,IV,79.12,20.88,12.03,4.59,0,0,16.62,6/6/17,6/12/17,1
20170530,IV,72.34,27.66,16.81,8.44,2.25,0,27.5,5/30/17,6/5/17,1
20170523,IV,68.06,31.94,17.68,9.05,3.3,0,30.03,5/23/17,5/29/17,1
20170516,IV,57.63,42.37,24.14,9.64,3.43,0,37.21,5/16/17,5/22/17,1
20170509,IV,58.17,41.83,24.07,9.86,2.2,0,36.13,5/9/17,5/15/17,1
20170502,IV,52.09,47.91,25.07,9.86,1,0,35.93,5/2/17,5/8/17,1
20170425,IV,45.67,54.33,26,8.01,0.26,0,34.27,4/25/17,5/1/17,1
20170418,IV,31.6,68.4,31.51,8.43,0.71,0,40.65,4/18/17,4/24/17,1
20170411,IV,34.91,65.09,23,7.39,0.71,0,31.1,4/11/17,4/17/17,1
20170404,IV,34.26,65.74,24.65,6.94,0.83,0,32.42,4/4/17,4/10/17,1
20170328,IV,27.86,72.14,28.12,9.79,0.93,0,38.84,3/28/17,4/3/17,1
20170321,IV,35.07,64.93,28.01,11.11,2.39,0,41.51,3/21/17,3/27/17,1
20170314,IV,46.75,53.25,27.07,11.15,2.82,0,41.04,3/14/17,3/20/17,1
20170307,IV,40,60,26.25,12.12,3.2,0,41.57,3/7/17,3/13/17,1
20170228,IV,40.49,59.51,26.25,12.84,3.2,0,42.29,2/28/17,3/6/17,1
20170221,IV,48.37,51.63,25.24,11.44,1.99,0,38.67,2/21/17,2/27/17,1
20170214,IV,50.77,49.23,22.1,8.27,0.84,0,31.21,2/14/17,2/20/17,1
20170207,IV,56.84,43.16,18.94,7.69,0.88,0,27.51,2/7/17,2/13/17,1
20170131,IV,56.85,43.15,18.94,7.69,0.88,0,27.51,1/31/17,2/6/17,1
20170124,IV,56.85,43.15,18.94,7.69,0.88,0,27.51,1/24/17,1/30/17,1
20170117,IV,38.01,61.99,33.34,17.76,6.94,0,58.04,1/17/17,1/23/17,1
20170110,IV,36.32,63.68,33.61,17.76,6.94,0,58.31,1/10/17,1/16/17,1
20170103,IV,32.42,67.58,38.9,18.62,6.94,0,64.46,1/3/17,1/9/17,1
20161227,IV,13.78,86.22,50.14,28.99,16.75,6.76,102.64,12/27/16,1/2/17,1
20161220,IV,10.17,89.83,62.95,29.31,16.75,6.76,115.77,12/20/16,12/26/16,1
20161213,IV,18.56,81.44,68.93,46.87,19.59,7.05,142.44,12/13/16,12/19/16,1
20161206,IV,16.99,83.01,72.27,56.63,21.89,7.07,157.86,12/6/16,12/12/16,1
20161129,IV,17.16,82.84,73.12,65.79,45.86,12.57,197.34,11/29/16,12/5/16,1
20161122,IV,17.16,82.84,71.18,64.44,41.7,12.92,190.24,11/22/16,11/28/16,1
20161115,IV,25,75,68.09,56.58,29.6,9.99,164.26,11/15/16,11/21/16,1
20161108,IV,26.79,73.21,64.83,39.16,20.8,6.37,131.16,11/8/16,11/14/16,1
20161101,IV,31.28,68.72,61.49,32.4,20,4.78,118.67,11/1/16,11/7/16,1
20161025,IV,32.74,67.26,52.51,31.21,13.11,3.45,100.28,10/25/16,10/31/16,1
20161018,IV,34.28,65.72,47.82,26.38,10.14,1.59,85.93,10/18/16,10/24/16,1
20161011,IV,40.5,59.5,37.02,18.44,6.79,1.2,63.45,10/11/16,10/17/16,1
20161004,IV,53.63,46.37,28.62,12.41,4.02,0.52,45.57,10/4/16,10/10/16,1
20160927,IV,53.61,46.39,22.46,10.13,3.55,0.4,36.54,9/27/16,10/3/16,1
20160920,IV,61.32,38.68,17.39,8.41,2.12,0,27.92,9/20/16,9/26/16,1
20160913,IV,61.25,38.75,15.6,7.83,1.49,0,24.92,9/13/16,9/19/16,1
20160906,IV,71.02,28.98,14.4,7.33,1.03,0,22.76,9/6/16,9/12/16,1
20160830,IV,62.83,37.17,16.67,7.59,1.08,0,25.34,8/30/16,9/5/16,1
20160823,IV,65.2,34.8,17.03,8.09,1.18,0,26.3,8/23/16,8/29/16,1
20160816,IV,63.06,36.94,19.72,10.18,2.14,0,32.04,8/16/16,8/22/16,1
20160809,IV,60.65,39.35,22.31,11.16,2.24,0,35.71,8/9/16,8/15/16,1
20160802,IV,55.55,44.45,25.75,13.38,2.83,0,41.96,8/2/16,8/8/16,1
20160726,IV,56.22,43.78,23.73,11.45,2.68,0,37.86,7/26/16,8/1/16,1
20160719,IV,56.99,43.01,23.64,10.24,2.15,0,36.03,7/19/16,7/25/16,1
20160712,IV,60.35,39.65,23.29,10.5,2.09,0,35.88,7/12/16,7/18/16,1
20160705,IV,60.7,39.3,23.87,10.78,1.61,0,36.26,7/5/16,7/11/16,1
20160628,IV,61.08,38.92,20.56,7.23,0.42,0,28.21,6/28/16,7/4/16,1
20160621,IV,61.01,38.99,20.95,5.33,0,0,26.28,6/21/16,6/27/16,1
20160614,IV,65.72,34.28,19.7,4.11,0,0,23.81,6/14/16,6/20/16,1
20160607,IV,67.66,32.34,15.83,1.89,0,0,17.72,6/7/16,6/13/16,1
20160531,IV,68.84,31.16,15.54,1.89,0,0,17.43,5/31/16,6/6/16,1
20160524,IV,68.84,31.16,11.02,0,0,0,11.02,5/24/16,5/30/16,1
20160517,IV,71.44,28.56,11.56,0,0,0,11.56,5/17/16,5/23/16,1
20160510,IV,73.99,26.01,10.51,0,0,0,10.51,5/10/16,5/16/16,1
20160503,IV,67.69,32.31,7.28,0,0,0,7.28,5/3/16,5/9/16,1
20160426,IV,66.46,33.54,1.59,0,0,0,1.59,4/26/16,5/2/16,1
20160419,IV,71.03,28.97,0,0,0,0,0,4/19/16,4/25/16,1
20160412,IV,84.62,15.38,0,0,0,0,0,4/12/16,4/18/16,1
20160405,IV,87.43,12.57,0,0,0,0,0,4/5/16,4/11/16,1
20160329,IV,87.55,12.45,0,0,0,0,0,3/29/16,4/4/16,1
20160322,IV,91.89,8.11,0,0,0,0,0,3/22/16,3/28/16,1
20160315,IV,94,6,0,0,0,0,0,3/15/16,3/21/16,1
20160308,IV,92.35,7.65,0,0,0,0,0,3/8/16,3/14/16,1
20160301,IV,97.97,2.03,0,0,0,0,0,3/1/16,3/7/16,1
20160223,IV,99.8,0.2,0,0,0,0,0,2/23/16,2/29/16,1
20160216,IV,99.8,0.2,0,0,0,0,0,2/16/16,2/22/16,1
20160209,IV,99.8,0.2,0,0,0,0,0,2/9/16,2/15/16,1
20160202,IV,97.62,2.38,0,0,0,0,0,2/2/16,2/8/16,1
20160126,IV,97.8,2.2,0,0,0,0,0,1/26/16,2/1/16,1
20160119,IV,96.21,3.79,0,0,0,0,0,1/19/16,1/25/16,1
20160112,IV,95.48,4.52,0,0,0,0,0,1/12/16,1/18/16,1
20160105,IV,95.48,4.52,0,0,0,0,0,1/5/16,1/11/16,1
20151229,IV,96.21,3.79,0,0,0,0,0,12/29/15,1/4/16,1
20151222,IV,95.89,4.11,0,0,0,0,0,12/22/15,12/28/15,1
20151215,IV,95.18,4.82,0,0,0,0,0,12/15/15,12/21/15,1
20151208,IV,97.07,2.93,0,0,0,0,0,12/8/15,12/14/15,1
20151201,IV,95.54,4.46,0.05,0,0,0,0.05,12/1/15,12/7/15,1
20151124,IV,93.9,6.1,0.05,0,0,0,0.05,11/24/15,11/30/15,1
20151117,IV,87.78,12.22,1.27,0,0,0,1.27,11/17/15,11/23/15,1
20151110,IV,88.71,11.29,1.38,0,0,0,1.38,11/10/15,11/16/15,1
20151103,IV,79.64,20.36,2.51,0,0,0,2.51,11/3/15,11/9/15,1
20151027,IV,71.48,28.52,11.78,0.15,0,0,11.93,10/27/15,11/2/15,1
20151020,IV,61.99,38.01,18.56,7.58,4.57,0,30.71,10/20/15,10/26/15,1
20151013,IV,67.53,32.47,17.13,7.17,4.27,0,28.57,10/13/15,10/19/15,1
20151006,IV,70.55,29.45,12.17,6.06,2.12,0,20.35,10/6/15,10/12/15,1
20150929,IV,49.48,50.52,17.13,5.26,0.83,0,23.22,9/29/15,10/5/15,1
20150922,IV,42.93,57.07,26.56,6.66,0.79,0,34.01,9/22/15,9/28/15,1
20150915,IV,44.76,55.24,25.49,7.21,0.44,0,33.14,9/15/15,9/21/15,1
20150908,IV,45.46,54.54,24.57,6.56,0,0,31.13,9/8/15,9/14/15,1
20150901,IV,53.44,46.56,21.63,5.47,0.44,0,27.54,9/1/15,9/7/15,1
20150825,IV,52.87,47.13,19.11,5.02,0.61,0,24.74,8/25/15,8/31/15,1
20150818,IV,52.06,47.94,19.26,4.55,0.51,0,24.32,8/18/15,8/24/15,1
20150811,IV,52,48,19.16,3.74,0.18,0,23.08,8/11/15,8/17/15,1
20150804,IV,57.09,42.91,17.86,3.74,0.18,0,21.78,8/4/15,8/10/15,1
20150728,IV,65.26,34.74,13.61,1.7,0.18,0,15.49,7/28/15,8/3/15,1
20150721,IV,67.93,32.07,13.87,1.65,0.28,0,15.8,7/21/15,7/27/15,1
20150714,IV,71.25,28.75,12.11,1.85,0.28,0,14.24,7/14/15,7/20/15,1
20150707,IV,71.63,28.37,11.75,1.42,0.22,0,13.39,7/7/15,7/13/15,1
20150630,IV,61.81,38.19,12.46,1.21,0,0,13.67,6/30/15,7/6/15,1
20150623,IV,58.85,41.15,10.69,1.27,0,0,11.96,6/23/15,6/29/15,1
20150616,IV,67.48,32.52,7.81,0.19,0,0,8,6/16/15,6/22/15,1
20150609,IV,73.99,26.01,2.08,0.19,0,0,2.27,6/9/15,6/15/15,1
20150602,IV,71.41,28.59,2.66,0.19,0,0,2.85,6/2/15,6/8/15,1
20150526,IV,61.89,38.11,1.46,0,0,0,1.46,5/26/15,6/1/15,1
20150519,IV,82.47,17.53,0.95,0,0,0,0.95,5/19/15,5/25/15,1
20150512,IV,84.14,15.86,0.5,0,0,0,0.5,5/12/15,5/18/15,1
20150505,IV,89.52,10.48,0.5,0,0,0,0.5,5/5/15,5/11/15,1
20150428,IV,90.91,9.09,0.77,0,0,0,0.77,4/28/15,5/4/15,1
20150421,IV,89.21,10.79,1.67,0.75,0,0,2.42,4/21/15,4/27/15,1
20150414,IV,70.17,29.83,3.53,0.46,0,0,3.99,4/14/15,4/20/15,1
20150407,IV,69.03,30.97,4.63,0.56,0,0,5.19,4/7/15,4/13/15,1
20150331,IV,73.08,26.92,3.73,0.13,0,0,3.86,3/31/15,4/6/15,1
20150324,IV,79.18,20.82,2.76,0.16,0,0,2.92,3/24/15,3/30/15,1
20150317,IV,76.74,23.26,3.56,0,0,0,3.56,3/17/15,3/23/15,1
20150310,IV,78.47,21.53,4.49,0,0,0,4.49,3/10/15,3/16/15,1
20150303,IV,72.53,27.47,5.88,0,0,0,5.88,3/3/15,3/9/15,1
20150224,IV,64.27,35.73,8.36,0,0,0,8.36,2/24/15,3/2/15,1
20150217,IV,56.09,43.91,11.75,1.54,0,0,13.29,2/17/15,2/23/15,1
20150210,IV,66.44,33.56,9.43,1.54,0,0,10.97,2/10/15,2/16/15,1
20150203,IV,73.84,26.16,5.74,0.11,0,0,5.85,2/3/15,2/9/15,1
20150127,IV,76.52,23.48,4.73,0,0,0,4.73,1/27/15,2/2/15,1
20150120,IV,81.5,18.5,4.08,0,0,0,4.08,1/20/15,1/26/15,1
20150113,IV,86.39,13.61,3.39,0,0,0,3.39,1/13/15,1/19/15,1
20150106,IV,87.94,12.06,1.11,0,0,0,1.11,1/6/15,1/12/15,1
20141230,IV,82.68,17.32,1.53,0,0,0,1.53,12/30/14,1/5/15,1
20141223,IV,62.13,37.87,10.38,1.59,0,0,11.97,12/23/14,12/29/14,1
20141216,IV,62.75,37.25,9.89,1.71,0,0,11.6,12/16/14,12/22/14,1
20141209,IV,71.38,28.62,7.56,0.84,0,0,8.4,12/9/14,12/15/14,1
20141202,IV,73.79,26.21,4.54,0.47,0,0,5.01,12/2/14,12/8/14,1
20141125,IV,72.56,27.44,4.11,0.22,0,0,4.33,11/25/14,12/1/14,1
20141118,IV,59.59,40.41,6.46,0.33,0,0,6.79,11/18/14,11/24/14,1
20141111,IV,57.63,42.37,9.18,0.55,0,0,9.73,11/11/14,11/17/14,1
20141104,IV,64.4,35.6,8.25,0.48,0,0,8.73,11/4/14,11/10/14,1
20141028,IV,68.96,31.04,5.01,0.48,0,0,5.49,10/28/14,11/3/14,1
20141021,IV,76.58,23.42,5.01,0.48,0,0,5.49,10/21/14,10/27/14,1
20141014,IV,77.08,22.92,4.99,0.48,0,0,5.47,10/14/14,10/20/14,1
20141007,IV,68.4,31.6,6.91,0.91,0,0,7.82,10/7/14,10/13/14,1
20140930,IV,63.27,36.73,7.12,0.91,0,0,8.03,9/30/14,10/6/14,1
20140923,IV,71.8,28.2,4.99,1.03,0,0,6.02,9/23/14,9/29/14,1
20140916,IV,72.75,27.25,4.8,1.51,0,0,6.31,9/16/14,9/22/14,1
20140909,IV,72.7,27.3,4.8,1.65,0,0,6.45,9/9/14,9/15/14,1
20140902,IV,67.69,32.31,6.97,1.77,0,0,8.74,9/2/14,9/8/14,1
20140826,IV,73.5,26.5,6.29,1.26,0,0,7.55,8/26/14,9/1/14,1
20140819,IV,76.08,23.92,4.22,0.5,0,0,4.72,8/19/14,8/25/14,1
20140812,IV,78.08,21.92,4.05,0,0,0,4.05,8/12/14,8/18/14,1
20140805,IV,75.71,24.29,3.45,0,0,0,3.45,8/5/14,8/11/14,1
20140729,IV,74.9,25.1,1.98,0,0,0,1.98,7/29/14,8/4/14,1
20140722,IV,79.19,20.81,0,0,0,0,0,7/22/14,7/28/14,1
20140715,IV,74.69,25.31,1.25,0,0,0,1.25,7/15/14,7/21/14,1
20140708,IV,80.74,19.26,1.25,0,0,0,1.25,7/8/14,7/14/14,1
20140701,IV,86.61,13.39,0.88,0,0,0,0.88,7/1/14,7/7/14,1
20140624,IV,84.77,15.23,1.06,0,0,0,1.06,6/24/14,6/30/14,1
20140617,IV,87.82,12.18,1.06,0,0,0,1.06,6/17/14,6/23/14,1
20140610,IV,87.18,12.82,1.15,0,0,0,1.15,6/10/14,6/16/14,1
20140603,IV,84.35,15.65,1.17,0,0,0,1.17,6/3/14,6/9/14,1
20140527,IV,88.94,11.06,1.16,0,0,0,1.16,5/27/14,6/2/14,1
20140520,IV,89.52,10.48,0.57,0,0,0,0.57,5/20/14,5/26/14,1
20140513,IV,88.7,11.3,0.85,0,0,0,0.85,5/13/14,5/19/14,1
20140506,IV,90.97,9.03,0,0,0,0,0,5/6/14,5/12/14,1
20140429,IV,95.71,4.29,0,0,0,0,0,4/29/14,5/5/14,1
20140422,IV,91.77,8.23,0.8,0,0,0,0.8,4/22/14,4/28/14,1
20140415,IV,95.05,4.95,1.41,0,0,0,1.41,4/15/14,4/21/14,1
20140408,IV,96.99,3.01,1.41,0,0,0,1.41,4/8/14,4/14/14,1
20140401,IV,87.8,12.2,2.51,0,0,0,2.51,4/1/14,4/7/14,1
20140325,IV,90.44,9.56,2.51,0,0,0,2.51,3/25/14,3/31/14,1
20140318,IV,92.14,7.86,0,0,0,0,0,3/18/14,3/24/14,1
20140311,IV,93.24,6.76,0,0,0,0,0,3/11/14,3/17/14,1
20140304,IV,98.04,1.96,0,0,0,0,0,3/4/14,3/10/14,1
20140225,IV,97.55,2.45,0,0,0,0,0,2/25/14,3/3/14,1
20140218,IV,97.44,2.56,0,0,0,0,0,2/18/14,2/24/14,1
20140211,IV,95.49,4.51,0,0,0,0,0,2/11/14,2/17/14,1
20140204,IV,90.82,9.18,0.19,0,0,0,0.19,2/4/14,2/10/14,1
20140128,IV,83.13,16.87,0,0,0,0,0,1/28/14,2/3/14,1
20140121,IV,95.73,4.27,0,0,0,0,0,1/21/14,1/27/14,1
20140114,IV,96.36,3.64,0,0,0,0,0,1/14/14,1/20/14,1
20140107,IV,93.22,6.78,0,0,0,0,0,1/7/14,1/13/14,1
20131231,IV,93.81,6.19,0,0,0,0,0,12/31/13,1/6/14,1
20131224,IV,79.25,20.75,0.36,0,0,0,0.36,12/24/13,12/30/13,1
20131217,IV,70.22,29.78,0.89,0,0,0,0.89,12/17/13,12/23/13,1
20131210,IV,72.13,27.87,0.18,0,0,0,0.18,12/10/13,12/16/13,1
20131203,IV,69.85,30.15,0.18,0,0,0,0.18,12/3/13,12/9/13,1
20131126,IV,66.27,33.73,0.09,0,0,0,0.09,11/26/13,12/2/13,1
20131119,IV,55.59,44.41,1.77,0,0,0,1.77,11/19/13,11/25/13,1
20131112,IV,68.63,31.37,1.77,0,0,0,1.77,11/12/13,11/18/13,1
20131105,IV,70.29,29.71,1.08,0,0,0,1.08,11/5/13,11/11/13,1
20131029,IV,75.16,24.84,2.23,0.25,0,0,2.48,10/29/13,11/4/13,1
20131022,IV,84.61,15.39,2.55,0.25,0,0,2.8,10/22/13,10/28/13,1
20131015,IV,92.31,7.69,2.72,0.25,0,0,2.97,10/15/13,10/21/13,1
20131008,IV,89.8,10.2,2.75,0.48,0,0,3.23,10/8/13,10/14/13,1
20131001,IV,89.33,10.67,2.75,0.58,0.04,0,3.37,10/1/13,10/7/13,1
20130924,IV,90.96,9.04,3.87,1.05,0,0,4.92,9/24/13,9/30/13,1
20130917,IV,86.66,13.34,6.67,3.5,0.15,0,10.32,9/17/13,9/23/13,1
20130910,IV,91.26,8.74,3.65,2.07,0,0,5.72,9/10/13,9/16/13,1
20130903,IV,94.09,5.91,2.92,1.29,0,0,4.21,9/3/13,9/9/13,1
20130827,IV,94.32,5.68,2.53,1.28,0,0,3.81,8/27/13,9/2/13,1
20130820,IV,94.27,5.73,0.67,0,0,0,0.67,8/20/13,8/26/13,1
20130813,IV,94.1,5.9,0.67,0,0,0,0.67,8/13/13,8/19/13,1
20130806,IV,93.42,6.58,0.67,0,0,0,0.67,8/6/13,8/12/13,1
20130730,IV,93.44,6.56,0.67,0,0,0,0.67,7/30/13,8/5/13,1
20130723,IV,93.44,6.56,0.44,0,0,0,0.44,7/23/13,7/29/13,1
20130716,IV,98.44,1.56,0,0,0,0,0,7/16/13,7/22/13,1
20130709,IV,99.05,0.95,0,0,0,0,0,7/9/13,7/15/13,1
20130702,IV,97.23,2.77,0,0,0,0,0,7/2/13,7/8/13,1
20130625,IV,93.46,6.54,0,0,0,0,0,6/25/13,7/1/13,1
20130618,IV,93.44,6.56,0,0,0,0,0,6/18/13,6/24/13,1
20130611,IV,93.7,6.3,0,0,0,0,0,6/11/13,6/17/13,1
20130604,IV,87.02,12.98,1.46,0,0,0,1.46,6/4/13,6/10/13,1
20130528,IV,88.1,11.9,2.22,0.5,0,0,2.72,5/28/13,6/3/13,1
20130521,IV,90.32,9.68,1.55,0.5,0,0,2.05,5/21/13,5/27/13,1
20130514,IV,91.13,8.87,1.55,0.5,0,0,2.05,5/14/13,5/20/13,1
20130507,IV,91.57,8.43,1.55,0.5,0,0,2.05,5/7/13,5/13/13,1
20130430,IV,84,16,4.62,1.36,0,0,5.98,4/30/13,5/6/13,1
20130423,IV,80.83,19.17,6.38,1.36,0,0,7.74,4/23/13,4/29/13,1
20130416,IV,77.26,22.74,7.45,0.73,0,0,8.18,4/16/13,4/22/13,1
20130409,IV,74.51,25.49,10.17,0.93,0,0,11.1,4/9/13,4/15/13,1
20130402,IV,71.79,28.21,14.55,0.93,0,0,15.48,4/2/13,4/8/13,1
20130326,IV,72.38,27.62,13.13,0.93,0,0,14.06,3/26/13,4/1/13,1
20130319,IV,64.61,35.39,17.66,4.86,0,0,22.52,3/19/13,3/25/13,1
20130312,IV,65.71,34.29,17.94,5.07,0,0,23.01,3/12/13,3/18/13,1
20130305,IV,64.65,35.35,18.18,5.05,0,0,23.23,3/5/13,3/11/13,1
20130226,IV,64.83,35.17,20.73,6.12,0,0,26.85,2/26/13,3/4/13,1
20130219,IV,54.16,45.84,33.55,15.25,5.17,0,53.97,2/19/13,2/25/13,1
20130212,IV,54.05,45.95,30.17,17.03,6.07,0,53.27,2/12/13,2/18/13,1
20130205,IV,46.73,53.27,31.91,20.7,8.92,1.87,63.4,2/5/13,2/11/13,1
20130129,IV,46.38,53.62,31.22,20.02,8.96,1.87,62.07,1/29/13,2/4/13,1
20130122,IV,49.68,50.32,26.99,14.63,6.54,1.66,49.82,1/22/13,1/28/13,1
20130115,IV,48.53,51.47,30.84,15.14,6.83,1.66,54.47,1/15/13,1/21/13,1
20130108,IV,42.92,57.08,31.33,15.52,7.24,1.6,55.69,1/8/13,1/14/13,1
20130101,IV,43.05,56.95,31.84,15.71,7.29,1.6,56.44,1/1/13,1/7/13,1
20121225,IV,37.28,62.72,35.62,17.1,7.36,2.61,62.69,12/25/12,12/31/12,1
20121218,IV,38.48,61.52,35.37,17.37,7.53,2.61,62.88,12/18/12,12/24/12,1
20121211,IV,38.04,61.96,35.43,16.31,7.55,2.61,61.9,12/11/12,12/17/12,1
20121204,IV,31.59,68.41,37.61,16.8,7.45,2.61,64.47,12/4/12,12/10/12,1
20121127,IV,39.62,60.38,35.84,15.16,6.75,2.61,60.36,11/27/12,12/3/12,1
20121120,IV,48.93,51.07,24.69,12.18,6.13,2.61,45.61,11/20/12,11/26/12,1
20121113,IV,52.68,47.32,21.17,11.09,5.32,2.61,40.19,11/13/12,11/19/12,1
20121106,IV,56.93,43.07,21.33,11.28,5.21,2.68,40.5,11/6/12,11/12/12,1
20121030,IV,63.35,36.65,16.62,9.72,4.56,1.56,32.46,10/30/12,11/5/12,1
20121023,IV,67.57,32.43,15.08,9.62,4.74,1.56,31,10/23/12,10/29/12,1
20121016,IV,68.12,31.88,14.99,9.49,4.65,1.55,30.68,10/16/12,10/22/12,1
20121009,IV,72.38,27.62,15.34,9.6,4.79,1.41,31.14,10/9/12,10/15/12,1
20121002,IV,69.8,30.2,18.09,11.45,4.79,1.41,35.74,10/2/12,10/8/12,1
20120925,IV,66.18,33.82,19.53,12.77,7.28,2.68,42.26,9/25/12,10/1/12,1
20120918,IV,63.84,36.16,19.51,12.77,7.23,2.51,42.02,9/18/12,9/24/12,1
20120911,IV,61.2,38.8,19.59,12.83,7.23,2.63,42.28,9/11/12,9/17/12,1
20120904,IV,64.52,35.48,21.15,14.69,9.03,3.11,47.98,9/4/12,9/10/12,1
20120828,IV,59.58,40.42,24.72,14.94,10.1,3.47,53.23,8/28/12,9/3/12,1
20120821,IV,57.33,42.67,24.98,15.28,10.74,3.47,54.47,8/21/12,8/27/12,1
20120814,IV,55.35,44.65,25.14,16.71,11.08,4.27,57.2,8/14/12,8/20/12,1
20120807,IV,52.31,47.69,30.3,20.43,12.45,5.62,68.8,8/7/12,8/13/12,1
20120731,IV,42.99,57.01,37.82,21.66,12.65,5.7,77.83,7/31/12,8/6/12,1
20120724,IV,38.53,61.47,42.83,23,12.42,5.47,83.72,7/24/12,7/30/12,1
20120717,IV,32.47,67.53,45.88,26.03,11.71,4.29,87.91,7/17/12,7/23/12,1
20120710,IV,28.89,71.11,48.34,28.64,11.94,3.81,92.73,7/10/12,7/16/12,1
20120703,IV,29.07,70.93,46.82,29.55,11.56,3.27,91.2,7/3/12,7/9/12,1
20120626,IV,31.8,68.2,39.53,19.78,9.71,3.27,72.29,6/26/12,7/2/12,1
20120619,IV,33.74,66.26,35.81,19.6,8.16,2.3,65.87,6/19/12,6/25/12,1
20120612,IV,43.37,56.63,33.36,19.72,6.61,2.2,61.89,6/12/12,6/18/12,1
20120605,IV,34.47,65.53,40.57,28.4,13.99,4.51,87.47,6/5/12,6/11/12,1
20120529,IV,26.82,73.18,46.08,31.13,18.61,4.72,100.54,5/29/12,6/4/12,1
20120522,IV,30.18,69.82,45.79,31.74,22.57,6.79,106.89,5/22/12,5/28/12,1
20120515,IV,30.88,69.12,47.17,34.56,22.68,6.9,111.31,5/15/12,5/21/12,1
20120508,IV,26.28,73.72,53.16,35.35,23.1,6.51,118.12,5/8/12,5/14/12,1
20120501,IV,26.02,73.98,54.09,35.99,23.51,6.4,119.99,5/1/12,5/7/12,1
20120424,IV,31.59,68.41,47.82,32.41,20.86,5.43,106.52,4/24/12,4/30/12,1
20120417,IV,33.97,66.03,48.17,33.11,21.03,5.43,107.74,4/17/12,4/23/12,1
20120410,IV,34.94,65.06,47.18,30.39,19.28,4.02,100.87,4/10/12,4/16/12,1
20120403,IV,37.16,62.84,44.78,27.95,15.91,2.53,91.17,4/3/12,4/9/12,1
20120327,IV,44.37,55.63,44.78,27.32,15.15,1.41,88.66,3/27/12,4/2/12,1
20120320,IV,43.05,56.95,49.12,27.35,15.18,1.41,93.06,3/20/12,3/26/12,1
20120313,IV,43.7,56.3,47.18,25.1,14.49,1.23,88,3/13/12,3/19/12,1
20120306,IV,44.47,55.53,45.43,24.7,14.49,1.23,85.85,3/6/12,3/12/12,1
20120228,IV,44.47,55.53,45.01,28.1,18.46,6.18,97.75,2/28/12,3/5/12,1
20120221,IV,45.42,54.58,45.74,29.89,18.52,6.18,100.33,2/21/12,2/27/12,1
20120214,IV,44.48,55.52,46.8,31.09,21.24,7.92,107.05,2/14/12,2/20/12,1
20120207,IV,45.18,54.82,45.43,29.17,18.13,5.44,98.17,2/7/12,2/13/12,1
20120131,IV,45.7,54.3,43.63,27.28,15.48,2.83,89.22,1/31/12,2/6/12,1
20120124,IV,47.09,52.91,42.27,24.54,14.74,0.93,82.48,1/24/12,1/30/12,1
20120117,IV,44.92,55.08,41.95,25.76,18,1.14,86.85,1/17/12,1/23/12,1
20120110,IV,45.2,54.8,39.37,22.8,14.62,0,76.79,1/10/12,1/16/12,1
20120103,IV,47.55,52.45,36.46,21.84,14.24,0,72.54,1/3/12,1/9/12,1
20111227,IV,52.23,47.77,34.51,21.79,14.24,0,70.54,12/27/11,1/2/12,1
20111220,IV,48.24,51.76,34.94,23.56,15.18,0,73.68,12/20/11,12/26/11,1
20111213,IV,49.31,50.69,34.08,22.99,13.76,0,70.83,12/13/11,12/19/11,1
20111206,IV,52.06,47.94,34.85,23.81,14.77,0,73.43,12/6/11,12/12/11,1
20111129,IV,55.39,44.61,33.36,23.53,14.53,0,71.42,11/29/11,12/5/11,1
20111122,IV,44.84,55.16,39.67,26.1,18,0,83.77,11/22/11,11/28/11,1
20111115,IV,43.19,56.81,40.47,26.49,18.19,0,85.15,11/15/11,11/21/11,1
20111108,IV,43.59,56.41,39.93,25.92,17.5,0,83.35,11/8/11,11/14/11,1
20111101,IV,46.8,53.2,35.92,24.96,16.32,0,77.2,11/1/11,11/7/11,1
20111025,IV,48.52,51.48,33.61,23.8,16.32,0,73.73,10/25/11,10/31/11,1
20111018,IV,49.15,50.85,34.66,24.28,16.58,0,75.52,10/18/11,10/24/11,1
20111011,IV,48.25,51.75,34.46,24.8,17.56,0,76.82,10/11/11,10/17/11,1
20111004,IV,51.47,48.53,32.98,24.95,18.27,0,76.2,10/4/11,10/10/11,1
20110927,IV,50.97,49.03,32.91,24.19,17.87,0,74.97,9/27/11,10/3/11,1
20110920,IV,44.83,55.17,38.63,24.76,18.39,0,81.78,9/20/11,9/26/11,1
20110913,IV,45.01,54.99,37.18,24.53,18.55,0,80.26,9/13/11,9/19/11,1
20110906,IV,45.2,54.8,36.94,23.48,16.83,0,77.25,9/6/11,9/12/11,1
20110830,IV,19.36,80.64,51.73,30.79,17.44,0,99.96,8/30/11,9/5/11,1
20110823,IV,25.99,74.01,45.92,26.66,9.85,0,82.43,8/23/11,8/29/11,1
20110816,IV,26.49,73.51,44.61,26.97,9.72,0,81.3,8/16/11,8/22/11,1
20110809,IV,30.12,69.88,48.78,32.07,14.68,0.68,96.21,8/9/11,8/15/11,1
20110802,IV,28.97,71.03,49.67,32.98,16.83,0.71,100.19,8/2/11,8/8/11,1
20110726,IV,33.55,66.45,48.26,32.29,18.07,1.38,100,7/26/11,8/1/11,1
20110719,IV,37.24,62.76,48.73,33.07,19.26,1.48,102.54,7/19/11,7/25/11,1
20110712,IV,31.43,68.57,52.29,36.26,23.96,9.57,122.08,7/12/11,7/18/11,1
20110705,IV,29.1,70.9,56.95,38.73,26.59,11.34,133.61,7/5/11,7/11/11,1
20110628,IV,28.67,71.33,53.01,37.43,24.95,12.22,127.61,6/28/11,7/4/11,1
20110621,IV,27.54,72.46,53.55,37.99,25.37,12.49,129.4,6/21/11,6/27/11,1
20110614,IV,26.69,73.31,51.36,34.41,19.66,4.48,109.91,6/14/11,6/20/11,1
20110607,IV,31.07,68.93,48.93,31.37,17.41,2.07,99.78,6/7/11,6/13/11,1
20110531,IV,37.74,62.26,41.28,28.34,15.78,0.35,85.75,5/31/11,6/6/11,1
20110524,IV,38.12,61.88,39.85,24.48,8.68,0,73.01,5/24/11,5/30/11,1
20110517,IV,42.91,57.09,37.92,23.24,6.77,0,67.93,5/17/11,5/23/11,1
20110510,IV,43.18,56.82,36.45,19.09,4.51,0,60.05,5/10/11,5/16/11,1
20110503,IV,45.04,54.96,36.42,12.32,2.97,0,51.71,5/3/11,5/9/11,1
20110426,IV,43.47,56.53,36.04,12.21,2.34,0,50.59,4/26/11,5/2/11,1
20110419,IV,43.03,56.97,35.75,12.99,2.34,0,51.08,4/19/11,4/25/11,1
20110412,IV,42.64,57.36,38.25,13.11,3.5,0,54.86,4/12/11,4/18/11,1
20110405,IV,42.1,57.9,38.59,12.03,3.38,0,54,4/5/11,4/11/11,1
20110329,IV,34.89,65.11,41.22,18.01,4.75,0,63.98,3/29/11,4/4/11,1
20110322,IV,28.03,71.97,47.88,17.85,4.44,0,70.17,3/22/11,3/28/11,1
20110315,IV,29.14,70.86,45.63,17.44,3.51,0,66.58,3/15/11,3/21/11,1
20110308,IV,22.83,77.17,61.77,17.9,3.65,0,83.32,3/8/11,3/14/11,1
20110301,IV,14.69,85.31,67.22,23.63,3.36,0,94.21,3/1/11,3/7/11,1
20110222,IV,12.6,87.4,69.32,23.5,2.54,0,95.36,2/22/11,2/28/11,1
20110215,IV,12.73,87.27,56.74,21.08,2.53,0,80.35,2/15/11,2/21/11,1
20110208,IV,21.25,78.75,53.69,21.08,2.53,0,77.3,2/8/11,2/14/11,1
20110201,IV,14.41,85.59,59.12,27.68,3.71,0,90.51,2/1/11,2/7/11,1
20110125,IV,12.53,87.47,60.04,22.2,4.84,0,87.08,1/25/11,1/31/11,1
20110118,IV,12.53,87.47,59.83,23.12,5.66,0,88.61,1/18/11,1/24/11,1
20110111,IV,17.81,82.19,58.37,23.12,5.66,0,87.15,1/11/11,1/17/11,1
20110104,IV,19.28,80.72,54.03,22.08,4.93,0,81.04,1/4/11,1/10/11,1
20101228,IV,17.25,82.75,55.91,23.88,4.72,0,84.51,12/28/10,1/3/11,1
20101221,IV,19.4,80.6,52.71,20.35,4.89,0,77.95,12/21/10,12/27/10,1
20101214,IV,18.26,81.74,51.99,18.58,4.58,0,75.15,12/14/10,12/20/10,1
20101207,IV,14.66,85.34,54.62,19.89,4.39,0,78.9,12/7/10,12/13/10,1
20101130,IV,9.53,90.47,59.47,21.76,2.43,0,83.66,11/30/10,12/6/10,1
20101123,IV,14.96,85.04,58.3,26.16,2.65,0,87.11,11/23/10,11/29/10,1
20101116,IV,16.47,83.53,51.2,22.7,3.43,0,77.33,11/16/10,11/22/10,1
20101109,IV,17.72,82.28,53.9,26.29,4.32,0,84.51,11/9/10,11/15/10,1
20101102,IV,17.72,82.28,54.7,28.16,4.43,0,87.29,11/2/10,11/8/10,1
20101026,IV,22.17,77.83,52.67,24.17,3.72,0,80.56,10/26/10,11/1/10,1
20101019,IV,23.71,76.29,51.8,21.63,2.82,0,76.25,10/19/10,10/25/10,1
20101012,IV,27.3,72.7,44.66,14.2,1.25,0,60.11,10/12/10,10/18/10,1
20101005,IV,32.28,67.72,35.89,6.04,0.61,0,42.54,10/5/10,10/11/10,1
20100928,IV,21.28,78.72,37.92,5.87,0.61,0,44.4,9/28/10,10/4/10,1
20100921,IV,22.9,77.1,37.92,6.51,0.61,0,45.04,9/21/10,9/27/10,1
20100914,IV,40.34,59.66,22.36,2.89,0.01,0,25.26,9/14/10,9/20/10,1
20100907,IV,59.59,40.41,11.73,1.14,0.01,0,12.88,9/7/10,9/13/10,1
20100831,IV,65.37,34.63,9.79,0.71,0.01,0,10.51,8/31/10,9/6/10,1
20100824,IV,66.87,33.13,9.89,0.71,0.01,0,10.61,8/24/10,8/30/10,1
20100817,IV,48.48,51.52,13.94,0.81,0.01,0,14.76,8/17/10,8/23/10,1
20100810,IV,51.49,48.51,15.04,1.33,0.15,0,16.52,8/10/10,8/16/10,1
20100803,IV,58.31,41.69,12.23,1.33,0.15,0,13.71,8/3/10,8/9/10,1
20100727,IV,58.69,41.31,9.26,1.3,0.08,0,10.64,7/27/10,8/2/10,1
20100720,IV,60.87,39.13,3.6,0.12,0,0,3.72,7/20/10,7/26/10,1
20100713,IV,69.14,30.86,3.62,0.11,0,0,3.73,7/13/10,7/19/10,1
20100706,IV,72.04,27.96,3.62,0.11,0,0,3.73,7/6/10,7/12/10,1
20100629,IV,84.98,15.02,1.11,0.2,0,0,1.31,6/29/10,7/5/10,1
20100622,IV,89.34,10.66,0.47,0,0,0,0.47,6/22/10,6/28/10,1
20100615,IV,92.54,7.46,0.44,0,0,0,0.44,6/15/10,6/21/10,1
20100608,IV,92.98,7.02,0.44,0,0,0,0.44,6/8/10,6/14/10,1
20100601,IV,93.09,6.91,1.25,0,0,0,1.25,6/1/10,6/7/10,1
20100525,IV,93.06,6.94,0.21,0,0,0,0.21,5/25/10,5/31/10,1
20100518,IV,88.22,11.78,0.24,0,0,0,0.24,5/18/10,5/24/10,1
20100511,IV,83.05,16.95,0.41,0,0,0,0.41,5/11/10,5/17/10,1
20100504,IV,84.55,15.45,0.18,0,0,0,0.18,5/4/10,5/10/10,1
20100427,IV,73.59,26.41,1.43,0,0,0,1.43,4/27/10,5/3/10,1
20100420,IV,78.84,21.16,1.43,0,0,0,1.43,4/20/10,4/26/10,1
20100413,IV,84.35,15.65,1.02,0,0,0,1.02,4/13/10,4/19/10,1
20100406,IV,90.96,9.04,0,0,0,0,0,4/6/10,4/12/10,1
20100330,IV,95.99,4.01,0,0,0,0,0,3/30/10,4/5/10,1
20100323,IV,96.75,3.25,0,0,0,0,0,3/23/10,3/29/10,1
20100316,IV,94.61,5.39,0,0,0,0,0,3/16/10,3/22/10,1
20100309,IV,84.58,15.42,0,0,0,0,0,3/9/10,3/15/10,1
20100302,IV,99.24,0.76,0,0,0,0,0,3/2/10,3/8/10,1
20100223,IV,100,0,0,0,0,0,0,2/23/10,3/1/10,1
20100216,IV,100,0,0,0,0,0,0,2/16/10,2/22/10,1
20100209,IV,100,0,0,0,0,0,0,2/9/10,2/15/10,1
20100202,IV,100,0,0,0,0,0,0,2/2/10,2/8/10,1
20100126,IV,100,0,0,0,0,0,0,1/26/10,2/1/10,1
20100119,IV,99.6,0.4,0,0,0,0,0,1/19/10,1/25/10,1
20100112,IV,99.6,0.4,0,0,0,0,0,1/12/10,1/18/10,1
20100105,IV,99.6,0.4,0,0,0,0,0,1/5/10,1/11/10,1
20091229,IV,99.54,0.46,0,0,0,0,0,12/29/09,1/4/10,1
20091222,IV,98.78,1.22,0,0,0,0,0,12/22/09,12/28/09,1
20091215,IV,97.87,2.13,0.43,0,0,0,0.43,12/15/09,12/21/09,1
20091208,IV,97.28,2.72,0.43,0,0,0,0.43,12/8/09,12/14/09,1
20091201,IV,93.76,6.24,1.26,0,0,0,1.26,12/1/09,12/7/09,1
20091124,IV,91.97,8.03,1.12,0,0,0,1.12,11/24/09,11/30/09,1
20091117,IV,89.48,10.52,0.72,0,0,0,0.72,11/17/09,11/23/09,1
20091110,IV,84.77,15.23,5.12,0.37,0,0,5.49,11/10/09,11/16/09,1
20091103,IV,84.77,15.23,5.12,0.37,0,0,5.49,11/3/09,11/9/09,1
20091027,IV,84.68,15.32,5.77,0.37,0,0,6.14,10/27/09,11/2/09,1
20091020,IV,85.9,14.1,4.66,0.37,0,0,5.03,10/20/09,10/26/09,1
20091013,IV,84.38,15.62,3.01,0.37,0,0,3.38,10/13/09,10/19/09,1
20091006,IV,88.18,11.82,4.14,0.74,0,0,4.88,10/6/09,10/12/09,1
20090929,IV,86.98,13.02,5.55,1.1,0,0,6.65,9/29/09,10/5/09,1
20090922,IV,83.89,16.11,7.41,1.27,0,0,8.68,9/22/09,9/28/09,1
20090915,IV,81.87,18.13,7.74,0.11,0,0,7.85,9/15/09,9/21/09,1
20090908,IV,79.64,20.36,3.06,0,0,0,3.06,9/8/09,9/14/09,1
20090901,IV,82.57,17.43,2.63,0,0,0,2.63,9/1/09,9/7/09,1
20090825,IV,75.71,24.29,2.43,0,0,0,2.43,8/25/09,8/31/09,1
20090818,IV,73,27,1.56,0,0,0,1.56,8/18/09,8/24/09,1
20090811,IV,75.33,24.67,0.77,0,0,0,0.77,8/11/09,8/17/09,1
20090804,IV,75.33,24.67,0.77,0,0,0,0.77,8/4/09,8/10/09,1
20090728,IV,70.69,29.31,1.48,0,0,0,1.48,7/28/09,8/3/09,1
20090721,IV,67.37,32.63,2.86,0,0,0,2.86,7/21/09,7/27/09,1
20090714,IV,72.14,27.86,2.18,0,0,0,2.18,7/14/09,7/20/09,1
20090707,IV,72.4,27.6,2.18,0,0,0,2.18,7/7/09,7/13/09,1
20090630,IV,86.46,13.54,0.69,0,0,0,0.69,6/30/09,7/6/09,1
20090623,IV,94.6,5.4,0.01,0,0,0,0.01,6/23/09,6/29/09,1
20090616,IV,97.94,2.06,0,0,0,0,0,6/16/09,6/22/09,1
20090609,IV,97.9,2.1,0,0,0,0,0,6/9/09,6/15/09,1
20090602,IV,96.36,3.64,0.52,0,0,0,0.52,6/2/09,6/8/09,1
20090526,IV,92.65,7.35,1.43,0,0,0,1.43,5/26/09,6/1/09,1
20090519,IV,87.94,12.06,6.58,4.72,0.75,0,12.05,5/19/09,5/25/09,1
20090512,IV,81.63,18.37,9.23,8.52,4.44,0,22.19,5/12/09,5/18/09,1
20090505,IV,79.19,20.81,11.03,7.07,1.69,0,19.79,5/5/09,5/11/09,1
20090428,IV,76.03,23.97,11.68,7.07,1.33,0,20.08,4/28/09,5/4/09,1
20090421,IV,80.5,19.5,11.68,5.78,1.15,0,18.61,4/21/09,4/27/09,1
20090414,IV,80.12,19.88,12.14,6.7,0.57,0,19.41,4/14/09,4/20/09,1
20090407,IV,76.46,23.54,14.83,6.42,0,0,21.25,4/7/09,4/13/09,1
20090331,IV,58.45,41.55,24.44,6.18,0,0,30.62,3/31/09,4/6/09,1
20090324,IV,29.49,70.51,30.95,9.04,0,0,39.99,3/24/09,3/30/09,1
20090317,IV,30.86,69.14,31.88,9.04,1.21,0,42.13,3/17/09,3/23/09,1
20090310,IV,27.36,72.64,31.38,7.52,1.21,0,40.11,3/10/09,3/16/09,1
20090303,IV,30.6,69.4,31.37,5.46,1.21,0,38.04,3/3/09,3/9/09,1
20090224,IV,31.52,68.48,30.83,5.46,1.42,0,37.71,2/24/09,3/2/09,1
20090217,IV,31.52,68.48,21.98,4.64,1.42,0,28.04,2/17/09,2/23/09,1
20090210,IV,35.16,64.84,15.08,3.52,1.23,0,19.83,2/10/09,2/16/09,1
20090203,IV,63.87,36.13,10.41,3.52,1.23,0,15.16,2/3/09,2/9/09,1
20090127,IV,57.87,42.13,9.2,3.2,1.29,0,13.69,1/27/09,2/2/09,1
20090120,IV,63.52,36.48,8.58,3.2,1.29,0,13.07,1/20/09,1/26/09,1
20090113,IV,63.52,36.48,9,2.95,1.29,0,13.24,1/13/09,1/19/09,1
20090106,IV,62.7,37.3,20.12,4.06,2.1,0,26.28,1/6/09,1/12/09,1
20081230,IV,67.3,32.7,19.89,5.27,2.32,0,27.48,12/30/08,1/5/09,1
20081223,IV,63.43,36.57,21.9,9.16,3.27,0,34.33,12/23/08,12/29/08,1
20081216,IV,63.43,36.57,21.9,9.93,3.63,0,35.46,12/16/08,12/22/08,1
20081209,IV,45.46,54.54,31.67,19.68,10.4,3.87,65.62,12/9/08,12/15/08,1
20081202,IV,39.52,60.48,34.43,20.5,11.38,4.09,70.4,12/2/08,12/8/08,1
20081125,IV,40.87,59.13,35.31,23.11,11.18,4.09,73.69,11/25/08,12/1/08,1
20081118,IV,48.51,51.49,32.97,22.52,9.58,3.5,68.57,11/18/08,11/24/08,1
20081111,IV,47.23,52.77,35.53,23.39,9.9,3.5,72.32,11/11/08,11/17/08,1
20081104,IV,47.23,52.77,33.83,23.39,9.9,1.54,68.66,11/4/08,11/10/08,1
20081028,IV,48.37,51.63,33.83,23.39,9.9,0.97,68.09,10/28/08,11/3/08,1
20081021,IV,35.93,64.07,40.44,26.01,10.51,0.98,77.94,10/21/08,10/27/08,1
20081014,IV,36.42,63.58,39.65,26,10.51,0.98,77.14,10/14/08,10/20/08,1
20081007,IV,33.44,66.56,46.72,25.03,8.66,1.42,81.83,10/7/08,10/13/08,1
20080930,IV,33.44,66.56,46.72,25.03,8.66,1.42,81.83,9/30/08,10/6/08,1
20080923,IV,42.12,57.88,39.43,19.38,6.62,1.42,66.85,9/23/08,9/29/08,1
20080916,IV,41.33,58.67,35.89,17.34,6.67,1.14,61.04,9/16/08,9/22/08,1
20080909,IV,41.33,58.67,35.89,18.74,7.44,1.14,63.21,9/9/08,9/15/08,1
20080902,IV,37.33,62.67,39.98,19.33,7.44,1.14,67.89,9/2/08,9/8/08,1
20080826,IV,38.09,61.91,37.24,22.2,10.25,1.14,70.83,8/26/08,9/1/08,1
20080819,IV,30.07,69.93,52.11,33.81,15.29,6.13,107.34,8/19/08,8/25/08,1
20080812,IV,25.3,74.7,53.02,33.09,12.21,4.79,103.11,8/12/08,8/18/08,1
20080805,IV,25.3,74.7,51.33,31.06,11.02,4.79,98.2,8/5/08,8/11/08,1
20080729,IV,25.31,74.69,52.55,30.29,9.8,4.79,97.43,7/29/08,8/4/08,1
20080722,IV,25.31,74.69,52.55,29.44,9.8,4.79,96.58,7/22/08,7/28/08,1
20080715,IV,21.74,78.26,45.54,26.39,9.68,2.15,83.76,7/15/08,7/21/08,1
20080708,IV,19.75,80.25,47.03,28.3,9.68,2.15,87.16,7/8/08,7/14/08,1
20080701,IV,19.16,80.84,47.26,29.86,9.55,2.15,88.82,7/1/08,7/7/08,1
20080624,IV,25.38,74.62,49.19,25,8.75,1.8,84.74,6/24/08,6/30/08,1
20080617,IV,29.53,70.47,49.24,21.33,8,0.71,79.28,6/17/08,6/23/08,1
20080610,IV,27.83,72.17,43.79,21.72,6.27,0,71.78,6/10/08,6/16/08,1
20080603,IV,35.27,64.73,36.61,17.82,3.93,0,58.36,6/3/08,6/9/08,1
20080527,IV,38.9,61.1,33.81,19.93,4.49,0,58.23,5/27/08,6/2/08,1
20080520,IV,37.05,62.95,33.18,19.01,3.66,0,55.85,5/20/08,5/26/08,1
20080513,IV,40.13,59.87,35.38,19.6,6.28,0,61.26,5/13/08,5/19/08,1
20080506,IV,40.84,59.16,35.48,20.24,6.8,0,62.52,5/6/08,5/12/08,1
20080429,IV,41.21,58.79,35.39,19.38,6.52,0,61.29,4/29/08,5/5/08,1
20080422,IV,39.74,60.26,37.8,20.71,6.75,0,65.26,4/22/08,4/28/08,1
20080415,IV,41.98,58.02,35.6,22.27,6.75,0,64.62,4/15/08,4/21/08,1
20080408,IV,44.58,55.42,35.81,22.27,9.25,0,67.33,4/8/08,4/14/08,1
20080401,IV,38.28,61.72,43.83,30.05,15.31,0,89.19,4/1/08,4/7/08,1
20080325,IV,43.37,56.63,43.27,29.86,15.82,0,88.95,3/25/08,3/31/08,1
20080318,IV,39.52,60.48,44.99,33.36,16.94,0.89,96.18,3/18/08,3/24/08,1
20080311,IV,39.02,60.98,44.57,33.25,16.96,3.01,97.79,3/11/08,3/17/08,1
20080304,IV,34.54,65.46,51.02,38.5,22.99,7.11,119.62,3/4/08,3/10/08,1
20080226,IV,30.64,69.36,51.63,39.02,24.23,8.7,123.58,2/26/08,3/3/08,1
20080219,IV,19.31,80.69,56.54,43.2,29.9,16.44,146.08,2/19/08,2/25/08,1
20080212,IV,18.82,81.18,57.28,43.58,31.37,17.15,149.38,2/12/08,2/18/08,1
20080205,IV,18.74,81.26,56.28,43.59,31.35,17.15,148.37,2/5/08,2/11/08,1
20080129,IV,18.19,81.81,58,47.32,33.3,18.23,156.85,1/29/08,2/4/08,1
20080122,IV,20.5,79.5,58.6,46.14,32.12,17.38,154.24,1/22/08,1/28/08,1
20080115,IV,16.94,83.06,60.22,49.11,34.39,17.36,161.08,1/15/08,1/21/08,1
20080108,IV,20.34,79.66,60.74,49.03,36.23,19.32,165.32,1/8/08,1/14/08,1
20080101,IV,22.9,77.1,58.81,48.66,35.96,18.31,161.74,1/1/08,1/7/08,1
20071225,IV,21.73,78.27,61.04,51.52,41.18,29.23,182.97,12/25/07,12/31/07,1
20071218,IV,21.77,78.23,62.16,52.02,41.27,29.23,184.68,12/18/07,12/24/07,1
20071211,IV,20.99,79.01,63.62,52.75,41.27,29.23,186.87,12/11/07,12/17/07,1
20071204,IV,23.55,76.45,62.22,50.28,39.16,25.71,177.37,12/4/07,12/10/07,1
20071127,IV,23.67,76.33,61.49,49.71,37.86,22.84,171.9,11/27/07,12/3/07,1
20071120,IV,19.22,80.78,62.54,50.39,38.01,23.22,174.16,11/20/07,11/26/07,1
20071113,IV,19.22,80.78,61.34,49.45,33.96,21.27,166.02,11/13/07,11/19/07,1
20071106,IV,24.11,75.89,57.33,45.66,31.18,19.24,153.41,11/6/07,11/12/07,1
20071030,IV,26.95,73.05,57.33,44.52,30.35,17.2,149.4,10/30/07,11/5/07,1
20071023,IV,16.97,83.03,71.94,58.27,46.13,31.12,207.46,10/23/07,10/29/07,1
20071016,IV,9.87,90.13,81.99,70.97,59.01,33.93,245.9,10/16/07,10/22/07,1
20071009,IV,13.35,86.65,78.02,67.25,54.59,27.65,227.51,10/9/07,10/15/07,1
20071002,IV,11.31,88.69,75.06,64.43,51.58,26.17,217.24,10/2/07,10/8/07,1
20070925,IV,13.81,86.19,74.21,63.47,49.92,18.02,205.62,9/25/07,10/1/07,1
20070918,IV,12.12,87.88,75.87,64.13,48.71,18.3,207.01,9/18/07,9/24/07,1
20070911,IV,5.77,94.23,80.92,67.84,52.89,22.36,224.01,9/11/07,9/17/07,1
20070904,IV,6.06,93.94,79.75,64.73,47.33,19.11,210.92,9/4/07,9/10/07,1
20070828,IV,2.29,97.71,86.73,70.09,52.22,22.16,231.2,8/28/07,9/3/07,1
20070821,IV,3.01,96.99,86.5,70.08,51.47,22.84,230.89,8/21/07,8/27/07,1
20070814,IV,3.3,96.7,86.08,64.35,36.37,18.63,205.43,8/14/07,8/20/07,1
20070807,IV,4.85,95.15,79.83,49.23,29.09,12.19,170.34,8/7/07,8/13/07,1
20070731,IV,4.93,95.07,80.81,47.99,23.92,5.24,157.96,7/31/07,8/6/07,1
20070724,IV,5.07,94.93,76.61,45.79,20.19,3.18,145.77,7/24/07,7/30/07,1
20070717,IV,6.03,93.97,77.19,45.79,20.19,4.09,147.26,7/17/07,7/23/07,1
20070710,IV,5.43,94.57,76.25,45.47,20.98,4.1,146.8,7/10/07,7/16/07,1
20070703,IV,2.14,97.86,80.49,54.14,29.22,6.13,169.98,7/3/07,7/9/07,1
20070626,IV,1.06,98.94,83.57,58.73,33.74,7.32,183.36,6/26/07,7/2/07,1
20070619,IV,2.03,97.97,83.44,60.03,36.53,9.53,189.53,6/19/07,6/25/07,1
20070612,IV,1.68,98.32,83.38,59.13,26.94,7.09,176.54,6/12/07,6/18/07,1
20070605,IV,1.21,98.79,84.58,47.19,26.36,2.99,161.12,6/5/07,6/11/07,1
20070529,IV,1.09,98.91,86.74,52.06,29.09,0,167.89,5/29/07,6/4/07,1
20070522,IV,2.47,97.53,78.7,50.95,26.98,0,156.63,5/22/07,5/28/07,1
20070515,IV,4.34,95.66,70.69,41.29,20.17,0,132.15,5/15/07,5/21/07,1
20070508,IV,9.6,90.4,66.08,40.09,17.89,0,124.06,5/8/07,5/14/07,1
20070501,IV,18.26,81.74,65.77,38.77,12.88,0,117.42,5/1/07,5/7/07,1
20070424,IV,22.66,77.34,62.28,29.8,6.49,0,98.57,4/24/07,4/30/07,1
20070417,IV,23.73,76.27,46.68,18.53,1.39,0,66.6,4/17/07,4/23/07,1
20070410,IV,6.13,93.87,56.55,15.12,1.79,0,73.46,4/10/07,4/16/07,1
20070403,IV,7.07,92.93,52.43,12.86,1.79,0,67.08,4/3/07,4/9/07,1
20070327,IV,5.92,94.08,37.65,9.23,0.67,0,47.55,3/27/07,4/2/07,1
20070320,IV,16.79,83.21,30.73,2.19,0,0,32.92,3/20/07,3/26/07,1
20070313,IV,26.28,73.72,28.39,1.86,0,0,30.25,3/13/07,3/19/07,1
20070306,IV,56.08,43.92,11.34,0,0,0,11.34,3/6/07,3/12/07,1
20070227,IV,50.68,49.32,15.64,0,0,0,15.64,2/27/07,3/5/07,1
20070220,IV,52.63,47.37,15.25,0,0,0,15.25,2/20/07,2/26/07,1
20070213,IV,61.61,38.39,12.33,0,0,0,12.33,2/13/07,2/19/07,1
20070206,IV,69.99,30.01,5.49,0,0,0,5.49,2/6/07,2/12/07,1
20070130,IV,74.7,25.3,8.5,2.4,0,0,10.9,1/30/07,2/5/07,1
20070123,IV,75.93,24.07,8.5,2.4,0,0,10.9,1/23/07,1/29/07,1
20070116,IV,62.45,37.55,8.59,2.16,0,0,10.75,1/16/07,1/22/07,1
20070109,IV,57.15,42.85,8.06,0.95,0,0,9.01,1/9/07,1/15/07,1
20070102,IV,51.58,48.42,7.71,1.12,0,0,8.83,1/2/07,1/8/07,1
20061226,IV,55.24,44.76,8.35,1.78,0,0,10.13,12/26/06,1/1/07,1