MapDate,StateAbbreviation,None,D0,D1,D2,D3,D4,ValidStart,ValidEnd,StatisticFormatID
20231107,MA,100,0,0,0,0,0,11/7/23,11/13/23,1
20231031,MA,100,0,0,0,0,0,10/31/23,11/6/23,1
20231024,MA,100,0,0,0,0,0,10/24/23,10/30/23,1
20231017,MA,100,0,0,0,0,0,10/17/23,10/23/23,1
20231010,MA,100,0,0,0,0,0,10/10/23,10/16/23,1
20231003,MA,100,0,0,0,0,0,10/3/23,10/9/23,1
20230926,MA,100,0,0,0,0,0,9/26/23,10/2/23,1
20230919,MA,100,0,0,0,0,0,9/19/23,9/25/23,1
20230912,MA,100,0,0,0,0,0,9/12/23,9/18/23,1
20230905,MA,100,0,0,0,0,0,9/5/23,9/11/23,1
20230829,MA,100,0,0,0,0,0,8/29/23,9/4/23,1
20230822,MA,100,0,0,0,0,0,8/22/23,8/28/23,1
20230815,MA,100,0,0,0,0,0,8/15/23,8/21/23,1
20230801,MA,100,0,0,0,0,0,8/1/23,8/7/23,1
20230725,MA,100,0,0,0,0,0,7/25/23,7/31/23,1
20230718,MA,100,0,0,0,0,0,7/18/23,7/24/23,1
20230711,MA,100,0,0,0,0,0,7/11/23,7/17/23,1
20230411,MA,100,0,0,0,0,0,4/11/23,4/17/23,1
20230404,MA,100,0,0,0,0,0,4/4/23,4/10/23,1
20230328,MA,100,0,0,0,0,0,3/28/23,4/3/23,1
20230321,MA,100,0,0,0,0,0,3/21/23,3/27/23,1
20230314,MA,100,0,0,0,0,0,3/14/23,3/20/23,1
20230307,MA,100,0,0,0,0,0,3/7/23,3/13/23,1
20230228,MA,100,0,0,0,0,0,2/28/23,3/6/23,1
20230221,MA,100,0,0,0,0,0,2/21/23,2/27/23,1
20230214,MA,100,0,0,0,0,0,2/14/23,2/20/23,1
20230207,MA,100,0,0,0,0,0,2/7/23,2/13/23,1
20230131,MA,100,0,0,0,0,0,1/31/23,2/6/23,1
20230124,MA,100,0,0,0,0,0,1/24/23,1/30/23,1
20220503,MA,100,0,0,0,0,0,5/3/22,5/9/22,1
20220426,MA,100,0,0,0,0,0,4/26/22,5/2/22,1
20220419,MA,100,0,0,0,0,0,4/19/22,4/25/22,1
20220412,MA,100,0,0,0,0,0,4/12/22,4/18/22,1
20220405,MA,100,0,0,0,0,0,4/5/22,4/11/22,1
20220329,MA,100,0,0,0,0,0,3/29/22,4/4/22,1
20220322,MA,100,0,0,0,0,0,3/22/22,3/28/22,1
20220315,MA,100,0,0,0,0,0,3/15/22,3/21/22,1
20220308,MA,100,0,0,0,0,0,3/8/22,3/14/22,1
20220301,MA,100,0,0,0,0,0,3/1/22,3/7/22,1
20220222,MA,100,0,0,0,0,0,2/22/22,2/28/22,1
20220215,MA,100,0,0,0,0,0,2/15/22,2/21/22,1
20220208,MA,100,0,0,0,0,0,2/8/22,2/14/22,1
20220201,MA,100,0,0,0,0,0,2/1/22,2/7/22,1
20220125,MA,100,0,0,0,0,0,1/25/22,1/31/22,1
20220118,MA,100,0,0,0,0,0,1/18/22,1/24/22,1
20220111,MA,100,0,0,0,0,0,1/11/22,1/17/22,1
20220104,MA,100,0,0,0,0,0,1/4/22,1/10/22,1
20211228,MA,100,0,0,0,0,0,12/28/21,1/3/22,1
20211221,MA,100,0,0,0,0,0,12/21/21,12/27/21,1
20211214,MA,100,0,0,0,0,0,12/14/21,12/20/21,1
20211207,MA,100,0,0,0,0,0,12/7/21,12/13/21,1
20211130,MA,100,0,0,0,0,0,11/30/21,12/6/21,1
20211123,MA,100,0,0,0,0,0,11/23/21,11/29/21,1
20211116,MA,100,0,0,0,0,0,11/16/21,11/22/21,1
20211109,MA,100,0,0,0,0,0,11/9/21,11/15/21,1
20211102,MA,100,0,0,0,0,0,11/2/21,11/8/21,1
20211026,MA,100,0,0,0,0,0,10/26/21,11/1/21,1
20211019,MA,100,0,0,0,0,0,10/19/21,10/25/21,1
20211012,MA,100,0,0,0,0,0,10/12/21,10/18/21,1
20211005,MA,100,0,0,0,0,0,10/5/21,10/11/21,1
20210302,MA,100,0,0,0,0,0,3/2/21,3/8/21,1
20210223,MA,100,0,0,0,0,0,2/23/21,3/1/21,1
20210216,MA,100,0,0,0,0,0,2/16/21,2/22/21,1
20210209,MA,100,0,0,0,0,0,2/9/21,2/15/21,1
20210202,MA,100,0,0,0,0,0,2/2/21,2/8/21,1
20210126,MA,100,0,0,0,0,0,1/26/21,2/1/21,1
20210119,MA,100,0,0,0,0,0,1/19/21,1/25/21,1
20210112,MA,100,0,0,0,0,0,1/12/21,1/18/21,1
20210105,MA,100,0,0,0,0,0,1/5/21,1/11/21,1
20200526,MA,100,0,0,0,0,0,5/26/20,6/1/20,1
20200519,MA,100,0,0,0,0,0,5/19/20,5/25/20,1
20200512,MA,100,0,0,0,0,0,5/12/20,5/18/20,1
20200505,MA,100,0,0,0,0,0,5/5/20,5/11/20,1
20200428,MA,100,0,0,0,0,0,4/28/20,5/4/20,1
20200421,MA,100,0,0,0,0,0,4/21/20,4/27/20,1
20200414,MA,100,0,0,0,0,0,4/14/20,4/20/20,1
20200407,MA,100,0,0,0,0,0,4/7/20,4/13/20,1
20200331,MA,100,0,0,0,0,0,3/31/20,4/6/20,1
20200310,MA,100,0,0,0,0,0,3/10/20,3/16/20,1
20200303,MA,100,0,0,0,0,0,3/3/20,3/9/20,1
20200225,MA,100,0,0,0,0,0,2/25/20,3/2/20,1
20200218,MA,100,0,0,0,0,0,2/18/20,2/24/20,1
20200211,MA,100,0,0,0,0,0,2/11/20,2/17/20,1
20200204,MA,100,0,0,0,0,0,2/4/20,2/10/20,1
20200128,MA,100,0,0,0,0,0,1/28/20,2/3/20,1
20200121,MA,100,0,0,0,0,0,1/21/20,1/27/20,1
20200114,MA,100,0,0,0,0,0,1/14/20,1/20/20,1
20200107,MA,100,0,0,0,0,0,1/7/20,1/13/20,1
20191231,MA,100,0,0,0,0,0,12/31/19,1/6/20,1
20191224,MA,100,0,0,0,0,0,12/24/19,12/30/19,1
20191217,MA,100,0,0,0,0,0,12/17/19,12/23/19,1
20191210,MA,100,0,0,0,0,0,12/10/19,12/16/19,1
20191203,MA,100,0,0,0,0,0,12/3/19,12/9/19,1
20191126,MA,100,0,0,0,0,0,11/26/19,12/2/19,1
20191119,MA,100,0,0,0,0,0,11/19/19,11/25/19,1
20191112,MA,100,0,0,0,0,0,11/12/19,11/18/19,1
20191105,MA,100,0,0,0,0,0,11/5/19,11/11/19,1
20190910,MA,100,0,0,0,0,0,9/10/19,9/16/19,1
20190903,MA,100,0,0,0,0,0,9/3/19,9/9/19,1
20190730,MA,100,0,0,0,0,0,7/30/19,8/5/19,1
20190723,MA,100,0,0,0,0,0,7/23/19,7/29/19,1
20190709,MA,100,0,0,0,0,0,7/9/19,7/15/19,1
20190702,MA,100,0,0,0,0,0,7/2/19,7/8/19,1
20190625,MA,100,0,0,0,0,0,6/25/19,7/1/19,1
20190618,MA,100,0,0,0,0,0,6/18/19,6/24/19,1
20190611,MA,100,0,0,0,0,0,6/11/19,6/17/19,1
20190604,MA,100,0,0,0,0,0,6/4/19,6/10/19,1
20190528,MA,100,0,0,0,0,0,5/28/19,6/3/19,1
20190521,MA,100,0,0,0,0,0,5/21/19,5/27/19,1
20190514,MA,100,0,0,0,0,0,5/14/19,5/20/19,1
20190507,MA,100,0,0,0,0,0,5/7/19,5/13/19,1
20190430,MA,100,0,0,0,0,0,4/30/19,5/6/19,1
20190423,MA,100,0,0,0,0,0,4/23/19,4/29/19,1
20190416,MA,100,0,0,0,0,0,4/16/19,4/22/19,1
20190409,MA,100,0,0,0,0,0,4/9/19,4/15/19,1
20190402,MA,100,0,0,0,0,0,4/2/19,4/8/19,1
20190326,MA,100,0,0,0,0,0,3/26/19,4/1/19,1
20190319,MA,100,0,0,0,0,0,3/19/19,3/25/19,1
20190312,MA,100,0,0,0,0,0,3/12/19,3/18/19,1
20190305,MA,100,0,0,0,0,0,3/5/19,3/11/19,1
20190226,MA,100,0,0,0,0,0,2/26/19,3/4/19,1
20190219,MA,100,0,0,0,0,0,2/19/19,2/25/19,1
20190212,MA,100,0,0,0,0,0,2/12/19,2/18/19,1
20190205,MA,100,0,0,0,0,0,2/5/19,2/11/19,1
20190129,MA,100,0,0,0,0,0,1/29/19,2/4/19,1
20190122,MA,100,0,0,0,0,0,1/22/19,1/28/19,1
20190115,MA,100,0,0,0,0,0,1/15/19,1/21/19,1
20190108,MA,100,0,0,0,0,0,1/8/19,1/14/19,1
20190101,MA,100,0,0,0,0,0,1/1/19,1/7/19,1
20181225,MA,100,0,0,0,0,0,12/25/18,12/31/18,1
20181218,MA,100,0,0,0,0,0,12/18/18,12/24/18,1
20181211,MA,100,0,0,0,0,0,12/11/18,12/17/18,1
20181204,MA,100,0,0,0,0,0,12/4/18,12/10/18,1
20181127,MA,100,0,0,0,0,0,11/27/18,12/3/18,1
20181120,MA,100,0,0,0,0,0,11/20/18,11/26/18,1
20181113,MA,100,0,0,0,0,0,11/13/18,11/19/18,1
20181106,MA,100,0,0,0,0,0,11/6/18,11/12/18,1
20181030,MA,100,0,0,0,0,0,10/30/18,11/5/18,1
20180515,MA,100,0,0,0,0,0,5/15/18,5/21/18,1
20180508,MA,100,0,0,0,0,0,5/8/18,5/14/18,1
20180501,MA,100,0,0,0,0,0,5/1/18,5/7/18,1
20180424,MA,100,0,0,0,0,0,4/24/18,4/30/18,1
20180417,MA,100,0,0,0,0,0,4/17/18,4/23/18,1
20180410,MA,100,0,0,0,0,0,4/10/18,4/16/18,1
20180403,MA,100,0,0,0,0,0,4/3/18,4/9/18,1
20180327,MA,100,0,0,0,0,0,3/27/18,4/2/18,1
20180320,MA,100,0,0,0,0,0,3/20/18,3/26/18,1
20180313,MA,100,0,0,0,0,0,3/13/18,3/19/18,1
20180306,MA,100,0,0,0,0,0,3/6/18,3/12/18,1
20180227,MA,100,0,0,0,0,0,2/27/18,3/5/18,1
20180220,MA,100,0,0,0,0,0,2/20/18,2/26/18,1
20180213,MA,100,0,0,0,0,0,2/13/18,2/19/18,1
20180206,MA,100,0,0,0,0,0,2/6/18,2/12/18,1
20171128,MA,100,0,0,0,0,0,11/28/17,12/4/17,1
20170711,MA,100,0,0,0,0,0,7/11/17,7/17/17,1
20170704,MA,100,0,0,0,0,0,7/4/17,7/10/17,1
20170627,MA,100,0,0,0,0,0,6/27/17,7/3/17,1
20170620,MA,100,0,0,0,0,0,6/20/17,6/26/17,1
20170613,MA,100,0,0,0,0,0,6/13/17,6/19/17,1
20170606,MA,100,0,0,0,0,0,6/6/17,6/12/17,1
20170530,MA,100,0,0,0,0,0,5/30/17,6/5/17,1
20170523,MA,100,0,0,0,0,0,5/23/17,5/29/17,1
20170516,MA,100,0,0,0,0,0,5/16/17,5/22/17,1
20150317,MA,100,0,0,0,0,0,3/17/15,3/23/15,1
20150310,MA,100,0,0,0,0,0,3/10/15,3/16/15,1
20150303,MA,100,0,0,0,0,0,3/3/15,3/9/15,1
20150224,MA,100,0,0,0,0,0,2/24/15,3/2/15,1
20150217,MA,100,0,0,0,0,0,2/17/15,2/23/15,1
20150210,MA,100,0,0,0,0,0,2/10/15,2/16/15,1
20150203,MA,100,0,0,0,0,0,2/3/15,2/9/15,1
20150127,MA,100,0,0,0,0,0,1/27/15,2/2/15,1
20150120,MA,100,0,0,0,0,0,1/20/15,1/26/15,1
20150113,MA,100,0,0,0,0,0,1/13/15,1/19/15,1
20150106,MA,100,0,0,0,0,0,1/6/15,1/12/15,1
20141230,MA,100,0,0,0,0,0,12/30/14,1/5/15,1
20141223,MA,100,0,0,0,0,0,12/23/14,12/29/14,1
20141216,MA,100,0,0,0,0,0,12/16/14,12/22/14,1
20140603,MA,100,0,0,0,0,0,6/3/14,6/9/14,1
20140527,MA,100,0,0,0,0,0,5/27/14,6/2/14,1
20140520,MA,100,0,0,0,0,0,5/20/14,5/26/14,1
20140513,MA,100,0,0,0,0,0,5/13/14,5/19/14,1
20140506,MA,100,0,0,0,0,0,5/6/14,5/12/14,1
20140429,MA,100,0,0,0,0,0,4/29/14,5/5/14,1
20140422,MA,100,0,0,0,0,0,4/22/14,4/28/14,1
20140415,MA,100,0,0,0,0,0,4/15/14,4/21/14,1
20140408,MA,100,0,0,0,0,0,4/8/14,4/14/14,1
20140401,MA,100,0,0,0,0,0,4/1/14,4/7/14,1
20130924,MA,100,0,0,0,0,0,9/24/13,9/30/13,1
20130917,MA,100,0,0,0,0,0,9/17/13,9/23/13,1
20130910,MA,100,0,0,0,0,0,9/10/13,9/16/13,1
20130903,MA,100,0,0,0,0,0,9/3/13,9/9/13,1
20130827,MA,100,0,0,0,0,0,8/27/13,9/2/13,1
20130820,MA,100,0,0,0,0,0,8/20/13,8/26/13,1
20130813,MA,100,0,0,0,0,0,8/13/13,8/19/13,1
20130806,MA,100,0,0,0,0,0,8/6/13,8/12/13,1
20130730,MA,100,0,0,0,0,0,7/30/13,8/5/13,1
20130723,MA,100,0,0,0,0,0,7/23/13,7/29/13,1
20130716,MA,100,0,0,0,0,0,7/16/13,7/22/13,1
20130709,MA,100,0,0,0,0,0,7/9/13,7/15/13,1
20130702,MA,100,0,0,0,0,0,7/2/13,7/8/13,1
20130625,MA,100,0,0,0,0,0,6/25/13,7/1/13,1
20130618,MA,100,0,0,0,0,0,6/18/13,6/24/13,1
20130611,MA,100,0,0,0,0,0,6/11/13,6/17/13,1
20130423,MA,100,0,0,0,0,0,4/23/13,4/29/13,1
20130416,MA,100,0,0,0,0,0,4/16/13,4/22/13,1
20130409,MA,100,0,0,0,0,0,4/9/13,4/15/13,1
20130402,MA,100,0,0,0,0,0,4/2/13,4/8/13,1
20130326,MA,100,0,0,0,0,0,3/26/13,4/1/13,1
20130319,MA,100,0,0,0,0,0,3/19/13,3/25/13,1
20130312,MA,100,0,0,0,0,0,3/12/13,3/18/13,1
20130305,MA,100,0,0,0,0,0,3/5/13,3/11/13,1
20130226,MA,100,0,0,0,0,0,2/26/13,3/4/13,1
20130219,MA,100,0,0,0,0,0,2/19/13,2/25/13,1
20130212,MA,100,0,0,0,0,0,2/12/13,2/18/13,1
20130205,MA,100,0,0,0,0,0,2/5/13,2/11/13,1
20130129,MA,100,0,0,0,0,0,1/29/13,2/4/13,1
20130122,MA,100,0,0,0,0,0,1/22/13,1/28/13,1
20130115,MA,100,0,0,0,0,0,1/15/13,1/21/13,1
20130108,MA,100,0,0,0,0,0,1/8/13,1/14/13,1
20130101,MA,100,0,0,0,0,0,1/1/13,1/7/13,1
20121225,MA,100,0,0,0,0,0,12/25/12,12/31/12,1
20121218,MA,100,0,0,0,0,0,12/18/12,12/24/12,1
20121211,MA,100,0,0,0,0,0,12/11/12,12/17/12,1
20121204,MA,100,0,0,0,0,0,12/4/12,12/10/12,1
20121127,MA,100,0,0,0,0,0,11/27/12,12/3/12,1
20121120,MA,100,0,0,0,0,0,11/20/12,11/26/12,1
20121113,MA,100,0,0,0,0,0,11/13/12,11/19/12,1
20121106,MA,100,0,0,0,0,0,11/6/12,11/12/12,1
20121030,MA,100,0,0,0,0,0,10/30/12,11/5/12,1
20121023,MA,100,0,0,0,0,0,10/23/12,10/29/12,1
20121016,MA,100,0,0,0,0,0,10/16/12,10/22/12,1
20121009,MA,100,0,0,0,0,0,10/9/12,10/15/12,1
20121002,MA,100,0,0,0,0,0,10/2/12,10/8/12,1
20120925,MA,100,0,0,0,0,0,9/25/12,10/1/12,1
20120207,MA,100,0,0,0,0,0,2/7/12,2/13/12,1
20120131,MA,100,0,0,0,0,0,1/31/12,2/6/12,1
20120124,MA,100,0,0,0,0,0,1/24/12,1/30/12,1
20120117,MA,100,0,0,0,0,0,1/17/12,1/23/12,1
20120110,MA,100,0,0,0,0,0,1/10/12,1/16/12,1
20120103,MA,100,0,0,0,0,0,1/3/12,1/9/12,1
20111227,MA,100,0,0,0,0,0,12/27/11,1/2/12,1
20111220,MA,100,0,0,0,0,0,12/20/11,12/26/11,1
20111213,MA,100,0,0,0,0,0,12/13/11,12/19/11,1
20111206,MA,100,0,0,0,0,0,12/6/11,12/12/11,1
20111129,MA,100,0,0,0,0,0,11/29/11,12/5/11,1
20111122,MA,100,0,0,0,0,0,11/22/11,11/28/11,1
20111115,MA,100,0,0,0,0,0,11/15/11,11/21/11,1
20111108,MA,100,0,0,0,0,0,11/8/11,11/14/11,1
20111101,MA,100,0,0,0,0,0,11/1/11,11/7/11,1
20111025,MA,100,0,0,0,0,0,10/25/11,10/31/11,1
20111018,MA,100,0,0,0,0,0,10/18/11,10/24/11,1
20111011,MA,100,0,0,0,0,0,10/11/11,10/17/11,1
20111004,MA,100,0,0,0,0,0,10/4/11,10/10/11,1
20110927,MA,100,0,0,0,0,0,9/27/11,10/3/11,1
20110920,MA,100,0,0,0,0,0,9/20/11,9/26/11,1
20110913,MA,100,0,0,0,0,0,9/13/11,9/19/11,1
20110906,MA,100,0,0,0,0,0,9/6/11,9/12/11,1
20110830,MA,100,0,0,0,0,0,8/30/11,9/5/11,1
20110823,MA,100,0,0,0,0,0,8/23/11,8/29/11,1
20110816,MA,100,0,0,0,0,0,8/16/11,8/22/11,1
20110726,MA,100,0,0,0,0,0,7/26/11,8/1/11,1
20110719,MA,100,0,0,0,0,0,7/19/11,7/25/11,1
20110712,MA,100,0,0,0,0,0,7/12/11,7/18/11,1
20110705,MA,100,0,0,0,0,0,7/5/11,7/11/11,1
20110628,MA,100,0,0,0,0,0,6/28/11,7/4/11,1
20110621,MA,100,0,0,0,0,0,6/21/11,6/27/11,1
20110614,MA,100,0,0,0,0,0,6/14/11,6/20/11,1
20110607,MA,100,0,0,0,0,0,6/7/11,6/13/11,1
20110531,MA,100,0,0,0,0,0,5/31/11,6/6/11,1
20110524,MA,100,0,0,0,0,0,5/24/11,5/30/11,1
20110517,MA,100,0,0,0,0,0,5/17/11,5/23/11,1
20110510,MA,100,0,0,0,0,0,5/10/11,5/16/11,1
20110503,MA,100,0,0,0,0,0,5/3/11,5/9/11,1
20110426,MA,100,0,0,0,0,0,4/26/11,5/2/11,1
20110419,MA,100,0,0,0,0,0,4/19/11,4/25/11,1
20110412,MA,100,0,0,0,0,0,4/12/11,4/18/11,1
20110405,MA,100,0,0,0,0,0,4/5/11,4/11/11,1
20110329,MA,100,0,0,0,0,0,3/29/11,4/4/11,1
20110322,MA,100,0,0,0,0,0,3/22/11,3/28/11,1
20110315,MA,100,0,0,0,0,0,3/15/11,3/21/11,1
20110308,MA,100,0,0,0,0,0,3/8/11,3/14/11,1
20110301,MA,100,0,0,0,0,0,3/1/11,3/7/11,1
20110222,MA,100,0,0,0,0,0,2/22/11,2/28/11,1
20110215,MA,100,0,0,0,0,0,2/15/11,2/21/11,1
20110208,MA,100,0,0,0,0,0,2/8/11,2/14/11,1
20110201,MA,100,0,0,0,0,0,2/1/11,2/7/11,1
20110125,MA,100,0,0,0,0,0,1/25/11,1/31/11,1
20110118,MA,100,0,0,0,0,0,1/18/11,1/24/11,1
20110111,MA,100,0,0,0,0,0,1/11/11,1/17/11,1
20110104,MA,100,0,0,0,0,0,1/4/11,1/10/11,1
20101228,MA,100,0,0,0,0,0,12/28/10,1/3/11,1
20101221,MA,100,0,0,0,0,0,12/21/10,12/27/10,1
20101214,MA,100,0,0,0,0,0,12/14/10,12/20/10,1
20101207,MA,100,0,0,0,0,0,12/7/10,12/13/10,1
20101130,MA,100,0,0,0,0,0,11/30/10,12/6/10,1
20101123,MA,100,0,0,0,0,0,11/23/10,11/29/10,1
20101116,MA,100,0,0,0,0,0,11/16/10,11/22/10,1
20101109,MA,100,0,0,0,0,0,11/9/10,11/15/10,1
20100706,MA,100,0,0,0,0,0,7/6/10,7/12/10,1
20100629,MA,100,0,0,0,0,0,6/29/10,7/5/10,1
20100622,MA,100,0,0,0,0,0,6/22/10,6/28/10,1
20100615,MA,100,0,0,0,0,0,6/15/10,6/21/10,1
20100608,MA,100,0,0,0,0,0,6/8/10,6/14/10,1
20100525,MA,100,0,0,0,0,0,5/25/10,5/31/10,1
20100518,MA,100,0,0,0,0,0,5/18/10,5/24/10,1
20100511,MA,100,0,0,0,0,0,5/11/10,5/17/10,1
20100504,MA,100,0,0,0,0,0,5/4/10,5/10/10,1
20100427,MA,100,0,0,0,0,0,4/27/10,5/3/10,1
20100420,MA,100,0,0,0,0,0,4/20/10,4/26/10,1
20100413,MA,100,0,0,0,0,0,4/13/10,4/19/10,1
20100406,MA,100,0,0,0,0,0,4/6/10,4/12/10,1
20100330,MA,100,0,0,0,0,0,3/30/10,4/5/10,1
20100323,MA,100,0,0,0,0,0,3/23/10,3/29/10,1
20100316,MA,100,0,0,0,0,0,3/16/10,3/22/10,1
20100309,MA,100,0,0,0,0,0,3/9/10,3/15/10,1
20100302,MA,100,0,0,0,0,0,3/2/10,3/8/10,1
20100223,MA,100,0,0,0,0,0,2/23/10,3/1/10,1
20100216,MA,100,0,0,0,0,0,2/16/10,2/22/10,1
20100209,MA,100,0,0,0,0,0,2/9/10,2/15/10,1
20100202,MA,100,0,0,0,0,0,2/2/10,2/8/10,1
20100126,MA,100,0,0,0,0,0,1/26/10,2/1/10,1
20100119,MA,100,0,0,0,0,0,1/19/10,1/25/10,1
20100112,MA,100,0,0,0,0,0,1/12/10,1/18/10,1
20100105,MA,100,0,0,0,0,0,1/5/10,1/11/10,1
20091229,MA,100,0,0,0,0,0,12/29/09,1/4/10,1
20091222,MA,100,0,0,0,0,0,12/22/09,12/28/09,1
20091215,MA,100,0,0,0,0,0,12/15/09,12/21/09,1
20091208,MA,100,0,0,0,0,0,12/8/09,12/14/09,1
20091201,MA,100,0,0,0,0,0,12/1/09,12/7/09,1
20091124,MA,100,0,0,0,0,0,11/24/09,11/30/09,1
20091117,MA,100,0,0,0,0,0,11/17/09,11/23/09,1
20091110,MA,100,0,0,0,0,0,11/10/09,11/16/09,1
20091103,MA,100,0,0,0,0,0,11/3/09,11/9/09,1
20091027,MA,100,0,0,0,0,0,10/27/09,11/2/09,1
20091020,MA,100,0,0,0,0,0,10/20/09,10/26/09,1
20091013,MA,100,0,0,0,0,0,10/13/09,10/19/09,1
20091006,MA,100,0,0,0,0,0,10/6/09,10/12/09,1
20090929,MA,100,0,0,0,0,0,9/29/09,10/5/09,1
20090922,MA,100,0,0,0,0,0,9/22/09,9/28/09,1
20090915,MA,100,0,0,0,0,0,9/15/09,9/21/09,1
20090908,MA,100,0,0,0,0,0,9/8/09,9/14/09,1
20090901,MA,100,0,0,0,0,0,9/1/09,9/7/09,1
20090825,MA,100,0,0,0,0,0,8/25/09,8/31/09,1
20090818,MA,100,0,0,0,0,0,8/18/09,8/24/09,1
20090811,MA,100,0,0,0,0,0,8/11/09,8/17/09,1
20090804,MA,100,0,0,0,0,0,8/4/09,8/10/09,1
20090728,MA,100,0,0,0,0,0,7/28/09,8/3/09,1
20090721,MA,100,0,0,0,0,0,7/21/09,7/27/09,1
20090714,MA,100,0,0,0,0,0,7/14/09,7/20/09,1
20090707,MA,100,0,0,0,0,0,7/7/09,7/13/09,1
20090630,MA,100,0,0,0,0,0,6/30/09,7/6/09,1
20090623,MA,100,0,0,0,0,0,6/23/09,6/29/09,1
20090602,MA,100,0,0,0,0,0,6/2/09,6/8/09,1
20090526,MA,100,0,0,0,0,0,5/26/09,6/1/09,1
20090519,MA,100,0,0,0,0,0,5/19/09,5/25/09,1
20090421,MA,100,0,0,0,0,0,4/21/09,4/27/09,1
20090414,MA,100,0,0,0,0,0,4/14/09,4/20/09,1
20090407,MA,100,0,0,0,0,0,4/7/09,4/13/09,1
20090331,MA,100,0,0,0,0,0,3/31/09,4/6/09,1
20090324,MA,100,0,0,0,0,0,3/24/09,3/30/09,1
20090317,MA,100,0,0,0,0,0,3/17/09,3/23/09,1
20090310,MA,100,0,0,0,0,0,3/10/09,3/16/09,1
20090303,MA,100,0,0,0,0,0,3/3/09,3/9/09,1
20090224,MA,100,0,0,0,0,0,2/24/09,3/2/09,1
20090217,MA,100,0,0,0,0,0,2/17/09,2/23/09,1
20090210,MA,100,0,0,0,0,0,2/10/09,2/16/09,1
20090203,MA,100,0,0,0,0,0,2/3/09,2/9/09,1
20090127,MA,100,0,0,0,0,0,1/27/09,2/2/09,1
20090120,MA,100,0,0,0,0,0,1/20/09,1/26/09,1
20090113,MA,100,0,0,0,0,0,1/13/09,1/19/09,1
20090106,MA,100,0,0,0,0,0,1/6/09,1/12/09,1
20081230,MA,100,0,0,0,0,0,12/30/08,1/5/09,1
20081223,MA,100,0,0,0,0,0,12/23/08,12/29/08,1
20081216,MA,100,0,0,0,0,0,12/16/08,12/22/08,1
20081209,MA,100,0,0,0,0,0,12/9/08,12/15/08,1
20081202,MA,100,0,0,0,0,0,12/2/08,12/8/08,1
20081125,MA,100,0,0,0,0,0,11/25/08,12/1/08,1
20081118,MA,100,0,0,0,0,0,11/18/08,11/24/08,1
20081111,MA,100,0,0,0,0,0,11/11/08,11/17/08,1
20081104,MA,100,0,0,0,0,0,11/4/08,11/10/08,1
20081028,MA,100,0,0,0,0,0,10/28/08,11/3/08,1
20081021,MA,100,0,0,0,0,0,10/21/08,10/27/08,1
20081014,MA,100,0,0,0,0,0,10/14/08,10/20/08,1
20081007,MA,100,0,0,0,0,0,10/7/08,10/13/08,1
20080930,MA,100,0,0,0,0,0,9/30/08,10/6/08,1
20080923,MA,100,0,0,0,0,0,9/23/08,9/29/08,1
20080916,MA,100,0,0,0,0,0,9/16/08,9/22/08,1
20080909,MA,100,0,0,0,0,0,9/9/08,9/15/08,1
20080902,MA,100,0,0,0,0,0,9/2/08,9/8/08,1
20080826,MA,100,0,0,0,0,0,8/26/08,9/1/08,1
20080819,MA,100,0,0,0,0,0,8/19/08,8/25/08,1
20080812,MA,100,0,0,0,0,0,8/12/08,8/18/08,1
20080805,MA,100,0,0,0,0,0,8/5/08,8/11/08,1
20080729,MA,100,0,0,0,0,0,7/29/08,8/4/08,1
20080603,MA,100,0,0,0,0,0,6/3/08,6/9/08,1
20080527,MA,100,0,0,0,0,0,5/27/08,6/2/08,1
20080520,MA,100,0,0,0,0,0,5/20/08,5/26/08,1
20080513,MA,100,0,0,0,0,0,5/13/08,5/19/08,1
20080506,MA,100,0,0,0,0,0,5/6/08,5/12/08,1
20080429,MA,100,0,0,0,0,0,4/29/08,5/5/08,1
20080422,MA,100,0,0,0,0,0,4/22/08,4/28/08,1
20080415,MA,100,0,0,0,0,0,4/15/08,4/21/08,1
20080408,MA,100,0,0,0,0,0,4/8/08,4/14/08,1
20080401,MA,100,0,0,0,0,0,4/1/08,4/7/08,1
20080325,MA,100,0,0,0,0,0,3/25/08,3/31/08,1
20080318,MA,100,0,0,0,0,0,3/18/08,3/24/08,1
20080311,MA,100,0,0,0,0,0,3/11/08,3/17/08,1
20080304,MA,100,0,0,0,0,0,3/4/08,3/10/08,1
20080226,MA,100,0,0,0,0,0,2/26/08,3/3/08,1
20080219,MA,100,0,0,0,0,0,2/19/08,2/25/08,1
20080212,MA,100,0,0,0,0,0,2/12/08,2/18/08,1
20080205,MA,100,0,0,0,0,0,2/5/08,2/11/08,1
20080129,MA,100,0,0,0,0,0,1/29/08,2/4/08,1
20080122,MA,100,0,0,0,0,0,1/22/08,1/28/08,1
20080115,MA,100,0,0,0,0,0,1/15/08,1/21/08,1
20070821,MA,100,0,0,0,0,0,8/21/07,8/27/07,1
20070814,MA,100,0,0,0,0,0,8/14/07,8/20/07,1
20070807,MA,100,0,0,0,0,0,8/7/07,8/13/07,1
20070731,MA,100,0,0,0,0,0,7/31/07,8/6/07,1
20070724,MA,100,0,0,0,0,0,7/24/07,7/30/07,1
20070717,MA,100,0,0,0,0,0,7/17/07,7/23/07,1
20070710,MA,100,0,0,0,0,0,7/10/07,7/16/07,1
20070626,MA,100,0,0,0,0,0,6/26/07,7/2/07,1
20070619,MA,100,0,0,0,0,0,6/19/07,6/25/07,1
20070612,MA,100,0,0,0,0,0,6/12/07,6/18/07,1
20070605,MA,100,0,0,0,0,0,6/5/07,6/11/07,1
20070529,MA,100,0,0,0,0,0,5/29/07,6/4/07,1
20070522,MA,100,0,0,0,0,0,5/22/07,5/28/07,1
20070515,MA,100,0,0,0,0,0,5/15/07,5/21/07,1
20070508,MA,100,0,0,0,0,0,5/8/07,5/14/07,1
20070501,MA,100,0,0,0,0,0,5/1/07,5/7/07,1
20070424,MA,100,0,0,0,0,0,4/24/07,4/30/07,1
20070417,MA,100,0,0,0,0,0,4/17/07,4/23/07,1
20070410,MA,100,0,0,0,0,0,4/10/07,4/16/07,1
20070403,MA,100,0,0,0,0,0,4/3/07,4/9/07,1
20070327,MA,100,0,0,0,0,0,3/27/07,4/2/07,1
20070320,MA,100,0,0,0,0,0,3/20/07,3/26/07,1
20070313,MA,100,0,0,0,0,0,3/13/07,3/19/07,1
20070306,MA,100,0,0,0,0,0,3/6/07,3/12/07,1
20070227,MA,100,0,0,0,0,0,2/27/07,3/5/07,1
20070220,MA,100,0,0,0,0,0,2/20/07,2/26/07,1
20070213,MA,100,0,0,0,0,0,2/13/07,2/19/07,1
20070206,MA,100,0,0,0,0,0,2/6/07,2/12/07,1
20070130,MA,100,0,0,0,0,0,1/30/07,2/5/07,1
20070123,MA,100,0,0,0,0,0,1/23/07,1/29/07,1
20070116,MA,100,0,0,0,0,0,1/16/07,1/22/07,1
20070109,MA,100,0,0,0,0,0,1/9/07,1/15/07,1
20070102,MA,100,0,0,0,0,0,1/2/07,1/8/07,1
20061226,MA,100,0,0,0,0,0,12/26/06,1/1/07,1
20061219,MA,100,0,0,0,0,0,12/19/06,12/25/06,1
20061212,MA,100,0,0,0,0,0,12/12/06,12/18/06,1
20061205,MA,100,0,0,0,0,0,12/5/06,12/11/06,1
20061128,MA,100,0,0,0,0,0,11/28/06,12/4/06,1
20061121,MA,100,0,0,0,0,0,11/21/06,11/27/06,1
20061114,MA,100,0,0,0,0,0,11/14/06,11/20/06,1
20061107,MA,100,0,0,0,0,0,11/7/06,11/13/06,1
20061031,MA,100,0,0,0,0,0,10/31/06,11/6/06,1
20061024,MA,100,0,0,0,0,0,10/24/06,10/30/06,1
20061017,MA,100,0,0,0,0,0,10/17/06,10/23/06,1
20061010,MA,100,0,0,0,0,0,10/10/06,10/16/06,1
20061003,MA,100,0,0,0,0,0,10/3/06,10/9/06,1
20060926,MA,100,0,0,0,0,0,9/26/06,10/2/06,1
20060919,MA,100,0,0,0,0,0,9/19/06,9/25/06,1
20060912,MA,100,0,0,0,0,0,9/12/06,9/18/06,1
20060905,MA,100,0,0,0,0,0,9/5/06,9/11/06,1
20060829,MA,100,0,0,0,0,0,8/29/06,9/4/06,1
20060822,MA,100,0,0,0,0,0,8/22/06,8/28/06,1
20060815,MA,100,0,0,0,0,0,8/15/06,8/21/06,1
20060808,MA,100,0,0,0,0,0,8/8/06,8/14/06,1
20060801,MA,100,0,0,0,0,0,8/1/06,8/7/06,1
20060725,MA,100,0,0,0,0,0,7/25/06,7/31/06,1
20060718,MA,100,0,0,0,0,0,7/18/06,7/24/06,1
20060711,MA,100,0,0,0,0,0,7/11/06,7/17/06,1
20060704,MA,100,0,0,0,0,0,7/4/06,7/10/06,1
20060627,MA,100,0,0,0,0,0,6/27/06,7/3/06,1
20060620,MA,100,0,0,0,0,0,6/20/06,6/26/06,1
20060613,MA,100,0,0,0,0,0,6/13/06,6/19/06,1
20060606,MA,100,0,0,0,0,0,6/6/06,6/12/06,1
20060530,MA,100,0,0,0,0,0,5/30/06,6/5/06,1
20060523,MA,100,0,0,0,0,0,5/23/06,5/29/06,1
20060516,MA,100,0,0,0,0,0,5/16/06,5/22/06,1
20060314,MA,100,0,0,0,0,0,3/14/06,3/20/06,1
20060307,MA,100,0,0,0,0,0,3/7/06,3/13/06,1
20060228,MA,100,0,0,0,0,0,2/28/06,3/6/06,1
20060221,MA,100,0,0,0,0,0,2/21/06,2/27/06,1
20060214,MA,100,0,0,0,0,0,2/14/06,2/20/06,1
20060207,MA,100,0,0,0,0,0,2/7/06,2/13/06,1
20060131,MA,100,0,0,0,0,0,1/31/06,2/6/06,1
20060124,MA,100,0,0,0,0,0,1/24/06,1/30/06,1
20060117,MA,100,0,0,0,0,0,1/17/06,1/23/06,1
20060110,MA,100,0,0,0,0,0,1/10/06,1/16/06,1
20060103,MA,100,0,0,0,0,0,1/3/06,1/9/06,1
20051227,MA,100,0,0,0,0,0,12/27/05,1/2/06,1
20051220,MA,100,0,0,0,0,0,12/20/05,12/26/05,1
20051213,MA,100,0,0,0,0,0,12/13/05,12/19/05,1
20051206,MA,100,0,0,0,0,0,12/6/05,12/12/05,1
20051129,MA,100,0,0,0,0,0,11/29/05,12/5/05,1
20051122,MA,100,0,0,0,0,0,11/22/05,11/28/05,1
20051115,MA,100,0,0,0,0,0,11/15/05,11/21/05,1
20051108,MA,100,0,0,0,0,0,11/8/05,11/14/05,1
20051101,MA,100,0,0,0,0,0,11/1/05,11/7/05,1
20051025,MA,100,0,0,0,0,0,10/25/05,10/31/05,1
20051018,MA,100,0,0,0,0,0,10/18/05,10/24/05,1
20051011,MA,100,0,0,0,0,0,10/11/05,10/17/05,1
20050726,MA,100,0,0,0,0,0,7/26/05,8/1/05,1
20050719,MA,100,0,0,0,0,0,7/19/05,7/25/05,1
20050712,MA,100,0,0,0,0,0,7/12/05,7/18/05,1
20050621,MA,100,0,0,0,0,0,6/21/05,6/27/05,1
20050607,MA,100,0,0,0,0,0,6/7/05,6/13/05,1
20050531,MA,100,0,0,0,0,0,5/31/05,6/6/05,1
20050524,MA,100,0,0,0,0,0,5/24/05,5/30/05,1
20050517,MA,100,0,0,0,0,0,5/17/05,5/23/05,1
20050510,MA,100,0,0,0,0,0,5/10/05,5/16/05,1
20050503,MA,100,0,0,0,0,0,5/3/05,5/9/05,1
20050426,MA,100,0,0,0,0,0,4/26/05,5/2/05,1
20050419,MA,100,0,0,0,0,0,4/19/05,4/25/05,1
20050412,MA,100,0,0,0,0,0,4/12/05,4/18/05,1
20050405,MA,100,0,0,0,0,0,4/5/05,4/11/05,1
20050329,MA,100,0,0,0,0,0,3/29/05,4/4/05,1
20050322,MA,100,0,0,0,0,0,3/22/05,3/28/05,1
20050315,MA,100,0,0,0,0,0,3/15/05,3/21/05,1
20050308,MA,100,0,0,0,0,0,3/8/05,3/14/05,1
20050301,MA,100,0,0,0,0,0,3/1/05,3/7/05,1
20050222,MA,100,0,0,0,0,0,2/22/05,2/28/05,1
20050215,MA,100,0,0,0,0,0,2/15/05,2/21/05,1
20050208,MA,100,0,0,0,0,0,2/8/05,2/14/05,1
20050201,MA,100,0,0,0,0,0,2/1/05,2/7/05,1
20050125,MA,100,0,0,0,0,0,1/25/05,1/31/05,1
20050118,MA,100,0,0,0,0,0,1/18/05,1/24/05,1
20050111,MA,100,0,0,0,0,0,1/11/05,1/17/05,1
20050104,MA,100,0,0,0,0,0,1/4/05,1/10/05,1
20041228,MA,100,0,0,0,0,0,12/28/04,1/3/05,1
20041221,MA,100,0,0,0,0,0,12/21/04,12/27/04,1
20041214,MA,100,0,0,0,0,0,12/14/04,12/20/04,1
20041207,MA,100,0,0,0,0,0,12/7/04,12/13/04,1
20041130,MA,100,0,0,0,0,0,11/30/04,12/6/04,1
20041123,MA,100,0,0,0,0,0,11/23/04,11/29/04,1
20041116,MA,100,0,0,0,0,0,11/16/04,11/22/04,1
20041109,MA,100,0,0,0,0,0,11/9/04,11/15/04,1
20041102,MA,100,0,0,0,0,0,11/2/04,11/8/04,1
20041026,MA,100,0,0,0,0,0,10/26/04,11/1/04,1
20041019,MA,100,0,0,0,0,0,10/19/04,10/25/04,1
20041012,MA,100,0,0,0,0,0,10/12/04,10/18/04,1
20041005,MA,100,0,0,0,0,0,10/5/04,10/11/04,1
20040928,MA,100,0,0,0,0,0,9/28/04,10/4/04,1
20040921,MA,100,0,0,0,0,0,9/21/04,9/27/04,1
20040914,MA,100,0,0,0,0,0,9/14/04,9/20/04,1
20040907,MA,100,0,0,0,0,0,9/7/04,9/13/04,1
20040831,MA,100,0,0,0,0,0,8/31/04,9/6/04,1
20040824,MA,100,0,0,0,0,0,8/24/04,8/30/04,1
20040817,MA,100,0,0,0,0,0,8/17/04,8/23/04,1
20040810,MA,100,0,0,0,0,0,8/10/04,8/16/04,1
20040803,MA,100,0,0,0,0,0,8/3/04,8/9/04,1
20040727,MA,100,0,0,0,0,0,7/27/04,8/2/04,1
20040706,MA,100,0,0,0,0,0,7/6/04,7/12/04,1
20040629,MA,100,0,0,0,0,0,6/29/04,7/5/04,1
20040622,MA,100,0,0,0,0,0,6/22/04,6/28/04,1
20040615,MA,100,0,0,0,0,0,6/15/04,6/21/04,1
20040608,MA,100,0,0,0,0,0,6/8/04,6/14/04,1
20040601,MA,100,0,0,0,0,0,6/1/04,6/7/04,1
20040525,MA,100,0,0,0,0,0,5/25/04,5/31/04,1
20040518,MA,100,0,0,0,0,0,5/18/04,5/24/04,1
20040511,MA,100,0,0,0,0,0,5/11/04,5/17/04,1
20040504,MA,100,0,0,0,0,0,5/4/04,5/10/04,1
20040427,MA,100,0,0,0,0,0,4/27/04,5/3/04,1
20040420,MA,100,0,0,0,0,0,4/20/04,4/26/04,1
20040413,MA,100,0,0,0,0,0,4/13/04,4/19/04,1
20040406,MA,100,0,0,0,0,0,4/6/04,4/12/04,1
20040302,MA,100,0,0,0,0,0,3/2/04,3/8/04,1
20040224,MA,100,0,0,0,0,0,2/24/04,3/1/04,1
20040217,MA,100,0,0,0,0,0,2/17/04,2/23/04,1
20040210,MA,100,0,0,0,0,0,2/10/04,2/16/04,1
20040203,MA,100,0,0,0,0,0,2/3/04,2/9/04,1
20040127,MA,100,0,0,0,0,0,1/27/04,2/2/04,1
20040120,MA,100,0,0,0,0,0,1/20/04,1/26/04,1
20040113,MA,100,0,0,0,0,0,1/13/04,1/19/04,1
20040106,MA,100,0,0,0,0,0,1/6/04,1/12/04,1
20031230,MA,100,0,0,0,0,0,12/30/03,1/5/04,1
20031223,MA,100,0,0,0,0,0,12/23/03,12/29/03,1
20031216,MA,100,0,0,0,0,0,12/16/03,12/22/03,1
20031209,MA,100,0,0,0,0,0,12/9/03,12/15/03,1
20031202,MA,100,0,0,0,0,0,12/2/03,12/8/03,1
20031125,MA,100,0,0,0,0,0,11/25/03,12/1/03,1
20031118,MA,100,0,0,0,0,0,11/18/03,11/24/03,1
20031111,MA,100,0,0,0,0,0,11/11/03,11/17/03,1
20031104,MA,100,0,0,0,0,0,11/4/03,11/10/03,1
20031028,MA,100,0,0,0,0,0,10/28/03,11/3/03,1
20031021,MA,100,0,0,0,0,0,10/21/03,10/27/03,1
20031014,MA,100,0,0,0,0,0,10/14/03,10/20/03,1
20031007,MA,100,0,0,0,0,0,10/7/03,10/13/03,1
20030930,MA,100,0,0,0,0,0,9/30/03,10/6/03,1
20030923,MA,100,0,0,0,0,0,9/23/03,9/29/03,1
20030916,MA,100,0,0,0,0,0,9/16/03,9/22/03,1
20030909,MA,100,0,0,0,0,0,9/9/03,9/15/03,1
20030902,MA,100,0,0,0,0,0,9/2/03,9/8/03,1
20030826,MA,100,0,0,0,0,0,8/26/03,9/1/03,1
20030819,MA,100,0,0,0,0,0,8/19/03,8/25/03,1
20030812,MA,100,0,0,0,0,0,8/12/03,8/18/03,1
20030805,MA,100,0,0,0,0,0,8/5/03,8/11/03,1
20030729,MA,100,0,0,0,0,0,7/29/03,8/4/03,1
20030722,MA,100,0,0,0,0,0,7/22/03,7/28/03,1
20030715,MA,100,0,0,0,0,0,7/15/03,7/21/03,1
20030708,MA,100,0,0,0,0,0,7/8/03,7/14/03,1
20030701,MA,100,0,0,0,0,0,7/1/03,7/7/03,1
20030624,MA,100,0,0,0,0,0,6/24/03,6/30/03,1
20030617,MA,100,0,0,0,0,0,6/17/03,6/23/03,1
20030610,MA,100,0,0,0,0,0,6/10/03,6/16/03,1
20030603,MA,100,0,0,0,0,0,6/3/03,6/9/03,1
20030527,MA,100,0,0,0,0,0,5/27/03,6/2/03,1
20030520,MA,100,0,0,0,0,0,5/20/03,5/26/03,1
20030513,MA,100,0,0,0,0,0,5/13/03,5/19/03,1
20030506,MA,100,0,0,0,0,0,5/6/03,5/12/03,1
20030429,MA,100,0,0,0,0,0,4/29/03,5/5/03,1
20030422,MA,100,0,0,0,0,0,4/22/03,4/28/03,1
20030415,MA,100,0,0,0,0,0,4/15/03,4/21/03,1
20030408,MA,100,0,0,0,0,0,4/8/03,4/14/03,1
20030401,MA,100,0,0,0,0,0,4/1/03,4/7/03,1
20030325,MA,100,0,0,0,0,0,3/25/03,3/31/03,1
20030318,MA,100,0,0,0,0,0,3/18/03,3/24/03,1
20030311,MA,100,0,0,0,0,0,3/11/03,3/17/03,1
20030304,MA,100,0,0,0,0,0,3/4/03,3/10/03,1
20030225,MA,100,0,0,0,0,0,2/25/03,3/3/03,1
20030218,MA,100,0,0,0,0,0,2/18/03,2/24/03,1
20030211,MA,100,0,0,0,0,0,2/11/03,2/17/03,1
20030204,MA,100,0,0,0,0,0,2/4/03,2/10/03,1
20030128,MA,100,0,0,0,0,0,1/28/03,2/3/03,1
20030121,MA,100,0,0,0,0,0,1/21/03,1/27/03,1
20030114,MA,100,0,0,0,0,0,1/14/03,1/20/03,1
20030107,MA,100,0,0,0,0,0,1/7/03,1/13/03,1
20021231,MA,100,0,0,0,0,0,12/31/02,1/6/03,1
20021224,MA,100,0,0,0,0,0,12/24/02,12/30/02,1
20021217,MA,100,0,0,0,0,0,12/17/02,12/23/02,1
20021210,MA,100,0,0,0,0,0,12/10/02,12/16/02,1
20021203,MA,100,0,0,0,0,0,12/3/02,12/9/02,1
20021126,MA,100,0,0,0,0,0,11/26/02,12/2/02,1
20021119,MA,100,0,0,0,0,0,11/19/02,11/25/02,1
20021112,MA,100,0,0,0,0,0,11/12/02,11/18/02,1
20021105,MA,100,0,0,0,0,0,11/5/02,11/11/02,1
20010731,MA,100,0,0,0,0,0,7/31/01,8/6/01,1
20010724,MA,100,0,0,0,0,0,7/24/01,7/30/01,1
20010717,MA,100,0,0,0,0,0,7/17/01,7/23/01,1
20010710,MA,100,0,0,0,0,0,7/10/01,7/16/01,1
20010703,MA,100,0,0,0,0,0,7/3/01,7/9/01,1
20010626,MA,100,0,0,0,0,0,6/26/01,7/2/01,1
20010619,MA,100,0,0,0,0,0,6/19/01,6/25/01,1
20010612,MA,100,0,0,0,0,0,6/12/01,6/18/01,1
20010605,MA,100,0,0,0,0,0,6/5/01,6/11/01,1
20010501,MA,100,0,0,0,0,0,5/1/01,5/7/01,1
20010424,MA,100,0,0,0,0,0,4/24/01,4/30/01,1
20010417,MA,100,0,0,0,0,0,4/17/01,4/23/01,1
20010410,MA,100,0,0,0,0,0,4/10/01,4/16/01,1
20010403,MA,100,0,0,0,0,0,4/3/01,4/9/01,1
20010327,MA,100,0,0,0,0,0,3/27/01,4/2/01,1
20010320,MA,100,0,0,0,0,0,3/20/01,3/26/01,1
20010313,MA,100,0,0,0,0,0,3/13/01,3/19/01,1
20010306,MA,100,0,0,0,0,0,3/6/01,3/12/01,1
20010227,MA,100,0,0,0,0,0,2/27/01,3/5/01,1
20010220,MA,100,0,0,0,0,0,2/20/01,2/26/01,1
20010213,MA,100,0,0,0,0,0,2/13/01,2/19/01,1
20010206,MA,100,0,0,0,0,0,2/6/01,2/12/01,1
20010130,MA,100,0,0,0,0,0,1/30/01,2/5/01,1
20010123,MA,100,0,0,0,0,0,1/23/01,1/29/01,1
20010116,MA,100,0,0,0,0,0,1/16/01,1/22/01,1
20010109,MA,100,0,0,0,0,0,1/9/01,1/15/01,1
20010102,MA,100,0,0,0,0,0,1/2/01,1/8/01,1
20001226,MA,100,0,0,0,0,0,12/26/00,1/1/01,1
20001219,MA,100,0,0,0,0,0,12/19/00,12/25/00,1
20001212,MA,100,0,0,0,0,0,12/12/00,12/18/00,1
20001205,MA,100,0,0,0,0,0,12/5/00,12/11/00,1
20001128,MA,100,0,0,0,0,0,11/28/00,12/4/00,1
20001121,MA,100,0,0,0,0,0,11/21/00,11/27/00,1
20001114,MA,100,0,0,0,0,0,11/14/00,11/20/00,1
20001107,MA,100,0,0,0,0,0,11/7/00,11/13/00,1
20001031,MA,100,0,0,0,0,0,10/31/00,11/6/00,1
20001024,MA,100,0,0,0,0,0,10/24/00,10/30/00,1
20001017,MA,100,0,0,0,0,0,10/17/00,10/23/00,1
20001010,MA,100,0,0,0,0,0,10/10/00,10/16/00,1
20001003,MA,100,0,0,0,0,0,10/3/00,10/9/00,1
20000926,MA,100,0,0,0,0,0,9/26/00,10/2/00,1
20000919,MA,100,0,0,0,0,0,9/19/00,9/25/00,1
20000912,MA,100,0,0,0,0,0,9/12/00,9/18/00,1
20000905,MA,100,0,0,0,0,0,9/5/00,9/11/00,1
20000829,MA,100,0,0,0,0,0,8/29/00,9/4/00,1
20000822,MA,100,0,0,0,0,0,8/22/00,8/28/00,1
20000815,MA,100,0,0,0,0,0,8/15/00,8/21/00,1
20000808,MA,100,0,0,0,0,0,8/8/00,8/14/00,1
20000801,MA,100,0,0,0,0,0,8/1/00,8/7/00,1
20000725,MA,100,0,0,0,0,0,7/25/00,7/31/00,1
20000718,MA,100,0,0,0,0,0,7/18/00,7/24/00,1
20000711,MA,100,0,0,0,0,0,7/11/00,7/17/00,1
20000704,MA,100,0,0,0,0,0,7/4/00,7/10/00,1
20000627,MA,100,0,0,0,0,0,6/27/00,7/3/00,1
20000620,MA,100,0,0,0,0,0,6/20/00,6/26/00,1
20000613,MA,100,0,0,0,0,0,6/13/00,6/19/00,1
20000606,MA,100,0,0,0,0,0,6/6/00,6/12/00,1
20000530,MA,100,0,0,0,0,0,5/30/00,6/5/00,1
20000523,MA,100,0,0,0,0,0,5/23/00,5/29/00,1
20000516,MA,100,0,0,0,0,0,5/16/00,5/22/00,1
20000509,MA,100,0,0,0,0,0,5/9/00,5/15/00,1
20000502,MA,100,0,0,0,0,0,5/2/00,5/8/00,1
20000425,MA,100,0,0,0,0,0,4/25/00,5/1/00,1
20000418,MA,100,0,0,0,0,0,4/18/00,4/24/00,1
20000411,MA,100,0,0,0,0,0,4/11/00,4/17/00,1
20000404,MA,100,0,0,0,0,0,4/4/00,4/10/00,1
20000328,MA,100,0,0,0,0,0,3/28/00,4/3/00,1
20000321,MA,100,0,0,0,0,0,3/21/00,3/27/00,1
20000314,MA,100,0,0,0,0,0,3/14/00,3/20/00,1
20000307,MA,100,0,0,0,0,0,3/7/00,3/13/00,1
20000229,MA,100,0,0,0,0,0,2/29/00,3/6/00,1
20000222,MA,100,0,0,0,0,0,2/22/00,2/28/00,1
20000215,MA,100,0,0,0,0,0,2/15/00,2/21/00,1
20000208,MA,100,0,0,0,0,0,2/8/00,2/14/00,1
20000201,MA,100,0,0,0,0,0,2/1/00,2/7/00,1
20000125,MA,100,0,0,0,0,0,1/25/00,1/31/00,1
20000118,MA,100,0,0,0,0,0,1/18/00,1/24/00,1
20000111,MA,100,0,0,0,0,0,1/11/00,1/17/00,1
20000104,MA,100,0,0,0,0,0,1/4/00,1/10/00,1
20201229,MA,99.99,0.01,0,0,0,0,12/29/20,1/4/21,1
20170509,MA,99.99,0.01,0,0,0,0,5/9/17,5/15/17,1
20090512,MA,99.97,0.03,0,0,0,0,5/12/09,5/18/09,1
20110809,MA,99.93,0.07,0,0,0,0,8/9/11,8/15/11,1
20110802,MA,99.93,0.07,0,0,0,0,8/2/11,8/8/11,1
20150428,MA,99.92,0.08,0,0,0,0,4/28/15,5/4/15,1
20010807,MA,99.88,0.12,0,0,0,0,8/7/01,8/13/01,1
20210928,MA,99.71,0.29,0,0,0,0,9/28/21,10/4/21,1
20180529,MA,99.44,0.56,0,0,0,0,5/29/18,6/4/18,1
20180522,MA,99.44,0.56,0,0,0,0,5/22/18,5/28/18,1
20240326,MA,99.41,0.59,0.59,0,0,0,3/26/24,4/1/24,1
20240319,MA,99.41,0.59,0.59,0,0,0,3/19/24,3/25/24,1
20240312,MA,99.41,0.59,0.59,0,0,0,3/12/24,3/18/24,1
20240305,MA,99.41,0.59,0.59,0,0,0,3/5/24,3/11/24,1
20170801,MA,99.41,0.59,0,0,0,0,8/1/17,8/7/17,1
20170725,MA,99.41,0.59,0,0,0,0,7/25/17,7/31/17,1
20170718,MA,99.41,0.59,0,0,0,0,7/18/17,7/24/17,1
20141209,MA,99.39,0.61,0,0,0,0,12/9/14,12/15/14,1
20100713,MA,99.38,0.62,0,0,0,0,7/13/10,7/19/10,1
20150324,MA,99.33,0.67,0,0,0,0,3/24/15,3/30/15,1
20210921,MA,99.06,0.94,0.29,0,0,0,9/21/21,9/27/21,1
20210914,MA,99.06,0.94,0.29,0,0,0,9/14/21,9/20/21,1
20150331,MA,98.46,1.54,0,0,0,0,3/31/15,4/6/15,1
20240227,MA,98.28,1.72,0.59,0,0,0,2/27/24,3/4/24,1
20240220,MA,98.28,1.72,0.59,0,0,0,2/20/24,2/26/24,1
20230808,MA,98.28,1.72,0,0,0,0,8/8/23,8/14/23,1
20210907,MA,97.98,2.02,1.01,0,0,0,9/7/21,9/13/21,1
20170808,MA,97.98,2.02,0,0,0,0,8/8/17,8/14/17,1
20181023,MA,97.84,2.16,0,0,0,0,10/23/18,10/29/18,1
20181016,MA,97.84,2.16,0,0,0,0,10/16/18,10/22/18,1
20181009,MA,97.84,2.16,0,0,0,0,10/9/18,10/15/18,1
20181002,MA,97.84,2.16,0,0,0,0,10/2/18,10/8/18,1
20180109,MA,97.22,2.78,0,0,0,0,1/9/18,1/15/18,1
20180102,MA,97.22,2.78,0,0,0,0,1/2/18,1/8/18,1
20171226,MA,97.22,2.78,0,0,0,0,12/26/17,1/1/18,1
20180130,MA,97.2,2.8,0,0,0,0,1/30/18,2/5/18,1
20180123,MA,97.2,2.8,0,0,0,0,1/23/18,1/29/18,1
20180116,MA,97.2,2.8,0,0,0,0,1/16/18,1/22/18,1
20171219,MA,97.17,2.83,0,0,0,0,12/19/17,12/25/17,1
20171212,MA,97.17,2.83,0,0,0,0,12/12/17,12/18/17,1
20171205,MA,97.17,2.83,0,0,0,0,12/5/17,12/11/17,1
20011002,MA,96.68,3.32,0,0,0,0,10/2/01,10/8/01,1
20190827,MA,96.64,3.36,0,0,0,0,8/27/19,9/2/19,1
20190820,MA,96.64,3.36,0,0,0,0,8/20/19,8/26/19,1
20190813,MA,96.64,3.36,0,0,0,0,8/13/19,8/19/19,1
20190806,MA,96.64,3.36,0,0,0,0,8/6/19,8/12/19,1
20240130,MA,96.53,3.47,1.72,1.71,0,0,1/30/24,2/5/24,1
20240123,MA,96.53,3.47,1.72,1.71,0,0,1/23/24,1/29/24,1
20240116,MA,96.53,3.47,1.72,1.71,0,0,1/16/24,1/22/24,1
20240213,MA,96.53,3.47,1.72,0.59,0,0,2/13/24,2/19/24,1
20240206,MA,96.53,3.47,1.72,0.59,0,0,2/6/24,2/12/24,1
20210601,MA,96.28,3.72,0,0,0,0,6/1/21,6/7/21,1
20230704,MA,95.75,4.25,0,0,0,0,7/4/23,7/10/23,1
20150421,MA,95.67,4.33,0,0,0,0,4/21/15,4/27/15,1
20240102,MA,95.63,4.37,1.77,1.77,0,0,1/2/24,1/8/24,1
20240109,MA,95.63,4.37,1.75,1.71,0,0,1/9/24,1/15/24,1
20231226,MA,95.63,4.37,1.72,0,0,0,12/26/23,1/1/24,1
20231219,MA,95.63,4.37,1.72,0,0,0,12/19/23,12/25/23,1
20231212,MA,95.63,4.37,0,0,0,0,12/12/23,12/18/23,1
20231205,MA,95.63,4.37,0,0,0,0,12/5/23,12/11/23,1
20231128,MA,95.63,4.37,0,0,0,0,11/28/23,12/4/23,1
20231121,MA,95.63,4.37,0,0,0,0,11/21/23,11/27/23,1
20231114,MA,95.63,4.37,0,0,0,0,11/14/23,11/20/23,1
20210525,MA,94.86,5.14,0,0,0,0,5/25/21,5/31/21,1
20210518,MA,94.86,5.14,0,0,0,0,5/18/21,5/24/21,1
20210511,MA,94.86,5.14,0,0,0,0,5/11/21,5/17/21,1
20210803,MA,94.2,5.8,2.59,0,0,0,8/3/21,8/9/21,1
20210727,MA,94.2,5.8,2.59,0,0,0,7/27/21,8/2/21,1
20210720,MA,94.2,5.8,2.59,0,0,0,7/20/21,7/26/21,1
20210713,MA,94.2,5.8,2.9,0,0,0,7/13/21,7/19/21,1
20180925,MA,94.05,5.95,0,0,0,0,9/25/18,10/1/18,1
20210831,MA,94,6,2.59,1,0,0,8/31/21,9/6/21,1
20210824,MA,94,6,2.59,1,0,0,8/24/21,8/30/21,1
20210817,MA,94,6,2.59,0,0,0,8/17/21,8/23/21,1
20210810,MA,94,6,2.59,0,0,0,8/10/21,8/16/21,1
20050802,MA,93.87,6.13,0,0,0,0,8/2/05,8/8/05,1
20190917,MA,93.32,6.68,0,0,0,0,9/17/19,9/23/19,1
20210608,MA,93.11,6.89,0,0,0,0,6/8/21,6/14/21,1
20210706,MA,93.04,6.96,2.3,0,0,0,7/6/21,7/12/21,1
20210615,MA,93.04,6.96,2.3,0,0,0,6/15/21,6/21/21,1
20150414,MA,92.88,7.12,0,0,0,0,4/14/15,4/20/15,1
20150407,MA,92.88,7.12,0,0,0,0,4/7/15,4/13/15,1
20201222,MA,90.85,9.15,0.01,0,0,0,12/22/20,12/28/20,1
20201215,MA,90.85,9.15,0.01,0,0,0,12/15/20,12/21/20,1
20140325,MA,90.79,9.21,0,0,0,0,3/25/14,3/31/14,1
20140318,MA,90.79,9.21,0,0,0,0,3/18/14,3/24/14,1
20140311,MA,90.79,9.21,0,0,0,0,3/11/14,3/17/14,1
20140304,MA,90.79,9.21,0,0,0,0,3/4/14,3/10/14,1
20140225,MA,90.79,9.21,0,0,0,0,2/25/14,3/3/14,1
20010814,MA,90.6,9.4,0,0,0,0,8/14/01,8/20/01,1
20050830,MA,90.29,9.71,0,0,0,0,8/30/05,9/5/05,1
20050614,MA,90.08,9.92,0,0,0,0,6/14/05,6/20/05,1
20050809,MA,89.84,10.16,0,0,0,0,8/9/05,8/15/05,1
20141202,MA,89.73,10.27,0.12,0,0,0,12/2/14,12/8/14,1
20171121,MA,89.67,10.33,0,0,0,0,11/21/17,11/27/17,1
20171114,MA,89.67,10.33,0,0,0,0,11/14/17,11/20/17,1
20171107,MA,89.67,10.33,0,0,0,0,11/7/17,11/13/17,1
20171031,MA,89.67,10.33,0,0,0,0,10/31/17,11/6/17,1
20050705,MA,88.86,11.14,0,0,0,0,7/5/05,7/11/05,1
20180828,MA,88.01,11.99,0,0,0,0,8/28/18,9/3/18,1
20190716,MA,87.9,12.1,0,0,0,0,7/16/19,7/22/19,1
20150728,MA,87.88,12.12,0,0,0,0,7/28/15,8/3/15,1
20150721,MA,87.88,12.12,0,0,0,0,7/21/15,7/27/15,1
20150714,MA,87.88,12.12,0,0,0,0,7/14/15,7/20/15,1
20120306,MA,87.87,12.13,0,0,0,0,3/6/12,3/12/12,1
20120228,MA,87.87,12.13,0,0,0,0,2/28/12,3/5/12,1
20120221,MA,87.87,12.13,0,0,0,0,2/21/12,2/27/12,1
20120214,MA,87.87,12.13,0,0,0,0,2/14/12,2/20/12,1
20220510,MA,86.48,13.52,0,0,0,0,5/10/22,5/16/22,1
20170822,MA,86.03,13.97,0,0,0,0,8/22/17,8/28/17,1
20170815,MA,86.03,13.97,0,0,0,0,8/15/17,8/21/17,1
20140617,MA,84.79,15.21,0,0,0,0,6/17/14,6/23/14,1
20140610,MA,84.79,15.21,0,0,0,0,6/10/14,6/16/14,1
20230523,MA,84.78,15.22,0,0,0,0,5/23/23,5/29/23,1
20021029,MA,84.39,15.61,0,0,0,0,10/29/02,11/4/02,1
20080108,MA,84.3,15.7,0,0,0,0,1/8/08,1/14/08,1
20080101,MA,84.3,15.7,0,0,0,0,1/1/08,1/7/08,1
20071225,MA,84.3,15.7,0,0,0,0,12/25/07,12/31/07,1
20071218,MA,84.3,15.7,0,0,0,0,12/18/07,12/24/07,1
20101102,MA,84.16,15.84,0,0,0,0,11/2/10,11/8/10,1
20101026,MA,84.16,15.84,0,0,0,0,10/26/10,11/1/10,1
20101019,MA,84.16,15.84,0,0,0,0,10/19/10,10/25/10,1
20021022,MA,83.23,16.77,0,0,0,0,10/22/02,10/28/02,1
20210629,MA,83.21,16.79,2.3,0,0,0,6/29/21,7/5/21,1
20210622,MA,83.21,16.79,2.3,0,0,0,6/22/21,6/28/21,1
20210309,MA,82.78,17.22,0,0,0,0,3/9/21,3/15/21,1
20040720,MA,82.67,17.33,0,0,0,0,7/20/04,7/26/04,1
20040713,MA,82.67,17.33,0,0,0,0,7/13/04,7/19/04,1
20141125,MA,82.57,17.43,0.12,0,0,0,11/25/14,12/1/14,1
20141118,MA,82.57,17.43,0.12,0,0,0,11/18/14,11/24/14,1
20141111,MA,82.57,17.43,0.12,0,0,0,11/11/14,11/17/14,1
20141104,MA,82.57,17.43,0.12,0,0,0,11/4/14,11/10/14,1
20230627,MA,81.54,18.46,0,0,0,0,6/27/23,7/3/23,1
20230117,MA,81.49,18.51,0,0,0,0,1/17/23,1/23/23,1
20140624,MA,81.31,18.69,0,0,0,0,6/24/14,6/30/14,1
20080722,MA,81.22,18.78,0,0,0,0,7/22/08,7/28/08,1
20080715,MA,81.22,18.78,0,0,0,0,7/15/08,7/21/08,1
20080708,MA,81.22,18.78,0,0,0,0,7/8/08,7/14/08,1
20080701,MA,81.22,18.78,0,0,0,0,7/1/08,7/7/08,1
20180918,MA,81.18,18.82,0,0,0,0,9/18/18,9/24/18,1
20180911,MA,81.18,18.82,0,0,0,0,9/11/18,9/17/18,1
20180904,MA,81.18,18.82,0,0,0,0,9/4/18,9/10/18,1
20170919,MA,80.16,19.84,0,0,0,0,9/19/17,9/25/17,1
20170912,MA,80.16,19.84,0,0,0,0,9/12/17,9/18/17,1
20170905,MA,80.16,19.84,0,0,0,0,9/5/17,9/11/17,1
20160503,MA,80.11,19.89,0,0,0,0,5/3/16,5/9/16,1
20160426,MA,80.11,19.89,0,0,0,0,4/26/16,5/2/16,1
20160419,MA,80.11,19.89,0,0,0,0,4/19/16,4/25/16,1
20160412,MA,80.11,19.89,0,0,0,0,4/12/16,4/18/16,1
20160405,MA,80.11,19.89,0,0,0,0,4/5/16,4/11/16,1
20160329,MA,80.11,19.89,0,0,0,0,3/29/16,4/4/16,1
20160322,MA,80.11,19.89,0,0,0,0,3/22/16,3/28/16,1
20180821,MA,79.89,20.11,0,0,0,0,8/21/18,8/27/18,1
20180814,MA,79.89,20.11,0,0,0,0,8/14/18,8/20/18,1
20180807,MA,79.89,20.11,0,0,0,0,8/7/18,8/13/18,1
20180731,MA,79.89,20.11,0,0,0,0,7/31/18,8/6/18,1
20230620,MA,79.56,20.44,0,0,0,0,6/20/23,6/26/23,1
20170829,MA,79.56,20.44,0,0,0,0,8/29/17,9/4/17,1
20230606,MA,79.28,20.72,0,0,0,0,6/6/23,6/12/23,1
20160315,MA,79.19,20.81,0,0,0,0,3/15/16,3/21/16,1
20160308,MA,79.19,20.81,0,0,0,0,3/8/16,3/14/16,1
20160301,MA,79.19,20.81,0,0,0,0,3/1/16,3/7/16,1
20150804,MA,79.14,20.86,0,0,0,0,8/4/15,8/10/15,1
20011016,MA,78.45,21.55,0,0,0,0,10/16/01,10/22/01,1
20050816,MA,78.34,21.66,0,0,0,0,8/16/05,8/22/05,1
20170502,MA,77.14,22.86,0.01,0,0,0,5/2/17,5/8/17,1
20050628,MA,77.13,22.87,0,0,0,0,6/28/05,7/4/05,1
20120703,MA,75.69,24.31,0,0,0,0,7/3/12,7/9/12,1
20120626,MA,75.69,24.31,0,0,0,0,6/26/12,7/2/12,1
20120619,MA,75.69,24.31,0,0,0,0,6/19/12,6/25/12,1
20120612,MA,75.69,24.31,0,0,0,0,6/12/12,6/18/12,1
20120605,MA,75.69,24.31,0,0,0,0,6/5/12,6/11/12,1
20230516,MA,75.57,24.43,0,0,0,0,5/16/23,5/22/23,1
20230509,MA,75.57,24.43,0,0,0,0,5/9/23,5/15/23,1
20070703,MA,75.45,24.55,0,0,0,0,7/3/07,7/9/07,1
20230530,MA,75.28,24.72,0,0,0,0,5/30/23,6/5/23,1
20090505,MA,74.21,25.79,0,0,0,0,5/5/09,5/11/09,1
20090428,MA,74.21,25.79,0,0,0,0,4/28/09,5/4/09,1
20200324,MA,74.1,25.9,0,0,0,0,3/24/20,3/30/20,1
20200317,MA,74.1,25.9,0,0,0,0,3/17/20,3/23/20,1
20170425,MA,73.48,26.52,0.01,0,0,0,4/25/17,5/1/17,1
20011009,MA,73.06,26.94,0,0,0,0,10/9/01,10/15/01,1
20180612,MA,72.27,27.73,0,0,0,0,6/12/18,6/18/18,1
20180605,MA,72.27,27.73,0,0,0,0,6/5/18,6/11/18,1
20090616,MA,71.61,28.39,0,0,0,0,6/16/09,6/22/09,1
20150825,MA,71.36,28.64,0,0,0,0,8/25/15,8/31/15,1
20150818,MA,71.36,28.64,0,0,0,0,8/18/15,8/24/15,1
20150811,MA,71.36,28.64,0,0,0,0,8/11/15,8/17/15,1
20140708,MA,70.93,29.07,0,0,0,0,7/8/14,7/14/14,1
20140729,MA,70.24,29.76,0,0,0,0,7/29/14,8/4/14,1
20140722,MA,70.24,29.76,0,0,0,0,7/22/14,7/28/14,1
20050823,MA,68.73,31.27,0,0,0,0,8/23/05,8/29/05,1
20140715,MA,68.71,31.29,0,0,0,0,7/15/14,7/21/14,1
20141028,MA,67.57,32.43,0.12,0,0,0,10/28/14,11/3/14,1
20140902,MA,67.29,32.71,0,0,0,0,9/2/14,9/8/14,1
20140826,MA,67.29,32.71,0,0,0,0,8/26/14,9/1/14,1
20140819,MA,67.29,32.71,0,0,0,0,8/19/14,8/25/14,1
20210316,MA,67.01,32.99,0,0,0,0,3/16/21,3/22/21,1
20140218,MA,65.73,34.27,0,0,0,0,2/18/14,2/24/14,1
20200602,MA,65.43,34.57,0,0,0,0,6/2/20,6/8/20,1
20131008,MA,64.36,35.64,0,0,0,0,10/8/13,10/14/13,1
20131001,MA,64.36,35.64,0,0,0,0,10/1/13,10/7/13,1
20140909,MA,63.28,36.72,0,0,0,0,9/9/14,9/15/14,1
20160510,MA,62.11,37.89,0,0,0,0,5/10/16,5/16/16,1
20210323,MA,61.63,38.37,0,0,0,0,3/23/21,3/29/21,1
20230110,MA,60.21,39.79,0,0,0,0,1/10/23,1/16/23,1
20050906,MA,59.78,40.22,0,0,0,0,9/6/05,9/12/05,1
20140701,MA,59.36,40.64,0,0,0,0,7/1/14,7/7/14,1
20230613,MA,59.32,40.68,0,0,0,0,6/13/23,6/19/23,1
20140916,MA,59.15,40.85,0,0,0,0,9/16/14,9/22/14,1
20120710,MA,58.01,41.99,0,0,0,0,7/10/12,7/16/12,1
20160531,MA,56.96,43.04,0,0,0,0,5/31/16,6/6/16,1
20160524,MA,56.96,43.04,0,0,0,0,5/24/16,5/30/16,1
20160517,MA,56.96,43.04,0,0,0,0,5/17/16,5/23/16,1
20040330,MA,56.44,43.56,0,0,0,0,3/30/04,4/5/04,1
20040323,MA,56.44,43.56,0,0,0,0,3/23/04,3/29/04,1
20140812,MA,55.67,44.33,0,0,0,0,8/12/14,8/18/14,1
20140805,MA,55.67,44.33,0,0,0,0,8/5/14,8/11/14,1
20090609,MA,55.34,44.66,0,0,0,0,6/9/09,6/15/09,1
20191029,MA,55.16,44.84,0,0,0,0,10/29/19,11/4/19,1
20191022,MA,55.16,44.84,0,0,0,0,10/22/19,10/28/19,1
20170926,MA,54.29,45.71,0,0,0,0,9/26/17,10/2/17,1
20140204,MA,53.65,46.35,0,0,0,0,2/4/14,2/10/14,1
20140128,MA,53.65,46.35,0,0,0,0,1/28/14,2/3/14,1
20140121,MA,53.65,46.35,0,0,0,0,1/21/14,1/27/14,1
20010508,MA,51.86,48.14,0,0,0,0,5/8/01,5/14/01,1
20220517,MA,51.72,48.28,0,0,0,0,5/17/22,5/23/22,1
20040316,MA,51.72,48.28,0,0,0,0,3/16/04,3/22/04,1
20040309,MA,51.72,48.28,0,0,0,0,3/9/04,3/15/04,1
20170418,MA,51.63,48.37,0.09,0,0,0,4/18/17,4/24/17,1
20170411,MA,51.63,48.37,0.15,0,0,0,4/11/17,4/17/17,1
20150707,MA,51.38,48.62,0,0,0,0,7/7/15,7/13/15,1
20230502,MA,49.68,50.32,0.22,0,0,0,5/2/23,5/8/23,1
20150901,MA,49.35,50.65,0.19,0,0,0,9/1/15,9/7/15,1
20080624,MA,48.93,51.07,0,0,0,0,6/24/08,6/30/08,1
20221220,MA,48.87,51.13,9.05,0,0,0,12/20/22,12/26/22,1
20230103,MA,48.83,51.17,0,0,0,0,1/3/23,1/9/23,1
20221227,MA,48.83,51.17,0,0,0,0,12/27/22,1/2/23,1
20071211,MA,48.41,51.59,14.9,0,0,0,12/11/07,12/17/07,1
20071204,MA,48.41,51.59,14.9,0,0,0,12/4/07,12/10/07,1
20071127,MA,48.41,51.59,14.9,0,0,0,11/27/07,12/3/07,1
20071120,MA,48.41,51.59,14.9,0,0,0,11/20/07,11/26/07,1
20071113,MA,48.41,51.59,14.9,0,0,0,11/13/07,11/19/07,1
20071106,MA,48.41,51.59,14.9,0,0,0,11/6/07,11/12/07,1
20210330,MA,48.34,51.66,0,0,0,0,3/30/21,4/5/21,1
20100907,MA,47.99,52.01,0,0,0,0,9/7/10,9/13/10,1
20190924,MA,47.91,52.09,0,0,0,0,9/24/19,9/30/19,1
20221122,MA,47.76,52.24,11.5,3.36,0,0,11/22/22,11/28/22,1
20140211,MA,47.74,52.26,0,0,0,0,2/11/14,2/17/14,1
20010828,MA,47.44,52.56,12.48,0,0,0,8/28/01,9/3/01,1
20230425,MA,46.76,53.24,0.22,0,0,0,4/25/23,5/1/23,1
20230418,MA,45.85,54.15,0,0,0,0,4/18/23,4/24/23,1
20130604,MA,45.66,54.34,1.46,0,0,0,6/4/13,6/10/13,1
20010821,MA,45.44,54.56,0,0,0,0,8/21/01,8/27/01,1
20131022,MA,45.11,54.89,0,0,0,0,10/22/13,10/28/13,1
20131015,MA,45.11,54.89,0,0,0,0,10/15/13,10/21/13,1
20100831,MA,45.08,54.92,0,0,0,0,8/31/10,9/6/10,1
20050927,MA,43.72,56.28,7.2,0,0,0,9/27/05,10/3/05,1
20050920,MA,43.72,56.28,0,0,0,0,9/20/05,9/26/05,1
20010904,MA,43.68,56.32,0,0,0,0,9/4/01,9/10/01,1
20020702,MA,43.22,56.78,0,0,0,0,7/2/02,7/8/02,1
20080617,MA,43.13,56.87,0,0,0,0,6/17/08,6/23/08,1
20160223,MA,43.09,56.91,20.84,0,0,0,2/23/16,2/29/16,1
20191001,MA,42.83,57.17,0,0,0,0,10/1/19,10/7/19,1
20191008,MA,42.75,57.25,0,0,0,0,10/8/19,10/14/19,1
20020625,MA,42.3,57.7,0,0,0,0,6/25/02,7/1/02,1
20101012,MA,42.23,57.77,1.7,0,0,0,10/12/10,10/18/10,1
20101005,MA,42.23,57.77,1.7,0,0,0,10/5/10,10/11/10,1
20100928,MA,42.23,57.77,27.61,0,0,0,9/28/10,10/4/10,1
20100921,MA,42.23,57.77,27.61,0,0,0,9/21/10,9/27/10,1
20100914,MA,42.23,57.77,17.41,0,0,0,9/14/10,9/20/10,1
20100601,MA,42.12,57.88,0,0,0,0,6/1/10,6/7/10,1
20221115,MA,40.9,59.1,12.37,4.84,0,0,11/15/22,11/21/22,1
20140923,MA,39.46,60.54,26.8,0,0,0,9/23/14,9/29/14,1
20221108,MA,39.15,60.85,14.17,4.84,0,0,11/8/22,11/14/22,1
20221101,MA,39.15,60.85,14.17,4.84,0,0,11/1/22,11/7/22,1
20100727,MA,38.83,61.17,0,0,0,0,7/27/10,8/2/10,1
20160607,MA,38.77,61.23,13.52,0,0,0,6/7/16,6/13/16,1
20221025,MA,38.64,61.36,16.92,4.84,0,0,10/25/22,10/31/22,1
20021015,MA,37.26,62.74,0,0,0,0,10/15/02,10/21/02,1
20221213,MA,36.65,63.35,9.05,3.36,0,0,12/13/22,12/19/22,1
20180724,MA,35.73,64.27,0,0,0,0,7/24/18,7/30/18,1
20150915,MA,34.89,65.11,0.23,0,0,0,9/15/15,9/21/15,1
20150908,MA,34.89,65.11,0.19,0,0,0,9/8/15,9/14/15,1
20071030,MA,34.77,65.23,36.67,0,0,0,10/30/07,11/5/07,1
20160216,MA,34.67,65.33,20.84,0,0,0,2/16/16,2/22/16,1
20160209,MA,34.67,65.33,20.84,0,0,0,2/9/16,2/15/16,1
20160202,MA,34.67,65.33,20.84,0,0,0,2/2/16,2/8/16,1
20160126,MA,34.53,65.47,20.84,0,0,0,1/26/16,2/1/16,1
20120313,MA,34.41,65.59,0,0,0,0,3/13/12,3/19/12,1
20220524,MA,34.01,65.99,22.65,0,0,0,5/24/22,5/30/22,1
20020618,MA,33.91,66.09,0,0,0,0,6/18/02,6/24/02,1
20141007,MA,33.15,66.85,26.53,0,0,0,10/7/14,10/13/14,1
20140930,MA,33.15,66.85,26.53,0,0,0,9/30/14,10/6/14,1
20170404,MA,32.78,67.22,16.81,0,0,0,4/4/17,4/10/17,1
20060425,MA,32.29,67.71,0,0,0,0,4/25/06,5/1/06,1
20210504,MA,31.05,68.95,0.03,0,0,0,5/4/21,5/10/21,1
20080610,MA,30.92,69.08,0,0,0,0,6/10/08,6/16/08,1
20060509,MA,30.91,69.09,0,0,0,0,5/9/06,5/15/06,1
20060502,MA,30.91,69.09,0,0,0,0,5/2/06,5/8/06,1
20051004,MA,30.85,69.15,9.62,0,0,0,10/4/05,10/10/05,1
20070918,MA,30.83,69.17,0,0,0,0,9/18/07,9/24/07,1
20221206,MA,30.12,69.88,13.34,3.36,0,0,12/6/22,12/12/22,1
20221129,MA,30.12,69.88,13.34,3.36,0,0,11/29/22,12/5/22,1
20130430,MA,29.46,70.54,0,0,0,0,4/30/13,5/6/13,1
20150505,MA,29.11,70.89,0,0,0,0,5/5/15,5/11/15,1
20100810,MA,29.11,70.89,0,0,0,0,8/10/10,8/16/10,1
20100803,MA,29.11,70.89,0,0,0,0,8/3/10,8/9/10,1
20151208,MA,29,71,23.81,0,0,0,12/8/15,12/14/15,1
20151201,MA,29,71,23.81,0,0,0,12/1/15,12/7/15,1
20151124,MA,29,71,23.81,0,0,0,11/24/15,11/30/15,1
20131105,MA,28.87,71.13,44.22,0,0,0,11/5/13,11/11/13,1
20200630,MA,28.85,71.15,55.32,0,0,0,6/30/20,7/6/20,1
20131029,MA,28.58,71.42,44.22,0,0,0,10/29/13,11/4/13,1
20070828,MA,27.77,72.23,0,0,0,0,8/28/07,9/3/07,1
20100720,MA,27.28,72.72,0,0,0,0,7/20/10,7/26/10,1
20180703,MA,26.34,73.66,1.56,0,0,0,7/3/18,7/9/18,1
20180626,MA,26.34,73.66,1.56,0,0,0,6/26/18,7/2/18,1
20180619,MA,26.34,73.66,0,0,0,0,6/19/18,6/25/18,1
20220531,MA,26.14,73.86,29.72,0,0,0,5/31/22,6/6/22,1
20200609,MA,26.07,73.93,0,0,0,0,6/9/20,6/15/20,1
20010911,MA,24.7,75.3,27.15,0,0,0,9/11/01,9/17/01,1
20010925,MA,24.65,75.35,7.85,0,0,0,9/25/01,10/1/01,1
20201208,MA,24.57,75.43,0.01,0,0,0,12/8/20,12/14/20,1
20210406,MA,24.24,75.76,0,0,0,0,4/6/21,4/12/21,1
20020924,MA,22.76,77.24,0,0,0,0,9/24/02,9/30/02,1
20160105,MA,22.56,77.44,26.6,0,0,0,1/5/16,1/11/16,1
20151229,MA,22.56,77.44,26.6,0,0,0,12/29/15,1/4/16,1
20151222,MA,22.56,77.44,26.6,0,0,0,12/22/15,12/28/15,1
20151215,MA,22.56,77.44,23.81,0,0,0,12/15/15,12/21/15,1
20151117,MA,22.56,77.44,23.81,0,0,0,11/17/15,11/23/15,1
20151110,MA,22.56,77.44,23.81,0,0,0,11/10/15,11/16/15,1
20151103,MA,22.56,77.44,23.81,0,0,0,11/3/15,11/9/15,1
20151027,MA,22.56,77.44,23.81,0,0,0,10/27/15,11/2/15,1
20151020,MA,22.56,77.44,13.95,0,0,0,10/20/15,10/26/15,1
20151013,MA,22.56,77.44,13.95,0,0,0,10/13/15,10/19/15,1
20151006,MA,22.56,77.44,13.95,0,0,0,10/6/15,10/12/15,1
20160119,MA,22,78,26.6,0,0,0,1/19/16,1/25/16,1
20160112,MA,22,78,26.6,0,0,0,1/12/16,1/18/16,1
20010918,MA,21.69,78.31,27.15,0,0,0,9/18/01,9/24/01,1
20200623,MA,21.24,78.76,55.32,0,0,0,6/23/20,6/29/20,1
20200616,MA,21.24,78.76,0,0,0,0,6/16/20,6/22/20,1
20070911,MA,21.09,78.91,17.18,0,0,0,9/11/07,9/17/07,1
20130528,MA,20.29,79.71,1.46,0,0,0,5/28/13,6/3/13,1
20160614,MA,20.02,79.98,13.52,0,0,0,6/14/16,6/20/16,1
20070925,MA,19.48,80.52,10.1,0,0,0,9/25/07,10/1/07,1
20060418,MA,18.84,81.16,0,0,0,0,4/18/06,4/24/06,1
20060411,MA,18.84,81.16,0,0,0,0,4/11/06,4/17/06,1
20020604,MA,18.18,81.82,0,0,0,0,6/4/02,6/10/02,1
20020611,MA,16.93,83.07,0,0,0,0,6/11/02,6/17/02,1
20200707,MA,16.55,83.45,48.77,0,0,0,7/7/20,7/13/20,1
20220614,MA,15.66,84.34,24.64,0,0,0,6/14/22,6/20/22,1
20220607,MA,15.66,84.34,29.72,0,0,0,6/7/22,6/13/22,1
20191015,MA,14.72,85.28,0,0,0,0,10/15/19,10/21/19,1
20150922,MA,14.66,85.34,2.16,0,0,0,9/22/15,9/28/15,1
20180717,MA,14.57,85.43,36.48,0,0,0,7/17/18,7/23/18,1
20180710,MA,14.57,85.43,1.56,0,0,0,7/10/18,7/16/18,1
20200721,MA,14.31,85.69,48.1,0,0,0,7/21/20,7/27/20,1
20200714,MA,14.31,85.69,48.1,0,0,0,7/14/20,7/20/20,1
20071002,MA,14.01,85.99,10.1,0,0,0,10/2/07,10/8/07,1
20150929,MA,13.02,86.98,30.68,0,0,0,9/29/15,10/5/15,1
20221018,MA,12.27,87.73,41.32,6.53,0,0,10/18/22,10/24/22,1
20130514,MA,12.03,87.97,45.36,0,0,0,5/14/13,5/20/13,1
20130507,MA,12.02,87.98,45.36,0,0,0,5/7/13,5/13/13,1
20060404,MA,11.4,88.6,0,0,0,0,4/4/06,4/10/06,1
20120320,MA,11.17,88.83,18.23,0,0,0,3/20/12,3/26/12,1
20131112,MA,10.64,89.36,56.21,0,0,0,11/12/13,11/18/13,1
20201117,MA,10.36,89.64,62.32,16.19,0,0,11/17/20,11/23/20,1
20201124,MA,10.36,89.64,49.26,11.79,0,0,11/24/20,11/30/20,1
20201201,MA,10.36,89.64,14.02,0,0,0,12/1/20,12/7/20,1
20140114,MA,9.89,90.11,24.46,0,0,0,1/14/14,1/20/14,1
20171017,MA,9.35,90.65,32.09,0,0,0,10/17/17,10/23/17,1
20171010,MA,9.35,90.65,0,0,0,0,10/10/17,10/16/17,1
20171003,MA,9.35,90.65,0,0,0,0,10/3/17,10/9/17,1
20020528,MA,9.23,90.77,0,0,0,0,5/28/02,6/3/02,1
20201110,MA,8.91,91.09,62.37,16.19,0,0,11/10/20,11/16/20,1
20201103,MA,8.91,91.09,62.37,16.19,0,0,11/3/20,11/9/20,1
20120529,MA,8.25,91.75,24.39,0,0,0,5/29/12,6/4/12,1
20120522,MA,8.25,91.75,25.66,0,0,0,5/22/12,5/28/12,1
20120515,MA,7.58,92.42,55.47,0,0,0,5/15/12,5/21/12,1
20070904,MA,7.41,92.59,17.18,0,0,0,9/4/07,9/10/07,1
20171024,MA,7.33,92.67,46.12,0,0,0,10/24/17,10/30/17,1
20210413,MA,7.26,92.74,20.29,0,0,0,4/13/21,4/19/21,1
20210427,MA,6.9,93.1,20.29,0,0,0,4/27/21,5/3/21,1
20210420,MA,6.9,93.1,20.29,0,0,0,4/20/21,4/26/21,1
20120327,MA,6.78,93.22,33.9,0,0,0,3/27/12,4/2/12,1
20220621,MA,6.7,93.3,24.64,0,0,0,6/21/22,6/27/22,1
20160621,MA,6.26,93.74,25.59,0,0,0,6/21/16,6/27/16,1
20100824,MA,5.76,94.24,0,0,0,0,8/24/10,8/30/10,1
20130521,MA,5.59,94.41,45.36,0,0,0,5/21/13,5/27/13,1
20020521,MA,5.11,94.89,0,0,0,0,5/21/02,5/27/02,1
20131210,MA,4.1,95.9,60.11,0,0,0,12/10/13,12/16/13,1
20131203,MA,4.1,95.9,60.11,0,0,0,12/3/13,12/9/13,1
20160628,MA,3.53,96.47,39.12,0,0,0,6/28/16,7/4/16,1
20071023,MA,3.53,96.47,70.56,0,0,0,10/23/07,10/29/07,1
20071016,MA,3.53,96.47,70.56,0,0,0,10/16/07,10/22/07,1
20220628,MA,3.32,96.68,74.62,0,0,0,6/28/22,7/4/22,1
20020716,MA,2.38,97.62,0,0,0,0,7/16/02,7/22/02,1
20220705,MA,1.99,98.01,75.66,0,0,0,7/5/22,7/11/22,1
20120717,MA,1.94,98.06,28.87,0,0,0,7/17/12,7/23/12,1
20060328,MA,1.7,98.3,0,0,0,0,3/28/06,4/3/06,1
20060321,MA,1.7,98.3,0,0,0,0,3/21/06,3/27/06,1
20120918,MA,1.68,98.32,0,0,0,0,9/18/12,9/24/12,1
20120828,MA,1.43,98.57,19.24,0,0,0,8/28/12,9/3/12,1
20120911,MA,1.37,98.63,0,0,0,0,9/11/12,9/17/12,1
20120904,MA,1.37,98.63,0,0,0,0,9/4/12,9/10/12,1
20170328,MA,1.24,98.76,67.21,14.88,0,0,3/28/17,4/3/17,1
20170321,MA,1.24,98.76,67.21,14.88,0,0,3/21/17,3/27/17,1
20120821,MA,1.15,98.85,19.24,0,0,0,8/21/12,8/27/12,1
20021001,MA,1.12,98.88,0,0,0,0,10/1/02,10/7/02,1
20200915,MA,0.77,99.23,86.85,36.75,6.78,0,9/15/20,9/21/20,1
20200908,MA,0.77,99.23,86.85,35.02,0,0,9/8/20,9/14/20,1
20200901,MA,0.77,99.23,86.85,35.02,0,0,9/1/20,9/7/20,1
20161025,MA,0.59,99.41,98.22,85.94,37.98,0,10/25/16,10/31/16,1
20161213,MA,0.59,99.41,98.43,79.32,41.7,0,12/13/16,12/19/16,1
20170103,MA,0.59,99.41,98.28,69.51,8.68,0,1/3/17,1/9/17,1
20161227,MA,0.59,99.41,98.28,69.51,36.41,0,12/27/16,1/2/17,1
20161220,MA,0.59,99.41,98.28,69.51,36.41,0,12/20/16,12/26/16,1
20170117,MA,0.59,99.41,98.28,67.99,8.68,0,1/17/17,1/23/17,1
20170110,MA,0.59,99.41,98.28,67.99,8.68,0,1/10/17,1/16/17,1
20161129,MA,0.59,99.41,98.22,64.83,41.7,0,11/29/16,12/5/16,1
20160816,MA,0.59,99.41,91.81,64.39,16.79,0,8/16/16,8/22/16,1
20161122,MA,0.59,99.41,98.22,63.84,41.7,0,11/22/16,11/28/16,1
20161115,MA,0.59,99.41,98.22,63.84,41.7,0,11/15/16,11/21/16,1
20161108,MA,0.59,99.41,98.22,63.84,29.1,0,11/8/16,11/14/16,1
20161101,MA,0.59,99.41,98.22,63.84,29.1,0,11/1/16,11/7/16,1
20160809,MA,0.59,99.41,91.81,62.06,3.7,0,8/9/16,8/15/16,1
20160802,MA,0.59,99.41,91.81,62.06,0,0,8/2/16,8/8/16,1
20160726,MA,0.59,99.41,74.52,39.97,0,0,7/26/16,8/1/16,1
20170314,MA,0.59,99.41,97.36,37.47,0,0,3/14/17,3/20/17,1
20170307,MA,0.59,99.41,97.36,37.47,0,0,3/7/17,3/13/17,1
20170228,MA,0.59,99.41,97.36,37.47,0.01,0,2/28/17,3/6/17,1
20170221,MA,0.59,99.41,97.36,37.47,0.01,0,2/21/17,2/27/17,1
20170214,MA,0.59,99.41,97.36,37.47,0.01,0,2/14/17,2/20/17,1
20170207,MA,0.59,99.41,98.28,37.47,0.01,0,2/7/17,2/13/17,1
20170131,MA,0.59,99.41,98.28,37.47,3.79,0,1/31/17,2/6/17,1
20170124,MA,0.59,99.41,98.28,37.47,8.68,0,1/24/17,1/30/17,1
20160719,MA,0.59,99.41,74.52,33.97,0,0,7/19/16,7/25/16,1
20160712,MA,0.59,99.41,61.69,33.97,0,0,7/12/16,7/18/16,1
20160705,MA,0.59,99.41,55.3,29.88,0,0,7/5/16,7/11/16,1
20200922,MA,0.39,99.61,92.04,57.57,10.23,0,9/22/20,9/28/20,1
20120814,MA,0.11,99.89,52.45,0,0,0,8/14/12,8/20/12,1
20120807,MA,0.1,99.9,52.45,0,0,0,8/7/12,8/13/12,1
20120731,MA,0.1,99.9,52.45,0,0,0,7/31/12,8/6/12,1
20120724,MA,0.1,99.9,52.45,0,0,0,7/24/12,7/30/12,1
20131126,MA,0.08,99.92,60.11,0,0,0,11/26/13,12/2/13,1
20131119,MA,0.08,99.92,60.11,0,0,0,11/19/13,11/25/13,1
20220712,MA,0.07,99.93,80.92,21.25,0,0,7/12/22,7/18/22,1
20020709,MA,0.06,99.94,0,0,0,0,7/9/02,7/15/02,1
20220719,MA,0.03,99.97,94.34,26.47,0,0,7/19/22,7/25/22,1
20141021,MA,0.01,99.99,26.28,0,0,0,10/21/14,10/27/14,1
20141014,MA,0.01,99.99,26.28,0,0,0,10/14/14,10/20/14,1
20140107,MA,0.01,99.99,53.7,0,0,0,1/7/14,1/13/14,1
20020319,MA,0,100,100,99.69,0,0,3/19/02,3/25/02,1
20020305,MA,0,100,100,99.36,0,0,3/5/02,3/11/02,1
20020326,MA,0,100,100,99.3,0,0,3/26/02,4/1/02,1
20020226,MA,0,100,100,99.27,0,0,2/26/02,3/4/02,1
20020312,MA,0,100,100,97.25,0,0,3/12/02,3/18/02,1
20220823,MA,0,100,100,96.08,39.48,0,8/23/22,8/29/22,1
20220816,MA,0,100,100,94.49,39.48,0,8/16/22,8/22/22,1
20220830,MA,0,100,100,93.98,38.35,0,8/30/22,9/5/22,1
20161004,MA,0,100,98.13,89.96,52.23,0,10/4/16,10/10/16,1
20160927,MA,0,100,98.13,89.96,52.23,0,9/27/16,10/3/16,1
20160920,MA,0,100,98.13,89.96,52.23,0,9/20/16,9/26/16,1
20160913,MA,0,100,98.13,89.96,52.23,0,9/13/16,9/19/16,1
20161018,MA,0,100,98.22,87.45,37.98,0,10/18/16,10/24/16,1
20220906,MA,0,100,100,86.02,8.69,0,9/6/22,9/12/22,1
20220913,MA,0,100,100,85.71,8.69,0,9/13/22,9/19/22,1
20161011,MA,0,100,98.22,84.08,37.98,0,10/11/16,10/17/16,1
20201013,MA,0,100,90.12,83.01,36.15,0,10/13/20,10/19/20,1
20201006,MA,0,100,90.12,83.01,36.15,0,10/6/20,10/12/20,1
20200929,MA,0,100,95.92,83.01,28.36,0,9/29/20,10/5/20,1
20160906,MA,0,100,94.44,77.42,22.66,0,9/6/16,9/12/16,1
20160830,MA,0,100,91.14,77.42,22.66,0,8/30/16,9/5/16,1
20160823,MA,0,100,91.14,72.53,16.79,0,8/23/16,8/29/16,1
20220920,MA,0,100,100,71.91,6.77,0,9/20/22,9/26/22,1
20161206,MA,0,100,98.43,64.83,41.7,0,12/6/16,12/12/16,1
20220802,MA,0,100,95.23,57.21,0,0,8/2/22,8/8/22,1
20220809,MA,0,100,95.23,55.58,24.5,0,8/9/22,8/15/22,1
20120417,MA,0,100,95.93,51.49,0,0,4/17/12,4/23/12,1
20120410,MA,0,100,95.93,51.49,0,0,4/10/12,4/16/12,1
20020409,MA,0,100,100,49.6,0,0,4/9/02,4/15/02,1
20020402,MA,0,100,100,48.7,0,0,4/2/02,4/8/02,1
20020416,MA,0,100,98.75,44.96,0,0,4/16/02,4/22/02,1
20020212,MA,0,100,100,44.77,0,0,2/12/02,2/18/02,1
20220726,MA,0,100,93.75,43.78,0,0,7/26/22,8/1/22,1
20020219,MA,0,100,100,42.82,0,0,2/19/02,2/25/02,1
20221004,MA,0,100,92.02,39.32,3.51,0,10/4/22,10/10/22,1
20220927,MA,0,100,94.26,39.32,3.51,0,9/27/22,10/3/22,1
20020423,MA,0,100,99.98,39.32,0,0,4/23/02,4/29/02,1
20020430,MA,0,100,100,37.56,0,0,4/30/02,5/6/02,1
20020507,MA,0,100,96.89,37.39,0,0,5/7/02,5/13/02,1
20020205,MA,0,100,100,36.94,0,0,2/5/02,2/11/02,1
20020108,MA,0,100,100,36.27,0,0,1/8/02,1/14/02,1
20201027,MA,0,100,90.12,36.07,16.18,0,10/27/20,11/2/20,1
20201020,MA,0,100,90.12,36.07,16.18,0,10/20/20,10/26/20,1
20120508,MA,0,100,84.2,32.1,0,0,5/8/12,5/14/12,1
20120501,MA,0,100,84.2,32.1,0,0,5/1/12,5/7/12,1
20120424,MA,0,100,84.2,32.1,0,0,4/24/12,4/30/12,1
20020122,MA,0,100,89.69,29.81,0,0,1/22/02,1/28/02,1
20221011,MA,0,100,87.77,27.76,3.51,0,10/11/22,10/17/22,1
20020129,MA,0,100,87.01,26.53,0,0,1/29/02,2/4/02,1
20200825,MA,0,100,94.5,26.38,0,0,8/25/20,8/31/20,1
20200818,MA,0,100,84.05,25.05,0,0,8/18/20,8/24/20,1
20020115,MA,0,100,100,24.97,0,0,1/15/02,1/21/02,1
20011218,MA,0,100,100,20.35,0,0,12/18/01,12/24/01,1
20011211,MA,0,100,100,3.79,0,0,12/11/01,12/17/01,1
20011204,MA,0,100,100,3.79,0,0,12/4/01,12/10/01,1
20011127,MA,0,100,100,3.79,0,0,11/27/01,12/3/01,1
20011120,MA,0,100,100,3.79,0,0,11/20/01,11/26/01,1
20011113,MA,0,100,65.35,3.79,0,0,11/13/01,11/19/01,1
20011106,MA,0,100,65.35,3.79,0,0,11/6/01,11/12/01,1
20020101,MA,0,100,100,3.02,0,0,1/1/02,1/7/02,1
20020514,MA,0,100,44.75,2.17,0,0,5/14/02,5/20/02,1
20200811,MA,0,100,65.22,0,0,0,8/11/20,8/17/20,1
20200804,MA,0,100,53.35,0,0,0,8/4/20,8/10/20,1
20200728,MA,0,100,55.22,0,0,0,7/28/20,8/3/20,1
20150630,MA,0,100,10.97,0,0,0,6/30/15,7/6/15,1
20150623,MA,0,100,58.28,0,0,0,6/23/15,6/29/15,1
20150616,MA,0,100,71.82,0,0,0,6/16/15,6/22/15,1
20150609,MA,0,100,71.82,0,0,0,6/9/15,6/15/15,1
20150602,MA,0,100,71.82,0,0,0,6/2/15,6/8/15,1
20150526,MA,0,100,100,0,0,0,5/26/15,6/1/15,1
20150519,MA,0,100,100,0,0,0,5/19/15,5/25/15,1
20150512,MA,0,100,0,0,0,0,5/12/15,5/18/15,1
20131231,MA,0,100,53.7,0,0,0,12/31/13,1/6/14,1
20131224,MA,0,100,60.11,0,0,0,12/24/13,12/30/13,1
20131217,MA,0,100,60.11,0,0,0,12/17/13,12/23/13,1
20120403,MA,0,100,87.06,0,0,0,4/3/12,4/9/12,1
20100817,MA,0,100,20.02,0,0,0,8/17/10,8/23/10,1
20071009,MA,0,100,70.56,0,0,0,10/9/07,10/15/07,1
20050913,MA,0,100,0,0,0,0,9/13/05,9/19/05,1
20021008,MA,0,100,0,0,0,0,10/8/02,10/14/02,1
20020917,MA,0,100,0,0,0,0,9/17/02,9/23/02,1
20020910,MA,0,100,62.27,0,0,0,9/10/02,9/16/02,1
20020903,MA,0,100,58.12,0,0,0,9/3/02,9/9/02,1
20020827,MA,0,100,68.18,0,0,0,8/27/02,9/2/02,1
20020820,MA,0,100,65.46,0,0,0,8/20/02,8/26/02,1
20020813,MA,0,100,62.9,0,0,0,8/13/02,8/19/02,1
20020806,MA,0,100,42.58,0,0,0,8/6/02,8/12/02,1
20020730,MA,0,100,0.09,0,0,0,7/30/02,8/5/02,1
20020723,MA,0,100,2.26,0,0,0,7/23/02,7/29/02,1
20011225,MA,0,100,100,0,0,0,12/25/01,12/31/01,1
20011030,MA,0,100,4.16,0,0,0,10/30/01,11/5/01,1
20011023,MA,0,100,0,0,0,0,10/23/01,10/29/01,1
20010529,MA,0,100,0,0,0,0,5/29/01,6/4/01,1
20010522,MA,0,100,86.29,0,0,0,5/22/01,5/28/01,1
20010515,MA,0,100,0,0,0,0,5/15/01,5/21/01,1